date,equity
2007-10-19,5028759.525261675
2007-10-22,5057417.1656282125
2007-10-23,5087599.91773653
2007-10-24,5071248.21949709
2007-10-25,5057034.605304166
2007-10-26,5115375.099832999
2007-10-29,5125181.509019166
2007-10-30,5113761.703783333
2007-10-31,5160838.693290709
2007-11-01,5060236.139549409
2007-11-02,5062376.726256575
2007-11-05,5030360.634200422
2007-11-06,5072312.315147858
2007-11-07,4973680.055176363
2007-11-08,4995444.289512675
2007-11-09,4966541.283797892
2007-11-12,4966541.283797892
2007-11-13,4966541.283797892
2007-11-14,4966541.283797892
2007-11-15,4966541.283797892
2007-11-16,4966541.283797892
2007-11-19,4966541.283797892
2007-11-20,4966541.283797892
2007-11-21,4966541.283797892
2007-11-23,4966541.283797892
2007-11-26,4966541.283797892
2007-11-27,4966541.283797892
2007-11-28,4966541.283797892
2007-11-29,4966541.283797892
2007-11-30,4966541.283797892
2007-12-03,4966541.283797892
2007-12-04,4966541.283797892
2007-12-05,4966541.283797892
2007-12-06,4966541.283797892
2007-12-07,4966541.283797892
2007-12-10,4966541.283797892
2007-12-11,4966541.283797892
2007-12-12,4966541.283797892
2007-12-13,4966541.283797892
2007-12-14,4966541.283797892
2007-12-17,4966541.283797892
2007-12-18,4966541.283797892
2007-12-19,4966541.283797892
2007-12-20,4966541.283797892
2007-12-21,4966541.283797892
2007-12-24,4966541.283797892
2007-12-26,4966541.283797892
2007-12-27,4966541.283797892
2007-12-28,4966541.283797892
2007-12-31,4966541.283797892
2008-01-02,4966541.283797892
2008-01-03,4966541.283797892
2008-01-04,4966541.283797892
2008-01-07,4966541.283797892
2008-01-08,4966541.283797892
2008-01-09,4966541.283797892
2008-01-10,4966541.283797892
2008-01-11,4966541.283797892
2008-01-14,4966541.283797892
2008-01-15,4966541.283797892
2008-01-16,4966541.283797892
2008-01-17,4966541.283797892
2008-01-18,4966541.283797892
2008-01-22,4966541.283797892
2008-01-23,4966541.283797892
2008-01-24,4966541.283797892
2008-01-25,4966541.283797892
2008-01-28,4966541.283797892
2008-01-29,4966541.283797892
2008-01-30,4966541.283797892
2008-01-31,4966541.283797892
2008-02-01,4966541.283797892
2008-02-04,4966541.283797892
2008-02-05,4966541.283797892
2008-02-06,4966541.283797892
2008-02-07,4966541.283797892
2008-02-08,4966541.283797892
2008-02-11,4966541.283797892
2008-02-12,4966541.283797892
2008-02-13,4966541.283797892
2008-02-14,4966541.283797892
2008-02-15,4966541.283797892
2008-02-19,4966541.283797892
2008-02-20,4966541.283797892
2008-02-21,4966541.283797892
2008-02-22,4966541.283797892
2008-02-25,4966541.283797892
2008-02-26,4966541.283797892
2008-02-27,4966541.283797892
2008-02-28,4966541.283797892
2008-02-29,4966541.283797892
2008-03-03,4966541.283797892
2008-03-04,4966541.283797892
2008-03-05,4966541.283797892
2008-03-06,4966541.283797892
2008-03-07,4966541.283797892
2008-03-10,4966541.283797892
2008-03-11,4966541.283797892
2008-03-12,4966541.283797892
2008-03-13,4966541.283797892
2008-03-14,4966541.283797892
2008-03-17,4966541.283797892
2008-03-18,4966541.283797892
2008-03-19,4966541.283797892
2008-03-20,4966541.283797892
2008-03-24,4966541.283797892
2008-03-25,4966541.283797892
2008-03-26,4966541.283797892
2008-03-27,4966541.283797892
2008-03-28,4966541.283797892
2008-03-31,4966541.283797892
2008-04-01,4966541.283797892
2008-04-02,4966541.283797892
2008-04-03,4966541.283797892
2008-04-04,4966541.283797892
2008-04-07,4966541.283797892
2008-04-08,4966541.283797892
2008-04-09,4966541.283797892
2008-04-10,4966541.283797892
2008-04-11,4966541.283797892
2008-04-14,4966541.283797892
2008-04-15,4966541.283797892
2008-04-16,4966541.283797892
2008-04-17,4966541.283797892
2008-04-18,4966541.283797892
2008-04-21,4966541.283797892
2008-04-22,4966541.283797892
2008-04-23,4966541.283797892
2008-04-24,4966541.283797892
2008-04-25,4966541.283797892
2008-04-28,4966541.283797892
2008-04-29,4966541.283797892
2008-04-30,4966541.283797892
2008-05-01,4966541.283797892
2008-05-02,4966541.283797892
2008-05-05,4966541.283797892
2008-05-06,4966541.283797892
2008-05-07,4966541.283797892
2008-05-08,4966541.283797892
2008-05-09,4966541.283797892
2008-05-12,4966541.283797892
2008-05-13,4966541.283797892
2008-05-14,4966541.283797892
2008-05-15,4966541.283797892
2008-05-16,4966541.283797892
2008-05-19,4966541.283797892
2008-05-20,4966541.283797892
2008-05-21,4966541.283797892
2008-05-22,4966541.283797892
2008-05-23,4966541.283797892
2008-05-27,4966541.283797892
2008-05-28,4966541.283797892
2008-05-29,4966541.283797892
2008-05-30,4966541.283797892
2008-06-02,4966541.283797892
2008-06-03,4966541.283797892
2008-06-04,4966541.283797892
2008-06-05,4966541.283797892
2008-06-06,4966541.283797892
2008-06-09,4966541.283797892
2008-06-10,4966541.283797892
2008-06-11,4966541.283797892
2008-06-12,4966541.283797892
2008-06-13,4966541.283797892
2008-06-16,4966541.283797892
2008-06-17,4966541.283797892
2008-06-18,4966541.283797892
2008-06-19,4966541.283797892
2008-06-20,4966541.283797892
2008-06-23,4966541.283797892
2008-06-24,4966541.283797892
2008-06-25,4966541.283797892
2008-06-26,4966541.283797892
2008-06-27,4966541.283797892
2008-06-30,4966541.283797892
2008-07-01,4966541.283797892
2008-07-02,4966541.283797892
2008-07-03,4966541.283797892
2008-07-07,4966541.283797892
2008-07-08,4966541.283797892
2008-07-09,4966541.283797892
2008-07-10,4966541.283797892
2008-07-11,4966541.283797892
2008-07-14,4966541.283797892
2008-07-15,4966541.283797892
2008-07-16,4966541.283797892
2008-07-17,4966541.283797892
2008-07-18,4966541.283797892
2008-07-21,4966541.283797892
2008-07-22,4966541.283797892
2008-07-23,4966541.283797892
2008-07-24,4966541.283797892
2008-07-25,4966541.283797892
2008-07-28,4966541.283797892
2008-07-29,4966541.283797892
2008-07-30,4966541.283797892
2008-07-31,4966541.283797892
2008-08-01,4966541.283797892
2008-08-04,4966541.283797892
2008-08-05,4966541.283797892
2008-08-06,4966541.283797892
2008-08-07,4966541.283797892
2008-08-08,4966541.283797892
2008-08-11,4966541.283797892
2008-08-12,4966541.283797892
2008-08-13,4966541.283797892
2008-08-14,4966541.283797892
2008-08-15,4966541.283797892
2008-08-18,4966541.283797892
2008-08-19,4966541.283797892
2008-08-20,4966541.283797892
2008-08-21,4966541.283797892
2008-08-22,4966541.283797892
2008-08-25,4966541.283797892
2008-08-26,4966541.283797892
2008-08-27,4966541.283797892
2008-08-28,4966541.283797892
2008-08-29,4965900.474483266
2008-09-02,4965988.628606672
2008-09-03,4965180.005716028
2008-09-04,4962521.479712132
2008-09-05,4962646.887004229
2008-09-08,4964476.794103127
2008-09-09,4962581.062114737
2008-09-10,4963519.126513177
2008-09-11,4964141.141041709
2008-09-12,4964453.664178696
2008-09-15,4961968.443183385
2008-09-16,4963143.047252069
2008-09-17,4960438.600690805
2008-09-18,4962162.859043438
2008-09-19,4964575.105938759
2008-09-22,4962379.316300572
2008-09-23,4961554.222701439
2008-09-24,4961119.881751249
2008-09-25,4962053.1002159
2008-09-26,4962598.878515001
2008-09-29,4962598.878515001
2008-09-30,4962598.878515001
2008-10-01,4962598.878515001
2008-10-02,4962598.878515001
2008-10-03,4962598.878515001
2008-10-06,4962598.878515001
2008-10-07,4962598.878515001
2008-10-08,4962598.878515001
2008-10-09,4962598.878515001
2008-10-10,4962598.878515001
2008-10-13,4962598.878515001
2008-10-14,4962598.878515001
2008-10-15,4962598.878515001
2008-10-16,4962598.878515001
2008-10-17,4962598.878515001
2008-10-20,4962598.878515001
2008-10-21,4962598.878515001
2008-10-22,4962598.878515001
2008-10-23,4962598.878515001
2008-10-24,4962598.878515001
2008-10-27,4962598.878515001
2008-10-28,4962598.878515001
2008-10-29,4962598.878515001
2008-10-30,4962598.878515001
2008-10-31,4962598.878515001
2008-11-03,4962598.878515001
2008-11-04,4962598.878515001
2008-11-05,4962598.878515001
2008-11-06,4962598.878515001
2008-11-07,4962598.878515001
2008-11-10,4962598.878515001
2008-11-11,4962598.878515001
2008-11-12,4962598.878515001
2008-11-13,4962598.878515001
2008-11-14,4962598.878515001
2008-11-17,4962598.878515001
2008-11-18,4962598.878515001
2008-11-19,4962598.878515001
2008-11-20,4962598.878515001
2008-11-21,4962598.878515001
2008-11-24,4962598.878515001
2008-11-25,4962598.878515001
2008-11-26,4962598.878515001
2008-11-28,4962598.878515001
2008-12-01,4962598.878515001
2008-12-02,4962598.878515001
2008-12-03,4962598.878515001
2008-12-04,4962598.878515001
2008-12-05,4962598.878515001
2008-12-08,4962598.878515001
2008-12-09,4962598.878515001
2008-12-10,4962598.878515001
2008-12-11,4962598.878515001
2008-12-12,4962598.878515001
2008-12-15,4962598.878515001
2008-12-16,4962598.878515001
2008-12-17,4962598.878515001
2008-12-18,4962598.878515001
2008-12-19,4962598.878515001
2008-12-22,4962598.878515001
2008-12-23,4962598.878515001
2008-12-24,4962598.878515001
2008-12-26,4962598.878515001
2008-12-29,4962598.878515001
2008-12-30,4962598.878515001
2008-12-31,4962598.878515001
2009-01-02,4962598.878515001
2009-01-05,4962598.878515001
2009-01-06,4962598.878515001
2009-01-07,4962598.878515001
2009-01-08,4962598.878515001
2009-01-09,4962598.878515001
2009-01-12,4962598.878515001
2009-01-13,4962598.878515001
2009-01-14,4962598.878515001
2009-01-15,4962598.878515001
2009-01-16,4962598.878515001
2009-01-20,4962598.878515001
2009-01-21,4962598.878515001
2009-01-22,4962598.878515001
2009-01-23,4962598.878515001
2009-01-26,4962598.878515001
2009-01-27,4962598.878515001
2009-01-28,4962598.878515001
2009-01-29,4962598.878515001
2009-01-30,4962598.878515001
2009-02-02,4962598.878515001
2009-02-03,4962598.878515001
2009-02-04,4962598.878515001
2009-02-05,4962598.878515001
2009-02-06,4962598.878515001
2009-02-09,4962598.878515001
2009-02-10,4962598.878515001
2009-02-11,4962598.878515001
2009-02-12,4962598.878515001
2009-02-13,4962598.878515001
2009-02-17,4962598.878515001
2009-02-18,4962598.878515001
2009-02-19,4962598.878515001
2009-02-20,4962598.878515001
2009-02-23,4962598.878515001
2009-02-24,4962598.878515001
2009-02-25,4962598.878515001
2009-02-26,4962598.878515001
2009-02-27,4962598.878515001
2009-03-02,4962598.878515001
2009-03-03,4962598.878515001
2009-03-04,4962598.878515001
2009-03-05,4962598.878515001
2009-03-06,4962598.878515001
2009-03-09,4962598.878515001
2009-03-10,4962598.878515001
2009-03-11,4962598.878515001
2009-03-12,4962598.878515001
2009-03-13,4962598.878515001
2009-03-16,4962598.878515001
2009-03-17,4962598.878515001
2009-03-18,4962598.878515001
2009-03-19,4962598.878515001
2009-03-20,4962598.878515001
2009-03-23,4962598.878515001
2009-03-24,4962598.878515001
2009-03-25,4962598.878515001
2009-03-26,4962598.878515001
2009-03-27,4962598.878515001
2009-03-30,4962598.878515001
2009-03-31,4962598.878515001
2009-04-01,4962598.878515001
2009-04-02,4962598.878515001
2009-04-03,5016587.648478129
2009-04-06,4968001.96933149
2009-04-07,4850830.153166759
2009-04-08,4914354.661409206
2009-04-09,5141525.109258734
2009-04-13,5170907.959240062
2009-04-14,5064700.766698474
2009-04-15,5129874.458587463
2009-04-16,5234684.051061338
2009-04-17,5295881.511895718
2009-04-20,5051733.164620623
2009-04-21,5200817.591156353
2009-04-22,5199394.026678147
2009-04-23,5246538.866154321
2009-04-24,5346449.566472407
2009-04-27,5256204.514023448
2009-04-28,5261972.458271798
2009-04-29,5403572.610402386
2009-04-30,5420064.929223968
2009-05-01,5422447.825371114
2009-05-04,5624143.73702086
2009-05-05,5638481.63560576
2009-05-06,5708796.8754853895
2009-05-07,5608725.650872613
2009-05-08,5809619.89277088
2009-05-11,5698415.907050689
2009-05-12,5651761.986237491
2009-05-13,5426666.007477445
2009-05-14,5503194.133674186
2009-05-15,5451361.92914233
2009-05-18,5637277.365150443
2009-05-19,5633011.496160471
2009-05-20,5610193.233704842
2009-05-21,5516181.5247425055
2009-05-22,5506723.044933298
2009-05-26,5653732.945578003
2009-05-27,5576428.454824083
2009-05-28,5605027.99709842
2009-05-29,5667667.690298092
2009-06-01,5824860.630935809
2009-06-02,5816992.963820875
2009-06-03,5750993.259327882
2009-06-04,5827261.368419476
2009-06-05,5814484.759638294
2009-06-08,5779827.434950678
2009-06-09,5801441.722468955
2009-06-10,5781432.761883503
2009-06-11,5814084.965018085
2009-06-12,5829799.46768008
2009-06-15,5724568.859659362
2009-06-16,5661927.566419382
2009-06-17,5659659.326439333
2009-06-18,5703771.925899411
2009-06-19,5731450.94686085
2009-06-22,5571979.568050757
2009-06-23,5565645.052354823
2009-06-24,5622211.2501587095
2009-06-25,5738390.161795195
2009-06-26,5783316.453359976
2009-06-29,5810302.960732484
2009-06-30,5781799.633439875
2009-07-01,5819596.888546054
2009-07-02,5679299.444030823
2009-07-06,5650252.526842423
2009-07-07,5546660.992681693
2009-07-08,5500718.638160616
2009-07-09,5524023.868747433
2009-07-10,5520641.594506559
2009-07-13,5641535.804396575
2009-07-14,5659920.260951093
2009-07-15,5813074.734400076
2009-07-16,5877141.716876164
2009-07-17,5858910.174054214
2009-07-20,5938968.112861719
2009-07-21,5933372.382136943
2009-07-22,5977654.0930408565
2009-07-23,6121896.159951658
2009-07-24,6156341.6683868505
2009-07-27,6200808.224659802
2009-07-28,6191474.205580967
2009-07-29,6168115.7353282925
2009-07-30,6255067.738137553
2009-07-31,6259643.052898969
2009-08-03,6382457.043081426
2009-08-04,6431225.853193026
2009-08-05,6454436.329391013
2009-08-06,6413050.1638078345
2009-08-07,6546161.094047601
2009-08-10,6544043.281588414
2009-08-11,6438894.62706013
2009-08-12,6516554.287838734
2009-08-13,6557110.486508823
2009-08-14,6504120.817209302
2009-08-17,6318385.873725321
2009-08-18,6403386.04524517
2009-08-19,6451320.743228346
2009-08-20,6541643.37232721
2009-08-21,6643528.572291087
2009-08-24,6635392.58352831
2009-08-25,6676085.043313402
2009-08-26,6678627.038091729
2009-08-27,6693245.028384621
2009-08-28,6706264.683687074
2009-08-31,6639322.647273344
2009-09-01,6491838.812317813
2009-09-02,6479275.225082325
2009-09-03,6556033.07872487
2009-09-04,6624616.420613019
2009-09-08,6704583.715949864
2009-09-09,6789891.737178905
2009-09-10,6870487.891445287
2009-09-11,6871257.878305755
2009-09-14,6911915.199129936
2009-09-15,6950581.164714901
2009-09-16,7066736.026005331
2009-09-17,7029841.124662903
2009-09-18,7052612.615121312
2009-09-21,7019586.616021658
2009-09-22,7083190.802340857
2009-09-23,7023053.594507075
2009-09-24,6925761.231592204
2009-09-25,6884710.633770996
2009-09-28,7006931.154041532
2009-09-29,7001118.186379194
2009-09-30,6985195.710634882
2009-10-01,6820779.906532087
2009-10-02,6782219.062654467
2009-10-05,6887117.73005162
2009-10-06,6958943.178625842
2009-10-07,6962882.570981508
2009-10-08,7022063.019244474
2009-10-09,7064547.253827419
2009-10-12,7079061.168225796
2009-10-13,7048766.848623641
2009-10-14,7162305.726816886
2009-10-15,7156390.107228419
2009-10-16,7068349.719942777
2009-10-19,7125847.6869091205
2009-10-20,7042156.926507368
2009-10-21,7016370.879492937
2009-10-22,7098141.548814162
2009-10-23,6987781.16709978
2009-10-26,6889668.770910599
2009-10-27,6822384.306511754
2009-10-28,6642575.983998381
2009-10-29,6791445.348887941
2009-10-30,6647222.900973987
2009-11-02,6650362.229020159
2009-11-03,6711577.299322947
2009-11-04,6700138.108226976
2009-11-05,6835608.274024048
2009-11-06,6853647.957177977
2009-11-09,6988767.909305624
2009-11-10,6957894.623762816
2009-11-11,7002039.734746313
2009-11-12,6926035.027561454
2009-11-13,6961275.401087571
2009-11-16,7060079.779010025
2009-11-17,7065125.585365725
2009-11-18,7061558.730563736
2009-11-19,6967371.724185912
2009-11-20,6948115.9528434
2009-11-23,7011690.774207346
2009-11-24,6989253.008543451
2009-11-25,7009317.348500142
2009-11-27,6891299.98501194
2009-11-30,6918127.363344607
2009-12-01,6997803.601152597
2009-12-02,7048074.563880769
2009-12-03,6995139.143485437
2009-12-04,7071117.774732967
2009-12-07,7068436.780667069
2009-12-08,7034466.433611011
2009-12-09,7037902.691254547
2009-12-10,7047276.006091402
2009-12-11,7079209.096205888
2009-12-14,7160573.568352522
2009-12-15,7133630.83077277
2009-12-16,7174915.545605709
2009-12-17,7105880.483654476
2009-12-18,7136887.035917347
2009-12-21,7200012.151800803
2009-12-22,7246462.180443636
2009-12-23,7287856.563652476
2009-12-24,7317773.610480308
2009-12-28,7302662.247725568
2009-12-29,7281803.605672007
2009-12-30,7286682.375709848
2009-12-31,7242975.844899255
2010-01-04,7351388.215177301
2010-01-05,7374554.903428363
2010-01-06,7382236.828471179
2010-01-07,7422567.33564301
2010-01-08,7430697.94656793
2010-01-11,7439379.730143446
2010-01-12,7367111.83053471
2010-01-13,7423919.377320054
2010-01-14,7450573.129695473
2010-01-15,7370935.635977594
2010-01-19,7438005.832896063
2010-01-20,7373547.165263505
2010-01-21,7282029.507383661
2010-01-22,7170704.23486573
2010-01-25,7192922.668839148
2010-01-26,7169961.192340029
2010-01-27,7215695.957840662
2010-01-28,7138569.265421816
2010-01-29,7071584.202066024
2010-02-01,7160689.19228453
2010-02-02,7230437.837416527
2010-02-03,7190054.845543206
2010-02-04,6979910.502567601
2010-02-05,7001691.420333772
2010-02-08,6948762.068529742
2010-02-09,7037450.064015455
2010-02-10,7039426.858642064
2010-02-11,7120903.758892288
2010-02-12,7144891.52030604
2010-02-16,7250021.448920082
2010-02-17,7268489.228752574
2010-02-18,7284219.088844253
2010-02-19,7297643.476613867
2010-02-22,7300240.675178828
2010-02-23,7236248.410963889
2010-02-24,7282797.332635541
2010-02-25,7290310.155377324
2010-02-26,7310819.278308004
2010-03-01,7408927.947358042
2010-03-02,7446647.935428071
2010-03-03,7450941.85093214
2010-03-04,7474389.16128839
2010-03-05,7586513.382307813
2010-03-08,7604215.830420947
2010-03-09,7624396.264337245
2010-03-10,7679103.526460617
2010-03-11,7713561.871604871
2010-03-12,7704851.00383651
2010-03-15,7679719.356391732
2010-03-16,7735209.702331135
2010-03-17,7784463.033898051
2010-03-18,7776325.285826943
2010-03-19,7713550.382550318
2010-03-22,7794502.184338787
2010-03-23,7858103.359547773
2010-03-24,7842291.130744638
2010-03-25,7822213.184866166
2010-03-26,7833521.391432526
2010-03-29,7864459.654222853
2010-03-30,7872903.365973927
2010-03-31,7855908.600525423
2010-04-01,7916885.73485912
2010-04-05,8037215.180073304
2010-04-06,8073239.1824902
2010-04-07,8040454.910410912
2010-04-08,8066560.265756151
2010-04-09,8105267.637244904
2010-04-12,8127469.08183811
2010-04-13,8139345.604809193
2010-04-14,8254774.380324349
2010-04-15,8272221.551567125
2010-04-16,8157586.742498239
2010-04-19,8147897.660294031
2010-04-20,8227061.794730511
2010-04-21,8278950.160303241
2010-04-22,8366734.074651694
2010-04-23,8435733.998508504
2010-04-26,8423112.858709633
2010-04-27,8247915.050144839
2010-04-28,8253184.79007485
2010-04-29,8377334.453091158
2010-04-30,8226641.86471581
2010-05-03,8321200.371200173
2010-05-04,8134635.657391903
2010-05-05,8053349.472642423
2010-05-06,7836294.593196472
2010-05-07,7662433.358643294
2010-05-10,7939833.954963658
2010-05-11,7946022.233487555
2010-05-12,8072593.976264731
2010-05-13,8017761.059191605
2010-05-14,7889343.3233806
2010-05-17,7896862.98379968
2010-05-18,7807210.938287965
2010-05-19,7757839.774628862
2010-05-20,7529332.0691105155
2010-05-21,7613101.533392398
2010-05-24,7548757.365074446
2010-05-25,7544151.570160175
2010-05-26,7561727.994702491
2010-05-27,7743189.008408795
2010-05-28,7701695.068052779
2010-06-01,7605667.387665726
2010-06-02,7717881.705744333
2010-06-03,7753700.248680834
2010-06-04,7555900.692419672
2010-06-07,7487040.613519707
2010-06-08,7501770.322949559
2010-06-09,7506074.257822044
2010-06-10,7605450.105190896
2010-06-11,7640606.310769602
2010-06-14,7657942.728097419
2010-06-15,7742991.690993842
2010-06-16,7738801.774960849
2010-06-17,7742406.336710885
2010-06-18,7744120.607836592
2010-06-21,7732863.999886769
2010-06-22,7657552.191076996
2010-06-23,7650328.781351352
2010-06-24,7593580.07677802
2010-06-25,7636656.069472019
2010-06-28,7614096.0323625775
2010-06-29,7466108.319580256
2010-06-30,7435142.1889346335
2010-07-01,7409382.915044819
2010-07-02,7380729.514638129
2010-07-06,7362236.400647636
2010-07-07,7475795.190610902
2010-07-08,7507395.636998272
2010-07-09,7551214.765183158
2010-07-12,7524549.397451165
2010-07-13,7607083.530903628
2010-07-14,7591268.419207705
2010-07-15,7582203.234161245
2010-07-16,7471316.720745675
2010-07-19,7507673.086086115
2010-07-20,7574062.517475305
2010-07-21,7527446.827497584
2010-07-22,7624436.363031397
2010-07-23,7683841.277989842
2010-07-26,7742965.411377102
2010-07-27,7733557.03160885
2010-07-28,7695957.603339192
2010-07-29,7702447.141314703
2010-07-30,7711816.060429729
2010-08-02,7779835.351262209
2010-08-03,7752561.377493262
2010-08-04,7779797.879766303
2010-08-05,7758722.687204983
2010-08-06,7753765.53360898
2010-08-09,7792237.570312507
2010-08-10,7743412.500407563
2010-08-11,7625098.91472793
2010-08-12,7609991.310007428
2010-08-13,7598079.341056424
2010-08-16,7607405.708073725
2010-08-17,7665283.19640076
2010-08-18,7676381.987504983
2010-08-19,7604723.736667098
2010-08-20,7602701.78474094
2010-08-23,7567928.248528395
2010-08-24,7518430.070885397
2010-08-25,7547570.920746392
2010-08-26,7531994.475707804
2010-08-27,7602455.119591143
2010-08-30,7537799.451139796
2010-08-31,7544977.978995271
2010-09-01,7645064.415520514
2010-09-02,7679712.194657271
2010-09-03,7722499.897278492
2010-09-07,7672348.571801788
2010-09-08,7694537.457848602
2010-09-09,7698507.421373245
2010-09-10,7706613.406901026
2010-09-13,7765711.921305895
2010-09-14,7762900.3458347805
2010-09-15,7777562.381461291
2010-09-16,7736748.100890679
2010-09-17,7745618.825110072
2010-09-20,7808872.775945033
2010-09-21,7791753.349370474
2010-09-22,7765967.157794317
2010-09-23,7722593.749514006
2010-09-24,7788858.069327048
2010-09-27,7776359.547278633
2010-09-28,7806846.912599641
2010-09-29,7805676.168740391
2010-09-30,7802439.302045954
2010-10-01,7813939.807386507
2010-10-04,7786722.949084113
2010-10-05,7865445.288117162
2010-10-06,7842332.430258619
2010-10-07,7837656.787724945
2010-10-08,7921906.355806528
2010-10-11,7923423.8336307425
2010-10-12,7938880.79731375
2010-10-13,7969056.74554999
2010-10-14,7961147.462620007
2010-10-15,7885586.706699827
2010-10-18,7944257.209958209
2010-10-19,7873736.64435069
2010-10-20,7927821.41668672
2010-10-21,7924256.017192214
2010-10-22,7928862.976259163
2010-10-25,7952076.391976012
2010-10-26,7945443.789365787
2010-10-27,7937725.013472494
2010-10-28,7944526.654677288
2010-10-29,7957343.012251266
2010-11-01,7956366.984652774
2010-11-02,7998974.135152933
2010-11-03,8011727.625316863
2010-11-04,8083046.781363487
2010-11-05,8093217.961877039
2010-11-08,8094308.145887947
2010-11-09,8042294.667910112
2010-11-10,8069879.752612235
2010-11-11,8054262.661842308
2010-11-12,7996883.436511892
2010-11-15,8005088.84581591
2010-11-16,7941382.150859275
2010-11-17,7936507.983243409
2010-11-18,7994609.958544753
2010-11-19,8015413.356316061
2010-11-22,8027383.90557241
2010-11-23,7985468.433667718
2010-11-24,8052987.081821205
2010-11-26,8025586.704056681
2010-11-29,8026902.782914204
2010-11-30,8007117.422306931
2010-12-01,8080079.58960868
2010-12-02,8125274.932647842
2010-12-03,8143330.312976744
2010-12-06,8148340.788530001
2010-12-07,8155775.390489303
2010-12-08,8158613.052330135
2010-12-09,8177648.937117108
2010-12-10,8209613.352996924
2010-12-13,8214978.590118319
2010-12-14,8211980.262501695
2010-12-15,8192895.005374779
2010-12-16,8220912.868643189
2010-12-17,8230394.28644277
2010-12-20,8244706.278490541
2010-12-21,8280026.339528025
2010-12-22,8288634.210225521
2010-12-23,8277861.90719257
2010-12-27,8287036.846396347
2010-12-28,8283967.867410013
2010-12-29,8278499.440162288
2010-12-30,8270909.125637442
2010-12-31,8256198.191726683
2011-01-03,8309369.773920288
2011-01-04,8275807.232095302
2011-01-05,8308686.197391163
2011-01-06,8296262.679714232
2011-01-07,8286023.65873892
2011-01-10,8286423.169747442
2011-01-11,8314501.419682828
2011-01-12,8342037.267533367
2011-01-13,8340755.799735277
2011-01-14,8391621.410270106
2011-01-18,8403045.32894547
2011-01-19,8346459.353556124
2011-01-20,8319222.925510778
2011-01-21,8327197.82693191
2011-01-24,8351955.388474366
2011-01-25,8350283.222670233
2011-01-26,8397469.654211279
2011-01-27,8418050.305054208
2011-01-28,8332580.906257435
2011-01-31,8364606.289497085
2011-02-01,8445931.465536248
2011-02-02,8449135.254197357
2011-02-03,8469443.462429415
2011-02-04,8482328.586292535
2011-02-07,8516871.415860943
2011-02-08,8521891.96143321
2011-02-09,8521923.096528538
2011-02-10,8544464.243803144
2011-02-11,8575816.28237107
2011-02-14,8579658.577803772
2011-02-15,8563711.079811972
2011-02-16,8592262.419338716
2011-02-17,8606658.8689688
2011-02-18,8610906.473099513
2011-02-22,8496163.086106867
2011-02-23,8435373.731456257
2011-02-24,8439022.12602813
2011-02-25,8513998.699340472
2011-02-28,8521416.211591292
2011-03-01,8435310.052807119
2011-03-02,8454007.13389126
2011-03-03,8545749.53460832
2011-03-04,8517746.397997005
2011-03-07,8456739.284633098
2011-03-08,8523907.467393113
2011-03-09,8511496.475094179
2011-03-10,8410680.41078034
2011-03-11,8435456.927231703
2011-03-14,8397573.04986614
2011-03-15,8359603.236226699
2011-03-16,8294874.356292987
2011-03-17,8329692.546001669
2011-03-18,8332615.420249974
2011-03-21,8482812.24007611
2011-03-22,8448091.315119164
2011-03-23,8478724.95956111
2011-03-24,8555582.135783002
2011-03-25,8582087.535191683
2011-03-28,8576194.708253914
2011-03-29,8627300.652606493
2011-03-30,8686141.86225973
2011-03-31,8704481.895200787
2011-04-01,8759226.581808174
2011-04-04,8772554.64684291
2011-04-05,8784757.043783119
2011-04-06,8811907.542822083
2011-04-07,8779645.631634386
2011-04-08,8737651.20684902
2011-04-11,8707410.72890002
2011-04-12,8621296.961775616
2011-04-13,8636550.968972867
2011-04-14,8637493.049000258
2011-04-15,8695625.480842307
2011-04-18,8607376.68433283
2011-04-19,8623206.038640538
2011-04-20,8738937.392130889
2011-04-21,8796596.553385703
2011-04-25,8797672.998536987
2011-04-26,8849436.452978458
2011-04-27,8898571.768836113
2011-04-28,8925156.537778046
2011-04-29,8926093.598760739
2011-05-02,8896485.144130616
2011-05-03,8847753.833234416
2011-05-04,8764063.531276852
2011-05-05,8732697.404051801
2011-05-06,8767946.558365805
2011-05-09,8818313.087220209
2011-05-10,8913308.906251898
2011-05-11,8808814.968230834
2011-05-12,8855771.946820911
2011-05-13,8782622.505973801
2011-05-16,8697294.509725459
2011-05-17,8661713.333993087
2011-05-18,8739627.547316387
2011-05-19,8769160.081388101
2011-05-20,8720652.93512883
2011-05-23,8601769.090167506
2011-05-24,8572405.591734262
2011-05-25,8629179.647395944
2011-05-26,8669742.74724668
2011-05-27,8711983.403592316
2011-05-31,8804729.016675258
2011-06-01,8608466.818009643
2011-06-02,8610736.675592143
2011-06-03,8523918.171429772
2011-06-06,8416880.646031788
2011-06-07,8431419.72769546
2011-06-08,8372215.406986221
2011-06-09,8409344.230116982
2011-06-10,8314100.043562032
2011-06-13,8302159.026123223
2011-06-14,8422597.88830342
2011-06-15,8311635.92195183
2011-06-16,8305359.008424821
2011-06-17,8320063.924873255
2011-06-20,8364006.922752689
2011-06-21,8480446.156309035
2011-06-22,8438814.417789115
2011-06-23,8436026.22469449
2011-06-24,8389988.566648498
2011-06-27,8434521.267207347
2011-06-28,8507197.605949657
2011-06-29,8542283.915880566
2011-06-30,8585893.21033225
2011-07-01,8665673.28475439
2011-07-05,8674783.326400725
2011-07-06,8722549.63963428
2011-07-07,8784825.07525325
2011-07-08,8739557.155155737
2011-07-11,8630570.26240838
2011-07-12,8600754.391454479
2011-07-13,8636724.596457003
2011-07-14,8575318.382786572
2011-07-15,8614829.036740024
2011-07-18,8514614.368090581
2011-07-19,8636683.803886583
2011-07-20,8662321.691957459
2011-07-21,8738891.158084977
2011-07-22,8747175.965218775
2011-07-25,8683884.854846932
2011-07-26,8649582.93616982
2011-07-27,8456840.001953317
2011-07-28,8445317.91226256
2011-07-29,8428306.09392573
2011-08-01,8399901.350192385
2011-08-02,8216359.894627029
2011-08-03,8262279.203514476
2011-08-04,7940350.225353918
2011-08-05,7865566.572126511
2011-08-08,7551432.03882408
2011-08-09,7790323.354439298
2011-08-10,7620614.091472377
2011-08-11,7815447.487921624
2011-08-12,7839180.585800873
2011-08-15,7864924.911674722
2011-08-16,7843527.318577487
2011-08-17,7850215.196520884
2011-08-18,7803258.090173207
2011-08-19,7792324.551881175
2011-08-22,7792324.551881175
2011-08-23,7792324.551881175
2011-08-24,7792324.551881175
2011-08-25,7790260.46330701
2011-08-26,7790138.381222664
2011-08-29,7790138.381222664
2011-08-30,7790138.381222664
2011-08-31,7790138.381222664
2011-09-01,7790138.381222664
2011-09-02,7790138.381222664
2011-09-06,7790138.381222664
2011-09-07,7790138.381222664
2011-09-08,7790138.381222664
2011-09-09,7790138.381222664
2011-09-12,7790138.381222664
2011-09-13,7790138.381222664
2011-09-14,7790138.381222664
2011-09-15,7790138.381222664
2011-09-16,7790138.381222664
2011-09-19,7790138.381222664
2011-09-20,7790138.381222664
2011-09-21,7790138.381222664
2011-09-22,7790138.381222664
2011-09-23,7790138.381222664
2011-09-26,7790138.381222664
2011-09-27,7790138.381222664
2011-09-28,7790138.381222664
2011-09-29,7790138.381222664
2011-09-30,7790138.381222664
2011-10-03,7790138.381222664
2011-10-04,7790138.381222664
2011-10-05,7790138.381222664
2011-10-06,7790138.381222664
2011-10-07,7790138.381222664
2011-10-10,7790138.381222664
2011-10-11,7790138.381222664
2011-10-12,7790138.381222664
2011-10-13,7790138.381222664
2011-10-14,7790138.381222664
2011-10-17,7790138.381222664
2011-10-18,7790138.381222664
2011-10-19,7790138.381222664
2011-10-20,7790138.381222664
2011-10-21,7790138.381222664
2011-10-24,7790138.381222664
2011-10-25,7790245.163910533
2011-10-26,7790245.163910533
2011-10-27,7790369.743713046
2011-10-28,7790369.743713046
2011-10-31,7790369.743713046
2011-11-01,7790369.743713046
2011-11-02,7789472.769134951
2011-11-03,7789472.769134951
2011-11-04,7789472.769134951
2011-11-07,7789472.769134951
2011-11-08,7789472.769134951
2011-11-09,7789472.769134951
2011-11-10,7789472.769134951
2011-11-11,7789472.769134951
2011-11-14,7789472.769134951
2011-11-15,7789472.769134951
2011-11-16,7789472.769134951
2011-11-17,7789472.769134951
2011-11-18,7789472.769134951
2011-11-21,7789472.769134951
2011-11-22,7789472.769134951
2011-11-23,7810094.530792982
2011-11-25,7810094.530792982
2011-11-28,7810094.530792982
2011-11-29,7810094.530792982
2011-11-30,7805970.178461376
2011-12-01,7805970.178461376
2011-12-02,7805970.178461376
2011-12-05,7805970.178461376
2011-12-06,7805970.178461376
2011-12-07,7805970.178461376
2011-12-08,7805970.178461376
2011-12-09,7805970.178461376
2011-12-12,7805970.178461376
2011-12-13,7805970.178461376
2011-12-14,7805970.178461376
2011-12-15,7805970.178461376
2011-12-16,7805970.178461376
2011-12-19,7805970.178461376
2011-12-20,7805970.178461376
2011-12-21,7789472.769134951
2011-12-22,7789472.769134951
2011-12-23,7789472.769134951
2011-12-27,7789472.769134951
2011-12-28,7789472.769134951
2011-12-29,7789472.769134951
2011-12-30,7801845.82612977
2012-01-03,7801845.82612977
2012-01-04,7805970.178461376
2012-01-05,7805970.178461376
2012-01-06,7785348.416803345
2012-01-09,7785348.416803345
2012-01-10,7785348.416803345
2012-01-11,7785348.416803345
2012-01-12,7781224.064471738
2012-01-13,7781224.064471738
2012-01-17,7781224.064471738
2012-01-18,7781224.064471738
2012-01-19,7781224.064471738
2012-01-20,7781148.572572382
2012-01-23,7780952.678585237
2012-01-24,7780717.998307612
2012-01-25,7782600.763144948
2012-01-26,7782655.539079586
2012-01-27,7782429.02739941
2012-01-30,7778185.376482853
2012-01-31,7778533.875889304
2012-02-01,7792035.025477552
2012-02-02,7805416.467397023
2012-02-03,7807808.674478327
2012-02-06,7806831.1118789
2012-02-07,7807803.85816256
2012-02-08,7803901.09005994
2012-02-09,7808578.649702495
2012-02-10,7807872.291059116
2012-02-13,7817684.952251199
2012-02-14,7816674.483580677
2012-02-15,7815274.29587956
2012-02-16,7819465.756490706
2012-02-17,7818616.005971089
2012-02-21,7833339.751466536
2012-02-22,7831668.927348342
2012-02-23,7833639.234922905
2012-02-24,7833993.336449278
2012-02-27,7833313.310550169
2012-02-28,7832656.074381891
2012-02-29,7827828.416470264
2012-03-01,7831512.817280715
2012-03-02,7819562.714910481
2012-03-05,7836656.44034107
2012-03-06,7820901.458715365
2012-03-07,7829116.958846937
2012-03-08,7837686.836607135
2012-03-09,7844743.597513747
2012-03-12,7841862.59232311
2012-03-13,7854417.003290316
2012-03-14,7840610.716658171
2012-03-15,7852793.424703415
2012-03-16,7852504.566456955
2012-03-19,7856446.80639917
2012-03-20,7852559.626419578
2012-03-21,7850591.252004079
2012-03-22,7838170.800180913
2012-03-23,7842337.738735577
2012-03-26,7859616.39262479
2012-03-27,7854004.949320485
2012-03-28,7853427.603036703
2012-03-29,7861679.349852052
2012-03-30,7863346.68589991
2012-04-02,7877788.634463535
2012-04-03,7859955.965359762
2012-04-04,7841289.667988301
2012-04-05,7837958.140686544
2012-04-09,7845998.648414801
2012-04-10,7777668.767155351
2012-04-11,7798509.800919804
2012-04-12,7826412.920396182
2012-04-13,7800699.8191787535
2012-04-16,7802473.115780245
2012-04-17,7839492.514648235
2012-04-18,7829505.921695694
2012-04-19,7845731.886634311
2012-04-20,7859354.333553679
2012-04-23,7826705.474486181
2012-04-24,7841845.581133193
2012-04-25,7881562.560927129
2012-04-26,7920050.645963995
2012-04-27,7939807.406121205
2012-04-30,7922616.062964058
2012-05-01,7930996.255154763
2012-05-02,7940152.122516296
2012-05-03,7899417.336785033
2012-05-04,7857083.367313332
2012-05-07,7852425.3070131615
2012-05-08,7844837.353837172
2012-05-09,7828994.7565868
2012-05-10,7837302.947060727
2012-05-11,7880277.179480346
2012-05-14,7781321.504297243
2012-05-15,7758124.008094511
2012-05-16,7706841.589538719
2012-05-17,7557232.155967767
2012-05-18,7487702.95868428
2012-05-21,7608231.033255312
2012-05-22,7610973.937220092
2012-05-23,7642382.328727313
2012-05-24,7633196.291154563
2012-05-25,7621420.740735252
2012-05-29,7693788.975518473
2012-05-30,7590310.311173839
2012-05-31,7575187.042702245
2012-06-01,7394257.231985404
2012-06-04,7381733.582950267
2012-06-05,7440726.458147049
2012-06-06,7574787.994895922
2012-06-07,7558986.100930774
2012-06-08,7606767.810111788
2012-06-11,7519578.165204245
2012-06-12,7573619.200825074
2012-06-13,7520324.260218335
2012-06-14,7571591.825406858
2012-06-15,7625806.837223463
2012-06-18,7653691.478642321
2012-06-19,7733637.384546693
2012-06-20,7729573.324035787
2012-06-21,7615490.010160023
2012-06-22,7653753.070216158
2012-06-25,7615202.523611431
2012-06-26,7650164.977116149
2012-06-27,7690342.9087620815
2012-06-28,7690741.63307624
2012-06-29,7826949.734784748
2012-07-02,7872982.734613677
2012-07-03,7922541.432624717
2012-07-05,7912657.910168586
2012-07-06,7871444.451599063
2012-07-09,7853604.122005347
2012-07-10,7756285.716664227
2012-07-11,7746434.106238327
2012-07-12,7737888.530859481
2012-07-13,7806189.315943139
2012-07-16,7787250.09085919
2012-07-17,7812711.199202306
2012-07-18,7833464.344376047
2012-07-19,7824513.155084778
2012-07-20,7770515.416517239
2012-07-23,7704750.090457487
2012-07-24,7650412.429723718
2012-07-25,7655284.338244712
2012-07-26,7711659.27767342
2012-07-27,7799109.432901693
2012-07-30,7787809.485574152
2012-07-31,7742784.467176241
2012-08-01,7711178.52296345
2012-08-02,7715939.38233522
2012-08-03,7810018.071016296
2012-08-06,7824652.394223521
2012-08-07,7846303.549258587
2012-08-08,7829169.8865565825
2012-08-09,7834360.192608763
2012-08-10,7831304.111768244
2012-08-13,7826878.38595377
2012-08-14,7821708.874013388
2012-08-15,7841194.60944499
2012-08-16,7881061.458794281
2012-08-17,7900602.755165416
2012-08-20,7894096.275230338
2012-08-21,7891432.371385254
2012-08-22,7889778.561135718
2012-08-23,7869874.034016822
2012-08-24,7908813.756820621
2012-08-27,7944197.805471444
2012-08-28,7954218.420866827
2012-08-29,7963794.469092443
2012-08-30,7931677.074607171
2012-08-31,7947101.179169989
2012-09-04,7990449.321327185
2012-09-05,7966690.464395057
2012-09-06,8028135.450492352
2012-09-07,8042854.030774561
2012-09-10,8013476.640348205
2012-09-11,8018853.392511645
2012-09-12,8028453.277046707
2012-09-13,8074900.391775974
2012-09-14,8105814.643859274
2012-09-17,8091606.49159845
2012-09-18,8087781.639703819
2012-09-19,8099978.60381474
2012-09-20,8091548.443558887
2012-09-21,8102192.907377363
2012-09-24,8091596.647783546
2012-09-25,8045785.0567503
2012-09-26,8030017.637065459
2012-09-27,8071024.155995571
2012-09-28,8061974.712065437
2012-10-01,8074414.566030074
2012-10-02,8074370.835261915
2012-10-03,8087433.000456757
2012-10-04,8117546.768384753
2012-10-05,8116455.464000513
2012-10-08,8101166.704002767
2012-10-09,8058160.694355121
2012-10-10,8046512.323260066
2012-10-11,8062333.371297946
2012-10-12,8045704.56457947
2012-10-15,8072767.221089251
2012-10-16,8103276.650511266
2012-10-17,8122918.83064686
2012-10-18,8115339.280826129
2012-10-19,8079452.484721266
2012-10-22,8067630.759331589
2012-10-23,8012608.471235497
2012-10-24,7982136.852466702
2012-10-25,8017287.398078152
2012-10-26,8003439.67709955
2012-10-31,8059500.529984869
2012-11-01,8174943.636653326
2012-11-02,8093633.790468091
2012-11-05,8114531.717579443
2012-11-06,8178596.410633388
2012-11-07,8017174.702317552
2012-11-08,7942860.712205974
2012-11-09,7955836.504329465
2012-11-12,7957956.901066674
2012-11-13,7932011.193765363
2012-11-14,7812745.877141623
2012-11-15,7791913.015612922
2012-11-16,7849928.43600571
2012-11-19,7988326.475261897
2012-11-20,8001487.917827352
2012-11-21,8035647.315694415
2012-11-23,8110474.770948978
2012-11-26,8077869.511607214
2012-11-27,8103710.695048517
2012-11-28,8169769.524363752
2012-11-29,8220412.1968037635
2012-11-30,8216557.8033963265
2012-12-03,8225995.475572198
2012-12-04,8236091.676050016
2012-12-05,8236044.282650908
2012-12-06,8264339.9529909855
2012-12-07,8267426.880898946
2012-12-10,8319034.035422556
2012-12-11,8333180.3911743965
2012-12-12,8322245.64671699
2012-12-13,8307175.533359821
2012-12-14,8294411.48999925
2012-12-17,8387458.233179706
2012-12-18,8462834.88162047
2012-12-19,8451521.09057636
2012-12-20,8479976.989961674
2012-12-21,8431732.17538795
2012-12-24,8427350.079992145
2012-12-26,8393479.768735766
2012-12-27,8406573.1147229
2012-12-28,8316339.241026069
2012-12-31,8480070.149012212
2013-01-02,8661409.397010408
2013-01-03,8622003.571724366
2013-01-04,8667095.720638143
2013-01-07,8639000.214354036
2013-01-08,8620745.890192408
2013-01-09,8693621.950397432
2013-01-10,8745281.378898183
2013-01-11,8767430.107503137
2013-01-14,8785476.231960092
2013-01-15,8789645.389955485
2013-01-16,8773378.505430233
2013-01-17,8834224.774607833
2013-01-18,8866936.604859443
2013-01-22,8923393.53910022
2013-01-23,8884451.849477157
2013-01-24,8923307.214984449
2013-01-25,8987282.197078561
2013-01-28,8992858.387946606
2013-01-29,8987553.886405818
2013-01-30,8953611.273949465
2013-01-31,8969434.979086615
2013-02-01,9048770.723391594
2013-02-04,8976327.977543192
2013-02-05,9035035.60166795
2013-02-06,9055936.20204999
2013-02-07,9032120.693094432
2013-02-08,9094391.288993845
2013-02-11,9071212.051220153
2013-02-12,9104319.239494998
2013-02-13,9116622.21716163
2013-02-14,9143914.83232104
2013-02-15,9134501.250059582
2013-02-19,9167856.542621162
2013-02-20,9053863.033709597
2013-02-21,8984441.985354379
2013-02-22,9065262.187579382
2013-02-25,8997504.858841626
2013-02-26,9042075.397332368
2013-02-27,9128688.811908633
2013-02-28,9133692.055726334
2013-03-01,9180383.345158128
2013-03-04,9217624.215443311
2013-03-05,9379865.346167006
2013-03-06,9360021.92118285
2013-03-07,9358837.285869936
2013-03-08,9405300.28708574
2013-03-11,9453441.169003952
2013-03-12,9431751.740138916
2013-03-13,9456845.062408367
2013-03-14,9489524.593244746
2013-03-15,9456714.10386652
2013-03-18,9432333.239124898
2013-03-19,9414610.45785973
2013-03-20,9474421.765638309
2013-03-21,9421064.200066352
2013-03-22,9430199.81086532
2013-03-25,9426295.376469972
2013-03-26,9465427.85020806
2013-03-27,9482259.715346612
2013-03-28,9578340.900985634
2013-04-01,9521126.817660144
2013-04-02,9539987.10491725
2013-04-03,9424991.60105687
2013-04-04,9457401.014296906
2013-04-05,9422564.449396651
2013-04-08,9482555.410653124
2013-04-09,9481176.068127172
2013-04-10,9582010.424774826
2013-04-11,9682617.62549484
2013-04-12,9657088.790105077
2013-04-15,9474499.102504084
2013-04-16,9562063.590857388
2013-04-17,9461847.39102707
2013-04-18,9430239.232519029
2013-04-19,9506435.512349788
2013-04-22,9518855.230243256
2013-04-23,9647061.059549076
2013-04-24,9694446.983126605
2013-04-25,9768751.270205043
2013-04-26,9739947.22742395
2013-04-29,9803560.41927876
2013-04-30,9853956.056293152
2013-05-01,9743758.659558283
2013-05-02,9836896.617142009
2013-05-03,9938804.168044614
2013-05-06,9979362.83496119
2013-05-07,10054436.611005375
2013-05-08,10096740.50164744
2013-05-09,10038407.354299592
2013-05-10,10100738.929791426
2013-05-13,10105827.060867982
2013-05-14,10213477.453868998
2013-05-15,10251696.776871508
2013-05-16,10215591.624056324
2013-05-17,10314087.577385468
2013-05-20,10326453.69084728
2013-05-21,10358143.895015342
2013-05-22,10233557.36468372
2013-05-23,10215482.954891227
2013-05-24,10208478.37607576
2013-05-28,10289618.86673258
2013-05-29,10239799.13166456
2013-05-30,10302200.421666635
2013-05-31,10224219.883420415
2013-06-03,10241085.101007488
2013-06-04,10193113.032079918
2013-06-05,10090227.746297589
2013-06-06,10169508.928230189
2013-06-07,10241478.987581003
2013-06-10,10276851.86921501
2013-06-11,10174598.327291416
2013-06-12,10110304.396198688
2013-06-13,10228589.332406612
2013-06-14,10174648.882083528
2013-06-17,10184339.904071046
2013-06-18,10247326.803654876
2013-06-19,10223328.484973282
2013-06-20,10031823.98900356
2013-06-21,10029079.442454468
2013-06-24,9938794.389981708
2013-06-25,10030526.379884712
2013-06-26,10094522.771159898
2013-06-27,10188921.534975138
2013-06-28,10173773.060513511
2013-07-01,10260898.844143786
2013-07-02,10243271.76768148
2013-07-03,10240297.621720612
2013-07-05,10315175.324344393
2013-07-08,10339345.86939425
2013-07-09,10388518.987811046
2013-07-10,10386693.247790564
2013-07-11,10487779.281396436
2013-07-12,10514047.440895084
2013-07-15,10569766.648825578
2013-07-16,10528504.283805495
2013-07-17,10553772.192008687
2013-07-18,10613668.932646023
2013-07-19,10596929.86782422
2013-07-22,10623756.924801348
2013-07-23,10614706.718358897
2013-07-24,10573889.725718452
2013-07-25,10620363.13168738
2013-07-26,10599176.91958556
2013-07-29,10617943.786982186
2013-07-30,10635535.215101952
2013-07-31,10647634.53800957
2013-08-01,10770569.80359555
2013-08-02,10764236.977230333
2013-08-05,10763890.939444788
2013-08-06,10691664.430947833
2013-08-07,10627808.41517138
2013-08-08,10765159.272508208
2013-08-09,10767006.680006802
2013-08-12,10770594.733652117
2013-08-13,10783426.623480313
2013-08-14,10760266.26770251
2013-08-15,10653695.539521877
2013-08-16,10623770.22493989
2013-08-19,10623091.02675458
2013-08-20,10623951.364691608
2013-08-21,10625446.657602614
2013-08-22,10626164.20595386
2013-08-23,10627091.272888592
2013-08-26,10626167.779161016
2013-08-27,10622957.55304139
2013-08-28,10623867.066398129
2013-08-29,10624643.778531276
2013-08-30,10623038.143006025
2013-09-03,10625881.78481193
2013-09-04,10625588.941223342
2013-09-05,10625600.794428784
2013-09-06,10627464.136965685
2013-09-09,10627703.034380484
2013-09-10,10628953.68804359
2013-09-11,10628544.69022955
2013-09-12,10628230.57134466
2013-09-13,10629159.053883525
2013-09-16,10629576.234446991
2013-09-17,10630600.668953
2013-09-18,10630705.20265711
2013-09-19,10630871.44745586
2013-09-20,10632426.948863752
2013-09-23,10631521.471044049
2013-09-24,10631549.982773682
2013-09-25,10631193.546418885
2013-09-26,10632151.246645795
2013-09-27,10633886.460642504
2013-09-30,10631647.694736678
2013-10-01,10635179.553924602
2013-10-02,10633626.131353332
2013-10-03,10632094.057337835
2013-10-04,10635110.01883014
2013-10-07,10631879.638664082
2013-10-08,10625184.344364556
2013-10-09,10617053.711863304
2013-10-10,10629684.296538338
2013-10-11,10732670.44071526
2013-10-14,10790987.048313431
2013-10-15,10699627.311265258
2013-10-16,10817589.798992876
2013-10-17,10879783.630227776
2013-10-18,10950783.41310931
2013-10-21,10947106.889991743
2013-10-22,11009215.297587749
2013-10-23,10992644.324793153
2013-10-24,11090486.65663271
2013-10-25,11100049.194283271
2013-10-28,11033007.561061302
2013-10-29,11025241.4126396
2013-10-30,10927534.718094084
2013-10-31,10925317.419202209
2013-11-01,10967360.137798993
2013-11-04,11065027.54958106
2013-11-05,11048971.99332196
2013-11-06,11043231.530518193
2013-11-07,10959761.221974434
2013-11-08,11099976.764545204
2013-11-11,11186971.465636022
2013-11-12,11157831.577195736
2013-11-13,11270281.217358315
2013-11-14,11328178.371435257
2013-11-15,11386363.33176786
2013-11-18,11298544.455834378
2013-11-19,11181844.338292891
2013-11-20,11173921.449745076
2013-11-21,11250425.425123235
2013-11-22,11318862.008689132
2013-11-25,11316909.193087105
2013-11-26,11361028.526541276
2013-11-27,11410838.450903803
2013-11-29,11414617.67415676
2013-12-02,11390303.305576192
2013-12-03,11332874.949233515
2013-12-04,11336479.43026485
2013-12-05,11338216.7490216
2013-12-06,11408782.204064723
2013-12-09,11402040.96170864
2013-12-10,11380176.448372977
2013-12-11,11264593.64189186
2013-12-12,11275079.786001476
2013-12-13,11298425.371646175
2013-12-16,11366658.136373607
2013-12-17,11343227.073186912
2013-12-18,11460877.926247092
2013-12-19,11432117.455747807
2013-12-20,11540093.647497166
2013-12-23,11632112.526773732
2013-12-24,11666534.522041945
2013-12-26,11684461.227418974
2013-12-27,11665687.461449925
2013-12-30,11671596.339457858
2013-12-31,11695856.178152494
2014-01-02,11616339.62079157
2014-01-03,11644711.78670753
2014-01-06,11594159.228135005
2014-01-07,11651892.988830268
2014-01-08,11671416.32843419
2014-01-09,11684798.168626923
2014-01-10,11719997.997454405
2014-01-13,11628486.33844273
2014-01-14,11739094.79649266
2014-01-15,11790211.185461847
2014-01-16,11804709.501638334
2014-01-17,11780492.820067711
2014-01-21,11814940.61256327
2014-01-22,11853258.920861471
2014-01-23,11822173.44412517
2014-01-24,11611215.742440248
2014-01-27,11535057.114267385
2014-01-28,11632665.997791512
2014-01-29,11538175.0080723
2014-01-30,11646486.714937309
2014-01-31,11594829.72220824
2014-02-03,11293776.573727624
2014-02-04,11373211.219184576
2014-02-05,11370420.052564424
2014-02-06,11506343.913154552
2014-02-07,11687788.13900505
2014-02-10,11724408.213820675
2014-02-11,11864329.772530848
2014-02-12,11900175.463758197
2014-02-13,11946114.580557115
2014-02-14,11960848.798862824
2014-02-18,12111121.621546363
2014-02-19,11976176.81194619
2014-02-20,12157138.228718288
2014-02-21,12178575.598820318
2014-02-24,12283769.857115606
2014-02-25,12273436.743779374
2014-02-26,12265549.557985231
2014-02-27,12335952.066416904
2014-02-28,12315545.994233632
2014-03-03,12245419.946334118
2014-03-04,12439966.811663298
2014-03-05,12412212.453950113
2014-03-06,12403276.20535449
2014-03-07,12398733.38784288
2014-03-10,12349802.866161492
2014-03-11,12283816.962397952
2014-03-12,12310634.719137462
2014-03-13,12130837.959224822
2014-03-14,12153050.951427955
2014-03-17,12219905.614840958
2014-03-18,12315816.099362452
2014-03-19,12232031.70922106
2014-03-20,12223751.532122023
2014-03-21,12140519.134472838
2014-03-24,12038352.531787837
2014-03-25,12031340.707814688
2014-03-26,11914015.9479344
2014-03-27,11879852.946966046
2014-03-28,11909195.039727334
2014-03-31,12153834.858007774
2014-04-01,12237267.609864475
2014-04-02,12330779.586890811
2014-04-03,12212706.445385195
2014-04-04,11950558.385205364
2014-04-07,11752985.094970329
2014-04-08,11812144.99497329
2014-04-09,11977585.88480782
2014-04-10,11706688.59902699
2014-04-11,11536811.869654514
2014-04-14,11599555.30159417
2014-04-15,11631150.90151597
2014-04-16,11745718.767821126
2014-04-17,11792548.43894539
2014-04-21,11839129.80783728
2014-04-22,11999642.58993064
2014-04-23,11908611.255419828
2014-04-24,11934763.544245
2014-04-25,11789617.85914266
2014-04-28,11711483.466897989
2014-04-29,11763155.027365545
2014-04-30,11866126.723268935
2014-05-01,11884614.146572338
2014-05-02,11900558.926789597
2014-05-05,11865143.024516916
2014-05-06,11763648.03845771
2014-05-07,11821341.926252266
2014-05-08,11759069.758507114
2014-05-09,11784616.184037073
2014-05-12,11870231.15505793
2014-05-13,11859254.815771423
2014-05-14,11789522.75305448
2014-05-15,11711606.652849162
2014-05-16,11747348.300047152
2014-05-19,11804863.6466087
2014-05-20,11723344.291885376
2014-05-21,11757759.685503803
2014-05-22,11801691.86478517
2014-05-23,11856459.816901317
2014-05-27,11935412.307448462
2014-05-28,11917469.379695063
2014-05-29,11938507.412258126
2014-05-30,11933023.862698164
2014-06-02,11942844.85771866
2014-06-03,11947132.476684878
2014-06-04,11988493.097827982
2014-06-05,12092873.610139906
2014-06-06,12155032.031267088
2014-06-09,12175987.12340437
2014-06-10,12167204.744054712
2014-06-11,12128207.526941232
2014-06-12,12065913.91945596
2014-06-13,12074214.90982162
2014-06-16,12102355.064075198
2014-06-17,12152973.2519944
2014-06-18,12216131.728587264
2014-06-19,12219553.997676168
2014-06-20,12244563.053110933
2014-06-23,12236544.1867271
2014-06-24,12166908.495302953
2014-06-25,12215875.604685783
2014-06-26,12208706.180610623
2014-06-27,12235550.667608636
2014-06-30,12267536.610711535
2014-07-01,12326837.232642056
2014-07-02,12303863.192992069
2014-07-03,12349790.686572284
2014-07-07,12266099.62676056
2014-07-08,12191466.4937671
2014-07-09,12218481.01665063
2014-07-10,12182364.068316268
2014-07-11,12172588.840901552
2014-07-14,12195556.386105465
2014-07-15,12159542.26803307
2014-07-16,12152601.32169513
2014-07-17,12046789.236406794
2014-07-18,12146988.946451016
2014-07-21,12130282.075405326
2014-07-22,12172727.344874214
2014-07-23,12170082.704614377
2014-07-24,12174454.67034244
2014-07-25,12128554.442275476
2014-07-28,12111879.031169271
2014-07-29,12085330.649912728
2014-07-30,12087402.301666444
2014-07-31,11941102.468208965
2014-08-01,11930053.738370191
2014-08-04,11981481.949911106
2014-08-05,11961271.806595365
2014-08-06,11964950.633371456
2014-08-07,11954705.292721618
2014-08-08,12023854.934833886
2014-08-11,12148130.060755927
2014-08-12,12132463.198217658
2014-08-13,12242098.751443272
2014-08-14,12299555.280844493
2014-08-15,12296070.732615342
2014-08-18,12430321.212246306
2014-08-19,12455632.80524819
2014-08-20,12451925.159390554
2014-08-21,12436213.354926622
2014-08-22,12571180.340081874
2014-08-25,12610557.949040988
2014-08-26,12601526.78820753
2014-08-27,12712662.402529432
2014-08-28,12651203.221253607
2014-08-29,12753633.715105472
2014-09-02,12787809.573796067
2014-09-03,12767110.071068753
2014-09-04,12725435.424501562
2014-09-05,12855216.36941794
2014-09-08,12833155.625130584
2014-09-09,12717095.574090837
2014-09-10,12757140.052699825
2014-09-11,12955362.872451512
2014-09-12,12925240.380705353
2014-09-15,13053832.920966685
2014-09-16,12998204.58308266
2014-09-17,13003743.78546029
2014-09-18,13121989.807843683
2014-09-19,13059614.157593412
2014-09-22,12928104.684100049
2014-09-23,12817552.1648632
2014-09-24,12855902.364134723
2014-09-25,12720913.046684893
2014-09-26,12763764.090978084
2014-09-29,12756091.894775176
2014-09-30,12665778.778904377
2014-10-01,12536951.008219304
2014-10-02,12576808.665783122
2014-10-03,12651154.64816476
2014-10-06,12617809.725974891
2014-10-07,12486137.954373565
2014-10-08,12634258.95804381
2014-10-09,12414864.070006415
2014-10-10,12279034.249491908
2014-10-13,12264005.510023696
2014-10-14,12152928.753977949
2014-10-15,12134042.3883874
2014-10-16,12125768.59929397
2014-10-17,12121324.225340676
2014-10-20,12160974.284513468
2014-10-21,12177733.209253844
2014-10-22,12161678.757913582
2014-10-23,12188335.712860549
2014-10-24,12170681.2778475
2014-10-27,12208098.744121004
2014-10-28,12217329.332865708
2014-10-29,12199162.0679283
2014-10-30,12223297.81138925
2014-10-31,12234852.850440765
2014-11-03,12275465.086317278
2014-11-04,12242430.58869157
2014-11-05,12273529.265021373
2014-11-06,12305255.96104606
2014-11-07,12334823.368325189
2014-11-10,12329076.845195342
2014-11-11,12329154.017013105
2014-11-12,12407969.63859817
2014-11-13,12444651.648505043
2014-11-14,12420769.090347398
2014-11-17,12445521.30320572
2014-11-18,12540191.171292732
2014-11-19,12613580.48318805
2014-11-20,12605511.738345718
2014-11-21,12494208.937239828
2014-11-24,12563815.606518922
2014-11-25,12574451.533739526
2014-11-26,12606473.6863161
2014-11-28,12560316.064350508
2014-12-01,12509776.367184307
2014-12-02,12511429.963982284
2014-12-03,12488078.674749114
2014-12-04,12466365.62028899
2014-12-05,12583204.721938964
2014-12-08,12425411.265217014
2014-12-09,12412402.39213233
2014-12-10,12372602.751804609
2014-12-11,12392188.5638666
2014-12-12,12303421.895492433
2014-12-15,12312302.964197738
2014-12-16,12301343.65049482
2014-12-17,12329424.782390036
2014-12-18,12349295.196288291
2014-12-19,12325413.720745713
2014-12-22,12363290.87447402
2014-12-23,12375381.610840484
2014-12-24,12379410.858005226
2014-12-26,12387071.921939468
2014-12-29,12396849.012460576
2014-12-30,12413695.667623274
2014-12-31,12384729.061175678
2015-01-02,12417424.900476033
2015-01-05,12376703.191969126
2015-01-06,12342686.574104944
2015-01-07,12358923.4613534
2015-01-08,12364021.81861679
2015-01-09,12364382.003074637
2015-01-12,12351736.331020176
2015-01-13,12354100.849281788
2015-01-14,12346889.0134462
2015-01-15,12326155.429410292
2015-01-16,12346230.327017805
2015-01-20,12344937.697195094
2015-01-21,12348034.93603138
2015-01-22,12381520.268239563
2015-01-23,12381817.240212051
2015-01-26,12393277.715944355
2015-01-27,12378365.619606944
2015-01-28,12354341.06829342
2015-01-29,12375098.361925893
2015-01-30,12348803.740376892
2015-02-02,12368223.013153786
2015-02-03,12398348.905997902
2015-02-04,12391516.992947944
2015-02-05,12413017.664603036
2015-02-06,12402918.010046272
2015-02-09,12383544.4646863
2015-02-10,12403205.96842062
2015-02-11,12402101.796099665
2015-02-12,12433243.519385109
2015-02-13,12439174.091669708
2015-02-17,12440870.247636285
2015-02-18,12459786.206905397
2015-02-19,12458976.856647056
2015-02-20,12471640.07946104
2015-02-23,12483072.57805349
2015-02-24,12486337.384184536
2015-02-25,12480226.937363636
2015-02-26,12477271.37416892
2015-02-27,12462997.985145751
2015-03-02,12487879.944758993
2015-03-03,12473373.825570542
2015-03-04,12461642.919627007
2015-03-05,12472550.490984077
2015-03-06,12426865.952604843
2015-03-09,12442091.29900284
2015-03-10,12406996.46145085
2015-03-11,12413345.67303826
2015-03-12,12463213.155003916
2015-03-13,12426924.578644209
2015-03-16,12543817.477257324
2015-03-17,12614095.009215737
2015-03-18,12695152.949813468
2015-03-19,12691335.230505517
2015-03-20,12769125.294376897
2015-03-23,12685394.187978618
2015-03-24,12663928.41382585
2015-03-25,12458973.358652052
2015-03-26,12414860.847781276
2015-03-27,12549351.934462896
2015-03-30,12610959.75618919
2015-03-31,12429935.655828632
2015-04-01,12426878.282681936
2015-04-02,12412921.792067816
2015-04-06,12465666.777193597
2015-04-07,12420592.97327498
2015-04-08,12480149.176439287
2015-04-09,12484143.220550416
2015-04-10,12554882.580012076
2015-04-13,12525529.91381066
2015-04-14,12513520.899066417
2015-04-15,12635864.568651326
2015-04-16,12643990.55521744
2015-04-17,12512227.004089918
2015-04-20,12607920.386280073
2015-04-21,12626098.086272052
2015-04-22,12677771.506063592
2015-04-23,12753877.146967024
2015-04-24,12699945.486431718
2015-04-27,12584442.75493919
2015-04-28,12610327.425081378
2015-04-29,12535714.651740866
2015-04-30,12359987.634209912
2015-05-01,12501236.827511191
2015-05-04,12545799.59935148
2015-05-05,12399162.210038137
2015-05-06,12361532.483088247
2015-05-07,12414908.15247322
2015-05-08,12560348.698297525
2015-05-11,12555151.268091774
2015-05-12,12525181.310968945
2015-05-13,12542205.214121751
2015-05-14,12626006.44434419
2015-05-15,12626378.284145076
2015-05-18,12703447.41292485
2015-05-19,12790792.922277844
2015-05-20,12793853.03881093
2015-05-21,12796208.844016977
2015-05-22,12695177.201929675
2015-05-26,12572931.30462174
2015-05-27,12672071.596766485
2015-05-28,12659943.665698843
2015-05-29,12601628.059551746
2015-06-01,12620374.86720024
2015-06-02,12616629.419125829
2015-06-03,12684617.885225482
2015-06-04,12602873.369776145
2015-06-05,12664822.6596474
2015-06-08,12601060.413336135
2015-06-09,12587024.978489518
2015-06-10,12721418.208274486
2015-06-11,12778925.493522825
2015-06-12,12758521.356196504
2015-06-15,12690105.675326908
2015-06-16,12736988.38715081
2015-06-17,12733634.30966907
2015-06-18,12858053.91217669
2015-06-19,12827485.13308899
2015-06-22,12893344.59713889
2015-06-23,12906205.57750016
2015-06-24,12817894.219250478
2015-06-25,12799763.7187606
2015-06-26,12793659.144988649
2015-06-29,12596634.98365165
2015-06-30,12651886.091960818
2015-07-01,12698682.500252662
2015-07-02,12684105.935759244
2015-07-06,12703803.885398485
2015-07-07,12724404.063392188
2015-07-08,12526600.87342887
2015-07-09,12608384.581969803
2015-07-10,12748475.46393446
2015-07-13,12858690.123914149
2015-07-14,12957033.37738475
2015-07-15,12925699.872452715
2015-07-16,13010365.704061488
2015-07-17,12967467.110999355
2015-07-20,12976965.560859485
2015-07-21,12943429.638162335
2015-07-22,12960420.821324084
2015-07-23,12910119.134788852
2015-07-24,12836569.31207358
2015-07-27,12740442.15486816
2015-07-28,12779194.173544524
2015-07-29,12893646.414737402
2015-07-30,12861198.756100474
2015-07-31,12928287.766529864
2015-08-03,12910920.247268217
2015-08-04,12940163.720733264
2015-08-05,13006647.557190934
2015-08-06,12874520.643612994
2015-08-07,12834987.284585504
2015-08-10,12975150.45381214
2015-08-11,12905101.546441227
2015-08-12,12926798.483209362
2015-08-13,12961469.380472155
2015-08-14,13016378.051827513
2015-08-17,13067062.588528736
2015-08-18,13027994.58930452
2015-08-19,12953081.14535804
2015-08-20,12743001.459813524
2015-08-21,12498262.45974545
2015-08-24,12498262.45974545
2015-08-25,12498262.45974545
2015-08-26,12498262.45974545
2015-08-27,12498262.45974545
2015-08-28,12498262.45974545
2015-08-31,12498262.45974545
2015-09-01,12498262.45974545
2015-09-02,12498262.45974545
2015-09-03,12498262.45974545
2015-09-04,12498262.45974545
2015-09-08,12498262.45974545
2015-09-09,12498262.45974545
2015-09-10,12498262.45974545
2015-09-11,12498262.45974545
2015-09-14,12498262.45974545
2015-09-15,12498262.45974545
2015-09-16,12498262.45974545
2015-09-17,12498262.45974545
2015-09-18,12498262.45974545
2015-09-21,12498262.45974545
2015-09-22,12498262.45974545
2015-09-23,12498262.45974545
2015-09-24,12498262.45974545
2015-09-25,12498262.45974545
2015-09-28,12498262.45974545
2015-09-29,12498262.45974545
2015-09-30,12498262.45974545
2015-10-01,12498262.45974545
2015-10-02,12498262.45974545
2015-10-05,12498262.45974545
2015-10-06,12498262.45974545
2015-10-07,12498262.45974545
2015-10-08,12498262.45974545
2015-10-09,12498262.45974545
2015-10-12,12498262.45974545
2015-10-13,12498262.45974545
2015-10-14,12498262.45974545
2015-10-15,12498262.45974545
2015-10-16,12498262.45974545
2015-10-19,12498262.45974545
2015-10-20,12498262.45974545
2015-10-21,12498262.45974545
2015-10-22,12498262.45974545
2015-10-23,12498262.45974545
2015-10-26,12498262.45974545
2015-10-27,12498262.45974545
2015-10-28,12498262.45974545
2015-10-29,12498262.45974545
2015-10-30,12498262.45974545
2015-11-02,12498262.45974545
2015-11-03,12498262.45974545
2015-11-04,12498262.45974545
2015-11-05,12498262.45974545
2015-11-06,12498262.45974545
2015-11-09,12498262.45974545
2015-11-10,12498262.45974545
2015-11-11,12498262.45974545
2015-11-12,12498262.45974545
2015-11-13,12498262.45974545
2015-11-16,12498262.45974545
2015-11-17,12498262.45974545
2015-11-18,12498262.45974545
2015-11-19,12498262.45974545
2015-11-20,12498262.45974545
2015-11-23,12498262.45974545
2015-11-24,12498262.45974545
2015-11-25,12498262.45974545
2015-11-27,12498262.45974545
2015-11-30,12498262.45974545
2015-12-01,12498262.45974545
2015-12-02,12498262.45974545
2015-12-03,12498262.45974545
2015-12-04,12498262.45974545
2015-12-07,12498262.45974545
2015-12-08,12498262.45974545
2015-12-09,12498262.45974545
2015-12-10,12498262.45974545
2015-12-11,12498262.45974545
2015-12-14,12498262.45974545
2015-12-15,12498262.45974545
2015-12-16,12498262.45974545
2015-12-17,12498262.45974545
2015-12-18,12498242.11437601
2015-12-21,12498242.11437601
2015-12-22,12498303.150484337
2015-12-23,12498303.150484337
2015-12-24,12498303.150484337
2015-12-28,12498323.495853776
2015-12-29,12498282.805114891
2015-12-30,12498282.805114891
2015-12-31,12498323.495853776
2016-01-04,12498323.495853776
2016-01-05,12498323.495853776
2016-01-06,12498323.495853776
2016-01-07,12498323.495853776
2016-01-08,12498323.495853776
2016-01-11,12498323.495853776
2016-01-12,12498323.495853776
2016-01-13,12498323.495853776
2016-01-14,12498323.495853776
2016-01-15,12498323.495853776
2016-01-19,12498323.495853776
2016-01-20,12498323.495853776
2016-01-21,12498323.495853776
2016-01-22,12498323.495853776
2016-01-25,12498323.495853776
2016-01-26,12498323.495853776
2016-01-27,12498374.35927738
2016-01-28,12498374.35927738
2016-01-29,12498476.086124592
2016-02-01,12498476.086124592
2016-02-02,12498476.086124592
2016-02-03,12498366.221129606
2016-02-04,12498323.495853776
2016-02-05,12498323.495853776
2016-02-08,12498323.495853776
2016-02-09,12498323.495853776
2016-02-10,12498323.495853776
2016-02-11,12498323.495853776
2016-02-12,12498323.495853776
2016-02-16,12498323.495853776
2016-02-17,12498323.495853776
2016-02-18,12498323.495853776
2016-02-19,12498323.495853776
2016-02-22,12498323.495853776
2016-02-23,12498323.495853776
2016-02-24,12498323.495853776
2016-02-25,12498323.495853776
2016-02-26,12498323.495853776
2016-02-29,12498323.495853776
2016-03-01,12498323.495853776
2016-03-02,12498323.495853776
2016-03-03,12498323.495853776
2016-03-04,12498323.495853776
2016-03-07,12498323.495853776
2016-03-08,12498323.495853776
2016-03-09,12498323.495853776
2016-03-10,12498323.495853776
2016-03-11,12498323.495853776
2016-03-14,12498323.495853776
2016-03-15,12498323.495853776
2016-03-16,12498323.495853776
2016-03-17,12498323.495853776
2016-03-18,12498323.495853776
2016-03-21,12498323.495853776
2016-03-22,12498323.495853776
2016-03-23,12498323.495853776
2016-03-24,12498323.495853776
2016-03-28,12498323.495853776
2016-03-29,12498323.495853776
2016-03-30,12498323.495853776
2016-03-31,12498323.495853776
2016-04-01,12498323.495853776
2016-04-04,12498323.495853776
2016-04-05,12498323.495853776
2016-04-06,12498323.495853776
2016-04-07,12498323.495853776
2016-04-08,12498323.495853776
2016-04-11,12498323.495853776
2016-04-12,12498323.495853776
2016-04-13,12498323.495853776
2016-04-14,12498323.495853776
2016-04-15,12498323.495853776
2016-04-18,12498323.495853776
2016-04-19,12498323.495853776
2016-04-20,12498323.495853776
2016-04-21,12498323.495853776
2016-04-22,12498323.495853776
2016-04-25,12498323.495853776
2016-04-26,12498323.495853776
2016-04-27,12498323.495853776
2016-04-28,12498323.495853776
2016-04-29,12498323.495853776
2016-05-02,12498323.495853776
2016-05-03,12498323.495853776
2016-05-04,12498323.495853776
2016-05-05,12498323.495853776
2016-05-06,12498323.495853776
2016-05-09,12498323.495853776
2016-05-10,12498323.495853776
2016-05-11,12498323.495853776
2016-05-12,12498323.495853776
2016-05-13,12498323.495853776
2016-05-16,12498323.495853776
2016-05-17,12498323.495853776
2016-05-18,12498323.495853776
2016-05-19,12498323.495853776
2016-05-20,12498323.495853776
2016-05-23,12498323.495853776
2016-05-24,12498323.495853776
2016-05-25,12498323.495853776
2016-05-26,12498323.495853776
2016-05-27,12498323.495853776
2016-05-31,12498323.495853776
2016-06-01,12498323.495853776
2016-06-02,12498323.495853776
2016-06-03,12498323.495853776
2016-06-06,12498323.495853776
2016-06-07,12498323.495853776
2016-06-08,12498323.495853776
2016-06-09,12498323.495853776
2016-06-10,12498990.697035233
2016-06-13,12497754.63830704
2016-06-14,12497340.232008765
2016-06-15,12497087.666700272
2016-06-16,12496991.22726302
2016-06-17,12490431.915666264
2016-06-20,12501087.81884444
2016-06-21,12501223.25991288
2016-06-22,12501395.124243936
2016-06-23,12514950.396814724
2016-06-24,12605557.440188468
2016-06-27,12400785.483726587
2016-06-28,12606959.5649133
2016-06-29,12822819.784686496
2016-06-30,12997067.66620352
2016-07-01,13037980.079865366
2016-07-05,12887271.387849148
2016-07-06,12943316.755023034
2016-07-07,12951925.036126029
2016-07-08,13198887.095399156
2016-07-11,13274477.292116497
2016-07-12,13405579.644915076
2016-07-13,13365034.642644389
2016-07-14,13339326.051674554
2016-07-15,13339192.88095272
2016-07-18,13368690.172358193
2016-07-19,13383618.19821784
2016-07-20,13473676.914331676
2016-07-21,13427743.11145854
2016-07-22,13478458.451842226
2016-07-25,13402036.5766822
2016-07-26,13465348.955777418
2016-07-27,13471584.818490148
2016-07-28,13534417.826701576
2016-07-29,13545725.819360882
2016-08-01,13549459.701526728
2016-08-02,13379909.159281133
2016-08-03,13477211.778597431
2016-08-04,13584462.632627442
2016-08-05,13737390.57991879
2016-08-08,13740507.24819985
2016-08-09,13691374.4955628
2016-08-10,13633991.390662622
2016-08-11,13713068.125001485
2016-08-12,13700687.517816983
2016-08-15,13784233.494345304
2016-08-16,13706705.082597958
2016-08-17,13744322.189408572
2016-08-18,13839760.84244296
2016-08-19,13837863.202024495
2016-08-22,13868280.794888536
2016-08-23,13898082.181991072
2016-08-24,13810569.306959098
2016-08-25,13793352.146405092
2016-08-26,13791236.935604837
2016-08-29,13904291.63027671
2016-08-30,13971878.220879445
2016-08-31,13955833.986418478
2016-09-01,13972686.83274162
2016-09-02,14038001.26469887
2016-09-06,14101779.39089335
2016-09-07,14177386.95060918
2016-09-08,14171045.66663592
2016-09-09,13866005.878609149
2016-09-12,14019370.86180479
2016-09-13,13818123.623619571
2016-09-14,13840821.165428486
2016-09-15,13971403.584184336
2016-09-16,13951324.413685746
2016-09-19,14007932.309380572
2016-09-20,14101486.9424119
2016-09-21,14232979.547372172
2016-09-22,14341818.574975064
2016-09-23,14321187.625370309
2016-09-26,14231144.554340083
2016-09-27,14298552.05477428
2016-09-28,14315144.908181451
2016-09-29,14134993.466327958
2016-09-30,14216753.935409209
2016-10-03,14136926.146059051
2016-10-04,14080485.539808327
2016-10-05,14150229.054742536
2016-10-06,14080663.343888745
2016-10-07,14017006.060303949
2016-10-10,14081119.043082971
2016-10-11,13904420.908915278
2016-10-12,13912530.071104528
2016-10-13,13830098.139117775
2016-10-14,13827773.865999646
2016-10-17,13818041.20568162
2016-10-18,13932010.79101182
2016-10-19,13918587.285425264
2016-10-20,13894691.090633249
2016-10-21,13901034.238942128
2016-10-24,13751619.147924803
2016-10-25,13763394.989771089
2016-10-26,13724478.055178484
2016-10-27,13649915.601958811
2016-10-28,13649600.25798134
2016-10-31,13682528.852167666
2016-11-01,13597372.741231058
2016-11-02,13461558.125174684
2016-11-03,13462124.538584972
2016-11-04,13504432.869793082
2016-11-07,13781144.06504361
2016-11-08,13722598.682268389
2016-11-09,14065577.830120897
2016-11-10,14192626.958252022
2016-11-11,14131970.295721129
2016-11-14,14234159.078505654
2016-11-15,14407436.645067776
2016-11-16,14374156.108096045
2016-11-17,14461255.728501797
2016-11-18,14479362.25007766
2016-11-21,14563080.86861438
2016-11-22,14708816.565630158
2016-11-23,14870007.918381108
2016-11-25,14878414.388732407
2016-11-28,14825554.322827457
2016-11-29,14834794.596358605
2016-11-30,14757053.042487845
2016-12-01,14715115.925267842
2016-12-02,14703499.41148704
2016-12-05,14806346.823261552
2016-12-06,14884090.365934797
2016-12-07,15089400.164977295
2016-12-08,15239650.481325068
2016-12-09,15252129.325827695
2016-12-12,15093152.671366105
2016-12-13,15122795.182346309
2016-12-14,15012665.693075622
2016-12-15,15099572.972090011
2016-12-16,15054775.99539829
2016-12-19,15160731.985057238
2016-12-20,15227066.932263631
2016-12-21,15226075.644450862
2016-12-22,15161807.209474962
2016-12-23,15223909.456706556
2016-12-27,15257717.51652193
2016-12-28,15197020.53194509
2016-12-29,15245475.714406604
2016-12-30,15158653.384002874
2017-01-03,15255863.190911803
2017-01-04,15427874.145003548
2017-01-05,15473270.141803509
2017-01-06,15487899.266374383
2017-01-09,15392595.26059603
2017-01-10,15480203.041452011
2017-01-11,15521823.567181673
2017-01-12,15501025.14063031
2017-01-13,15581206.117129598
2017-01-17,15482357.016785996
2017-01-18,15544944.59592368
2017-01-19,15475262.729277024
2017-01-20,15498086.281700283
2017-01-23,15410664.77703039
2017-01-24,15548630.023177303
2017-01-25,15681307.04473151
2017-01-26,15620801.457537336
2017-01-27,15646630.236131042
2017-01-30,15533740.818121528
2017-01-31,15564144.69173295
2017-02-01,15588368.206655135
2017-02-02,15573479.144631663
2017-02-03,15674650.597530307
2017-02-06,15658482.30644604
2017-02-07,15658784.97350412
2017-02-08,15635427.303983632
2017-02-09,15716319.881246611
2017-02-10,15751193.414854323
2017-02-13,15784911.987112388
2017-02-14,15809214.985767132
2017-02-15,15901887.965232844
2017-02-16,15757093.66950723
2017-02-17,15740489.140437864
2017-02-21,15906928.610484237
2017-02-22,15755227.237135569
2017-02-23,15814177.621376494
2017-02-24,15841341.75511127
2017-02-27,15915676.883042684
2017-02-28,15856696.778240765
2017-03-01,16076757.25324719
2017-03-02,16067488.93434272
2017-03-03,16076215.844345924
2017-03-06,16007863.040643586
2017-03-07,15949064.743196148
2017-03-08,15924901.244804544
2017-03-09,15757307.67404164
2017-03-10,15868251.327845924
2017-03-13,15924595.504407229
2017-03-14,15822193.629906988
2017-03-15,15970160.844986545
2017-03-16,15942894.69068308
2017-03-17,15931529.720623
2017-03-20,15890027.88920308
2017-03-21,15664864.854023458
2017-03-22,15690622.215585724
2017-03-23,16377805.748602122
2017-03-24,16674654.30366916
2017-03-27,16852404.02188959
2017-03-28,16662902.168836692
2017-03-29,16587535.189957324
2017-03-30,16532290.259513931
2017-03-31,16439195.593359778
2017-04-03,16500360.811401945
2017-04-04,16524981.850659627
2017-04-05,16448879.092417754
2017-04-06,16528026.82976087
2017-04-07,16443399.38543062
2017-04-10,16449010.150828576
2017-04-11,16490145.243863365
2017-04-12,16369942.430600436
2017-04-13,16287869.403039854
2017-04-17,16394883.355942044
2017-04-18,16330448.867028818
2017-04-19,16382269.506150752
2017-04-20,16509974.326426651
2017-04-21,16468290.258834207
2017-04-24,16623039.998859247
2017-04-25,16667097.279204875
2017-04-26,16661268.608893463
2017-04-27,16660010.3681947
2017-04-28,16587016.102141293
2017-05-01,16648207.193747
2017-05-02,16671262.349846167
2017-05-03,16624776.86010994
2017-05-04,16521955.477183962
2017-05-05,16649101.590846123
2017-05-08,16588321.63522364
2017-05-09,16563159.730096772
2017-05-10,16596157.8523379
2017-05-11,16555002.710411113
2017-05-12,16532239.101170387
2017-05-15,16728508.452649768
2017-05-16,16733336.496281046
2017-05-17,16553995.1762586
2017-05-18,16319184.285756435
2017-05-19,16563741.09473937
2017-05-22,16621714.745013405
2017-05-23,16656514.535628406
2017-05-24,16680420.070536094
2017-05-25,16441504.291526595
2017-05-26,16434460.355211942
2017-05-30,16396685.600532576
2017-05-31,16333696.38693703
2017-06-01,16422660.586879956
2017-06-02,16796102.47802645
2017-06-05,16453783.195586082
2017-06-06,16454530.093733136
2017-06-07,16600494.77747412
2017-06-08,16572018.058516065
2017-06-09,16548265.03321854
2017-06-12,16495337.106264615
2017-06-13,16550707.20059992
2017-06-14,16466183.015745891
2017-06-15,16466530.096294142
2017-06-16,16321100.39160414
2017-06-19,16463747.905481432
2017-06-20,16409698.259139488
2017-06-21,16403276.95567049
2017-06-22,16464392.41002392
2017-06-23,16570732.51094832
2017-06-26,16587588.289928574
2017-06-27,16501968.189426078
2017-06-28,16588886.448068406
2017-06-29,16493332.978543654
2017-06-30,16523125.287248576
2017-07-03,16538260.17181142
2017-07-05,16518054.883829024
2017-07-06,16458496.558609745
2017-07-07,16557805.99879752
2017-07-10,16518231.654182484
2017-07-11,16539398.433255527
2017-07-12,16655844.623617005
2017-07-13,16691464.164768385
2017-07-14,16760019.630676877
2017-07-17,16770859.276380194
2017-07-18,16804168.100934215
2017-07-19,16859934.357920963
2017-07-20,16818053.015865967
2017-07-21,16802584.23027576
2017-07-24,16883325.916630834
2017-07-25,16924423.227907386
2017-07-26,16915786.202363513
2017-07-27,16821270.98446743
2017-07-28,16877894.994562615
2017-07-31,16850480.991438676
2017-08-01,16796411.77955049
2017-08-02,16754179.521005174
2017-08-03,16728032.907596504
2017-08-04,16727211.726666426
2017-08-07,16722866.907373749
2017-08-08,16939359.037339136
2017-08-09,16914769.069009855
2017-08-10,16692920.58515448
2017-08-11,16730492.119216846
2017-08-14,16922863.684238262
2017-08-15,16794169.65337833
2017-08-16,16765289.38085902
2017-08-17,16529825.943732385
2017-08-18,16467531.930135954
2017-08-21,16472593.393324524
2017-08-22,16622917.193131393
2017-08-23,16600565.171526495
2017-08-24,16606919.696331665
2017-08-25,16597178.030847097
2017-08-28,16624484.736247076
2017-08-29,16509496.727691513
2017-08-30,16685675.213604445
2017-08-31,16818728.963087503
2017-09-01,16875038.01508275
2017-09-05,16627085.162635116
2017-09-06,16701702.215155756
2017-09-07,16668085.601737203
2017-09-08,16638187.13051944
2017-09-11,16782275.290298995
2017-09-12,16849543.53276981
2017-09-13,17017162.032548048
2017-09-14,17040609.572880816
2017-09-15,17042355.985136166
2017-09-18,17013856.258997705
2017-09-19,17046893.427140824
2017-09-20,17063526.782266382
2017-09-21,17086763.979453743
2017-09-22,17226228.896704074
2017-09-25,17074150.32475477
2017-09-26,17086925.95992301
2017-09-27,17238138.235950127
2017-09-28,17236881.9506611
2017-09-29,17335220.41632371
2017-10-02,17478570.273980696
2017-10-03,17537169.064839818
2017-10-04,17503465.11468037
2017-10-05,17561589.996591587
2017-10-06,17567356.93782875
2017-10-09,17522470.90461725
2017-10-10,17631662.14082097
2017-10-11,17699773.542600986
2017-10-12,17659667.403282665
2017-10-13,17790243.777993582
2017-10-16,17762022.22519236
2017-10-17,17715915.82764007
2017-10-18,17746273.634351224
2017-10-19,17701474.07897813
2017-10-20,17795168.665746644
2017-10-23,17795085.98864014
2017-10-24,17845781.72859808
2017-10-25,17747094.457729343
2017-10-26,17817018.913602747
2017-10-27,17856536.362632975
2017-10-30,17701551.900982276
2017-10-31,17747589.173412703
2017-11-01,17716401.176158894
2017-11-02,17752552.3991958
2017-11-03,17690768.770493265
2017-11-06,17687502.771303233
2017-11-07,17571545.200521257
2017-11-08,17484790.628117573
2017-11-09,17377686.632420134
2017-11-10,17384127.093482517
2017-11-13,17456105.982488386
2017-11-14,17475937.178981178
2017-11-15,17429421.400050677
2017-11-16,17481934.769694258
2017-11-17,17484026.14816899
2017-11-20,17717313.613419943
2017-11-21,17736366.255589858
2017-11-22,17678984.533563502
2017-11-24,17663912.014302906
2017-11-27,17565320.048419885
2017-11-28,17829110.28059053
2017-11-29,17807331.346275717
2017-11-30,17874735.1261645
2017-12-01,17879496.902954664
2017-12-04,17885272.723442044
2017-12-05,17803182.930975895
2017-12-06,17782367.06479513
2017-12-07,17858205.257231113
2017-12-08,17919264.299129188
2017-12-11,17869922.855756316
2017-12-12,17852465.993120417
2017-12-13,17806059.088518493
2017-12-14,17784267.366296917
2017-12-15,17918415.543553557
2017-12-18,17999459.320217647
2017-12-19,17900196.067752928
2017-12-20,17898953.931674827
2017-12-21,17999542.242146876
2017-12-22,17941748.032914374
2017-12-26,17932716.958334275
2017-12-27,17882126.42713251
2017-12-28,17911899.75164546
2017-12-29,17812892.723771494
2018-01-02,17925982.66096514
2018-01-03,17954642.606031273
2018-01-04,18003658.238810945
2018-01-05,18025065.439945213
2018-01-08,18090536.19138481
2018-01-09,18096159.80082081
2018-01-10,18094468.348304544
2018-01-11,18256460.497637432
2018-01-12,18321305.37787175
2018-01-16,18202582.669980355
2018-01-17,18277234.866765734
2018-01-18,18269398.803741176
2018-01-19,18389180.097048808
2018-01-22,18446788.570737075
2018-01-23,18532546.096676797
2018-01-24,18516070.607819278
2018-01-25,18527872.70689494
2018-01-26,18630255.64598748
2018-01-29,18593204.081018765
2018-01-30,18494987.58350871
2018-01-31,18450889.51975705
2018-02-01,18492959.47691874
2018-02-02,18277651.90901145
2018-02-05,17932316.525056086
2018-02-06,18060423.19105123
2018-02-07,18065541.38633952
2018-02-08,17732275.89550977
2018-02-09,17823117.545478854
2018-02-12,17823547.514875494
2018-02-13,17823797.077532288
2018-02-14,17824502.40458449
2018-02-15,17824975.418396253
2018-02-16,17825646.404867273
2018-02-20,17825577.565453384
2018-02-21,17825981.898102786
2018-02-22,17825147.437805217
2018-02-23,17824553.994582027
2018-02-26,17824511.10841843
2018-02-27,17824132.570767798
2018-02-28,17823754.033117164
2018-03-01,17823840.121947408
2018-03-02,17824304.59017676
2018-03-05,17824528.19958326
2018-03-06,17824192.70634775
2018-03-07,17824218.501346517
2018-03-08,17824235.75076287
2018-03-09,17824700.377243746
2018-03-12,17824493.859002076
2018-03-13,17824227.205180455
2018-03-14,17824218.501346517
2018-03-15,17823822.872531056
2018-03-16,17823883.008111004
2018-03-19,17823874.46252859
2018-03-20,17824072.276936322
2018-03-21,17824072.276936322
2018-03-22,17823220.725473925
2018-03-23,17822971.32106866
2018-03-26,17822971.32106866
2018-03-27,17822971.32106866
2018-03-28,17822971.32106866
2018-03-29,17822971.32106866
2018-04-02,17822971.32106866
2018-04-03,17822971.32106866
2018-04-04,17822971.32106866
2018-04-05,17822971.32106866
2018-04-06,17822971.32106866
2018-04-09,17822971.32106866
2018-04-10,17822971.32106866
2018-04-11,17822971.32106866
2018-04-12,17822971.32106866
2018-04-13,17822971.32106866
2018-04-16,17822971.32106866
2018-04-17,17822971.32106866
2018-04-18,17822971.32106866
2018-04-19,17822971.32106866
2018-04-20,17822971.32106866
2018-04-23,17822971.32106866
2018-04-24,17822971.32106866
2018-04-25,17822971.32106866
2018-04-26,17822971.32106866
2018-04-27,17822971.32106866
2018-04-30,17822971.32106866
2018-05-01,17822971.32106866
2018-05-02,17822971.32106866
2018-05-03,17822971.32106866
2018-05-04,17820939.92426647
2018-05-07,17825960.32895722
2018-05-08,17829051.636152923
2018-05-09,17834797.661072347
2018-05-10,17838496.060101274
2018-05-11,17837261.58827902
2018-05-14,17832699.96920562
2018-05-15,17834059.278749686
2018-05-16,17844843.29016469
2018-05-17,17847034.070784956
2018-05-18,17837608.93129229
2018-05-21,17844991.578635823
2018-05-22,17841288.053761978
2018-05-23,17844201.33436359
2018-05-24,17846931.82388349
2018-05-25,17845553.092273787
2018-05-29,17839022.606754486
2018-05-30,17856962.293535274
2018-05-31,17849026.174254254
2018-06-01,17860459.7428509
2018-06-04,17866629.646162238
2018-06-05,17874502.355093423
2018-06-06,17880952.369636156
2018-06-07,17872334.58377379
2018-06-08,17876114.77175623
2018-06-11,17879063.277971584
2018-06-12,17881073.97103574
2018-06-13,17874683.452295046
2018-06-14,17883339.747316662
2018-06-15,17878959.134012565
2018-06-18,17884273.287759416
2018-06-19,17876414.545457605
2018-06-20,17878849.582736127
2018-06-21,17868172.62490874
2018-06-22,17867914.54511468
2018-06-25,17838385.12302654
2018-06-26,17847368.32141507
2018-06-27,17815181.596142296
2018-06-28,17826687.454890944
2018-06-29,17958126.20777082
2018-07-02,18017930.599596817
2018-07-03,17994484.9393174
2018-07-05,18128241.205456886
2018-07-06,18265426.355553657
2018-07-09,18428361.242001027
2018-07-10,18394001.64353781
2018-07-11,18284591.60513401
2018-07-12,18378239.377502978
2018-07-13,18350098.95543425
2018-07-16,18344054.590581488
2018-07-17,18429074.855510544
2018-07-18,18540332.12526181
2018-07-19,18543014.56986533
2018-07-20,18507349.135660656
2018-07-23,18520951.629040685
2018-07-24,18456816.419498462
2018-07-25,18582202.48924867
2018-07-26,18643020.802688625
2018-07-27,18446810.78372871
2018-07-30,18282051.61541588
2018-07-31,18446037.04594509
2018-08-01,18397261.184145987
2018-08-02,18528904.46085497
2018-08-03,18550718.322743777
2018-08-06,18629652.950180504
2018-08-07,18733809.54135682
2018-08-08,18658036.915843453
2018-08-09,18662043.015833914
2018-08-10,18590188.45119956
2018-08-13,18504357.07269058
2018-08-14,18638190.409096368
2018-08-15,18467056.623716768
2018-08-16,18576986.575332485
2018-08-17,18617150.828037653
2018-08-20,18678852.802927475
2018-08-21,18799827.455923643
2018-08-22,18810574.898917258
2018-08-23,18772449.27067781
2018-08-24,18872307.562658437
2018-08-27,18974459.65167579
2018-08-28,18986947.737606183
2018-08-29,19025766.48216404
2018-08-30,18952444.197498567
2018-08-31,18988079.70000316
2018-09-04,18981547.28770877
2018-09-05,18891697.07242899
2018-09-06,18843944.36913379
2018-09-07,18817647.67611001
2018-09-10,18888420.9226949
2018-09-11,18919235.09439204
2018-09-12,18921874.468866248
2018-09-13,18964508.15864379
2018-09-14,19027295.718470797
2018-09-17,18884744.87232665
2018-09-18,18961251.348371696
2018-09-19,18957441.562343083
2018-09-20,19040546.807922024
2018-09-21,19015660.33970743
2018-09-24,18928515.99446241
2018-09-25,18959940.90857964
2018-09-26,18918464.10337304
2018-09-27,18937647.626349457
2018-09-28,18955174.37826671
2018-10-01,18868477.870182235
2018-10-02,18799877.392591797
2018-10-03,18869123.564718515
2018-10-04,18661377.34128903
2018-10-05,18484185.76940069
2018-10-08,18489356.33227386
2018-10-09,18489200.0177831
2018-10-10,18480028.959860843
2018-10-11,18470769.5709378
2018-10-12,18471466.46489601
2018-10-15,18472425.785370853
2018-10-16,18482134.42503364
2018-10-17,18490698.05373739
2018-10-18,18482849.50794949
2018-10-19,18484518.456859216
2018-10-22,18482690.77102269
2018-10-23,18483041.65612308
2018-10-24,18489435.772974662
2018-10-25,18485259.50733724
2018-10-26,18480770.70708008
2018-10-29,18483980.943402257
2018-10-30,18486632.79292349
2018-10-31,18484653.19197112
2018-11-01,18484986.130908336
2018-11-02,18483515.190613497
2018-11-05,18487143.10941529
2018-11-06,18490909.60139246
2018-11-07,18493611.598109946
2018-11-08,18495152.66221991
2018-11-09,18498015.176488563
2018-11-12,18500333.123391327
2018-11-13,18500060.169537243
2018-11-14,18499069.985799614
2018-11-15,18500014.21285439
2018-11-16,18501637.89859243
2018-11-19,18502255.115662023
2018-11-20,18499780.52562322
2018-11-21,18495408.662390195
2018-11-23,18496665.046615694
2018-11-26,18497094.25699252
2018-11-27,18498200.824550483
2018-11-28,18498953.993884765
2018-11-29,18498724.569182143
2018-11-30,18503173.45566262
2018-12-03,18504399.70298465
2018-12-04,18504237.40528215
2018-12-06,18507014.745000783
2018-12-07,18507560.32663374
2018-12-10,18507599.69551151
2018-12-11,18508344.484352443
2018-12-12,18506844.455879938
2018-12-13,18509813.61948635
2018-12-14,18508368.79052158
2018-12-17,18508368.79052158
2018-12-18,18508368.79052158
2018-12-19,18508368.79052158
2018-12-20,18508368.79052158
2018-12-21,18648633.314846717
2018-12-24,18283506.252662063
2018-12-26,19096890.33944013
2018-12-27,19207837.81506208
2018-12-28,19225441.45005939
2018-12-31,19399861.99024565
2019-01-02,19443241.00522356
2019-01-03,19088289.477411605
2019-01-04,19740283.007819805
2019-01-07,19960728.96136565
2019-01-08,20219291.98956423
2019-01-09,20401110.7791094
2019-01-10,20501708.38997113
2019-01-11,20549263.163419865
2019-01-14,20459818.32612617
2019-01-15,20641422.58919473
2019-01-16,20741919.85757216
2019-01-17,20895778.03117332
2019-01-18,21137659.25156431
2019-01-22,20829710.22441179
2019-01-23,20801842.29724202
2019-01-24,20980474.536623232
2019-01-25,21243430.96206908
2019-01-28,21137740.991700783
2019-01-29,21121491.459556755
2019-01-30,21404820.4415464
2019-01-31,21529188.06152208
2019-02-01,21634634.00961628
2019-02-04,21761924.117956147
2019-02-05,21850110.117014427
2019-02-06,21849780.254823
2019-02-07,21684834.250034448
2019-02-08,21700442.784750544
2019-02-11,21806129.95661084
2019-02-12,22111978.52956258
2019-02-13,22143851.64841221
2019-02-14,22149929.86038211
2019-02-15,22465993.97060023
2019-02-19,22559415.638767198
2019-02-20,22650493.803065643
2019-02-21,22628703.40755657
2019-02-22,22849205.3736478
2019-02-25,22874832.593053386
2019-02-26,22809352.350531545
2019-02-27,22871042.449308783
2019-02-28,22812976.36646876
2019-03-01,22958429.968443085
2019-03-04,22827003.552717216
2019-03-05,22768490.24146557
2019-03-06,22521522.273234025
2019-03-07,22323826.339835387
2019-03-08,22267037.017842297
2019-03-11,22558093.489861637
2019-03-12,22589985.96846756
2019-03-13,22736500.53422983
2019-03-14,22695623.54167813
2019-03-15,22810234.28040232
2019-03-18,22967912.846752647
2019-03-19,22875429.22524944
2019-03-20,22730997.00529935
2019-03-21,23000878.02742224
2019-03-22,22379091.61682448
2019-03-25,22420987.397290315
2019-03-26,22600104.150768712
2019-03-27,22506418.835702177
2019-03-28,22660770.064369325
2019-03-29,22790650.96817298
2019-04-01,23122722.52529611
2019-04-02,23109236.673500404
2019-04-03,23235095.82114984
2019-04-04,23278221.8006085
2019-04-05,23421950.33580034
2019-04-08,23401084.503363963
2019-04-09,23210293.12084025
2019-04-10,23385707.26245983
2019-04-11,23426059.04088914
2019-04-12,23530519.917054307
2019-04-15,23432440.81028229
2019-04-16,23531297.2747636
2019-04-17,23358515.674990647
2019-04-18,23409011.780144
2019-04-22,23383380.697697096
2019-04-23,23618972.290168025
2019-04-24,23630234.51901721
2019-04-25,23497846.40888385
2019-04-26,23664180.252502806
2019-04-29,23683031.385936487
2019-04-30,23626353.563203257
2019-05-01,23469233.79307031
2019-05-02,23538301.08093269
2019-05-03,23830303.72994877
2019-05-06,23748188.950236376
2019-05-07,23358198.530936264
2019-05-08,23282366.2457292
2019-05-09,23275737.3269436
2019-05-10,23352264.541914716
2019-05-13,22749206.062566586
2019-05-14,22970751.99105525
2019-05-15,23040327.53580288
2019-05-16,23206259.49308949
2019-05-17,22990244.158745617
2019-05-20,22861271.56015354
2019-05-21,23097703.78627156
2019-05-22,23009344.78150291
2019-05-23,22721525.53944609
2019-05-24,22865470.84253202
2019-05-28,22737801.311884552
2019-05-29,22602565.46018204
2019-05-30,22852551.43670391
2019-05-31,22542286.06697292
2019-06-03,22589449.57892194
2019-06-04,23073094.20154814
2019-06-05,23068043.732174058
2019-06-06,23223878.55201559
2019-06-07,23341259.10595494
2019-06-10,23420379.25948907
2019-06-11,23362049.31336832
2019-06-12,23340664.248076808
2019-06-13,23456234.00265801
2019-06-14,23432669.57555966
2019-06-17,23484194.07777728
2019-06-18,23710726.64521581
2019-06-19,23744381.769373525
2019-06-20,23898676.91753609
2019-06-21,23836967.186939843
2019-06-24,23731509.141025063
2019-06-25,23574942.935979117
2019-06-26,23566944.4379296
2019-06-27,23838454.52603073
2019-06-28,24058103.29864021
2019-07-01,24211454.933431957
2019-07-02,24238494.43155777
2019-07-03,24381205.135853726
2019-07-05,24361510.62769907
2019-07-08,24190221.90899062
2019-07-09,24202282.867205385
2019-07-10,24362470.057601757
2019-07-11,24365412.37431609
2019-07-12,24444958.42641863
2019-07-15,24350122.065835945
2019-07-16,24392056.948556527
2019-07-17,24263089.63638068
2019-07-18,24327970.69107384
2019-07-19,24322270.241345648
2019-07-22,24524938.095799007
2019-07-23,24810770.880163908
2019-07-24,25195484.87369821
2019-07-25,24866484.832492214
2019-07-26,24878736.08828625
2019-07-29,24728647.725008093
2019-07-30,24800861.073192514
2019-07-31,24684711.155934997
2019-08-01,24723846.17772817
2019-08-02,24509941.26789554
2019-08-05,23922553.548925005
2019-08-06,24239583.25605707
2019-08-07,24314161.604487754
2019-08-08,24788116.836226445
2019-08-09,24585658.19393
2019-08-12,24390142.605327547
2019-08-13,24629234.085410763
2019-08-14,24012525.018230166
2019-08-15,24041517.77890379
2019-08-16,24415971.410945207
2019-08-19,24617710.57027133
2019-08-20,24384157.988276005
2019-08-21,25145171.062991805
2019-08-22,25279712.28487113
2019-08-23,24703636.43771306
2019-08-26,24952008.119363774
2019-08-27,24844106.460837506
2019-08-28,25377907.76015012
2019-08-29,25734483.5885482
2019-08-30,25840004.829742897
2019-09-03,25525205.48108764
2019-09-04,25922039.968229
2019-09-05,26383176.551654905
2019-09-06,26397391.1241343
2019-09-09,26980622.99418764
2019-09-10,26425633.413411938
2019-09-11,26480643.785955325
2019-09-12,26262093.553433705
2019-09-13,26592177.006359484
2019-09-16,26887262.552368503
2019-09-17,27038413.929701004
2019-09-18,26768801.55875268
2019-09-19,26986999.923743173
2019-09-20,26789104.500365816
2019-09-23,26803265.64183455
2019-09-24,26593364.98277358
2019-09-25,26727726.08128423
2019-09-26,26603546.3901304
2019-09-27,26344278.8757878
2019-09-30,26514140.48044677
2019-10-01,26128293.258699685
2019-10-02,25621007.92886448
2019-10-03,25627121.91636559
2019-10-04,25899500.260921407
2019-10-07,25775837.910375178
2019-10-08,25289197.87889283
2019-10-09,25536318.15901694
2019-10-10,25488049.019361496
2019-10-11,25830126.94347659
2019-10-14,25584241.19403234
2019-10-15,25908353.496934928
2019-10-16,25859656.8709766
2019-10-17,26195097.29417537
2019-10-18,26189015.845989022
2019-10-21,26405751.258048896
2019-10-22,26349606.092380635
2019-10-23,26670783.491960578
2019-10-24,26744884.498737607
2019-10-25,26716539.33100897
2019-10-28,26854419.125755794
2019-10-29,26815848.095073584
2019-10-30,27044616.68429864
2019-10-31,26803030.194268312
2019-11-01,26971813.100601997
2019-11-04,27099677.062829204
2019-11-05,27137704.78103605
2019-11-06,27026059.34168532
2019-11-07,27119832.208525304
2019-11-08,27233273.82908166
2019-11-11,28485961.778712902
2019-11-12,28432034.99047968
2019-11-13,28451419.68933076
2019-11-14,28470236.788118195
2019-11-15,28958123.83519313
2019-11-18,29259079.92214914
2019-11-19,28884282.869144574
2019-11-20,28724014.2375152
2019-11-21,29249016.066501625
2019-11-22,29342208.198523127
2019-11-25,29547691.35740735
2019-11-26,29691281.250035863
2019-11-27,29800189.257325605
2019-11-29,29595279.467391945
2019-12-02,29349579.81301006
2019-12-03,29357620.01503918
2019-12-04,29495648.12075845
2019-12-05,29498215.81596457
2019-12-06,29836365.26309925
2019-12-09,29503502.140756387
2019-12-10,29319205.848372243
2019-12-11,29607829.73499313
2019-12-12,29870765.92449877
2019-12-13,29748131.92719781
2019-12-16,29820520.629445117
2019-12-17,29686623.951936517
2019-12-18,29531164.47850196
2019-12-19,29530003.452161398
2019-12-20,29708097.63426285
2019-12-23,29795781.36283471
2019-12-24,29799276.588115294
2019-12-26,29793294.493739303
2019-12-27,29725276.69306673
2019-12-30,29605939.73091463
2019-12-31,29675918.91218809
2020-01-02,29676015.12160118
2020-01-03,29939133.90065224
2020-01-06,29929496.12231019
2020-01-07,29536602.06977984
2020-01-08,29714271.630946763
2020-01-09,29866568.896120016
2020-01-10,29701849.744497582
2020-01-13,29992934.37817097
2020-01-14,30018449.40155397
2020-01-15,30108618.67193516
2020-01-16,30231738.9657938
2020-01-17,30332181.362475373
2020-01-21,30397820.04790063
2020-01-22,30753851.49423507
2020-01-23,31073995.77647516
2020-01-24,30787258.17736786
2020-01-27,30127013.801662397
2020-01-28,30513905.18119949
2020-01-29,30442371.98132077
2020-01-30,30521197.86154563
2020-01-31,30242376.742501978
2020-02-03,30827250.61543973
2020-02-04,30703063.299698837
2020-02-05,31043273.375000723
2020-02-06,30985237.915046647
2020-02-07,30732495.768972546
2020-02-10,31130645.2248314
2020-02-11,30744606.32662911
2020-02-12,30977569.447783224
2020-02-13,31055611.008946728
2020-02-14,30923003.718414195
2020-02-18,30626246.294691585
2020-02-19,30684278.07832317
2020-02-20,30938738.70230218
2020-02-21,30436905.528919417
2020-02-24,29431716.249875236
2020-02-25,28690752.482985083
2020-02-26,28511089.459511813
2020-02-27,27701844.65869033
2020-02-28,27702424.33489054
2020-03-02,27704267.37613709
2020-03-03,27699312.63264508
2020-03-04,27701224.10908665
2020-03-05,27697221.7924068
2020-03-06,27695005.167885195
2020-03-09,27683832.05450065
2020-03-10,27689980.47115094
2020-03-11,27681379.377895307
2020-03-12,27672788.90523617
2020-03-13,27683171.386488546
2020-03-16,27683171.386488546
2020-03-17,27683171.386488546
2020-03-18,27683171.386488546
2020-03-19,27683171.386488546
2020-03-20,27848486.51715012
2020-03-23,26878658.206013195
2020-03-24,29785358.66662666
2020-03-25,30929218.484572228
2020-03-26,32896603.30869621
2020-03-27,31691434.37024339
2020-03-30,31882015.98100687
2020-03-31,31503116.906045537
2020-04-01,29547563.724320807
2020-04-02,29813411.771620777
2020-04-03,28915715.21384832
2020-04-06,31478511.64883563
2020-04-07,32254809.098426
2020-04-08,34120823.8767141
2020-04-09,34989211.99183091
2020-04-13,34060565.04399447
2020-04-14,34756562.443172686
2020-04-15,33510467.16619438
2020-04-16,33458214.43933418
2020-04-17,34924309.218066856
2020-04-20,33982132.79522803
2020-04-21,32618292.740720365
2020-04-22,33384482.03961293
2020-04-23,33768927.22083374
2020-04-24,34156173.71457737
2020-04-27,35551561.694324605
2020-04-28,36234125.33958929
2020-04-29,37802946.27099472
2020-04-30,36718551.61203763
2020-05-01,35268917.85853909
2020-05-04,35580797.60374454
2020-05-05,35726690.54879832
2020-05-06,35484487.26420248
2020-05-07,36131762.09804388
2020-05-08,37336694.336320855
2020-05-11,37189944.27012409
2020-05-12,36152282.47971039
2020-05-13,34513188.6770748
2020-05-14,35488384.02721671
2020-05-15,35859871.840097025
2020-05-18,37944647.85387172
2020-05-19,37694847.98112809
2020-05-20,38186418.53310284
2020-05-21,38563028.51079055
2020-05-22,38524923.68129285
2020-05-26,40140873.27025716
2020-05-27,41389873.59256084
2020-05-28,40366919.47728416
2020-05-29,40296053.190061465
2020-06-01,40999472.14367946
2020-06-02,41394522.807516456
2020-06-03,42453113.39884755
2020-06-04,42589858.07981964
2020-06-05,44191400.81582572
2020-06-08,44945933.67956493
2020-06-09,43899464.83196595
2020-06-10,43355867.155002974
2020-06-11,40215464.78562836
2020-06-12,41307744.5210012
2020-06-15,42319570.19134129
2020-06-16,42728970.36194483
2020-06-17,42622211.23856112
2020-06-18,42625033.62852742
2020-06-19,42810489.45441942
2020-06-22,42784253.5383381
2020-06-23,42923803.08061378
2020-06-24,41548383.41322569
2020-06-25,42086570.56772722
2020-06-26,40559201.03240179
2020-06-29,41459209.20321201
2020-06-30,41806188.4569252
2020-07-01,41676627.39598601
2020-07-02,41712911.06429502
2020-07-06,42309011.56862201
2020-07-07,41296132.28892514
2020-07-08,41859939.47079656
2020-07-09,41149705.93329733
2020-07-10,41901514.746242814
2020-07-13,41287734.78499725
2020-07-14,41959885.09998544
2020-07-15,43009683.659104265
2020-07-16,42694892.33424981
2020-07-17,42656907.89832625
2020-07-20,43336365.89911635
2020-07-21,43184409.59393966
2020-07-22,43344049.98881912
2020-07-23,43144330.50011725
2020-07-24,42904636.30128577
2020-07-27,43522222.31976057
2020-07-28,43034161.92097553
2020-07-29,43965761.286700025
2020-07-30,43835381.896838434
2020-07-31,43775325.74309977
2020-08-03,45340067.07623875
2020-08-04,45532348.78881657
2020-08-05,46586567.0341621
2020-08-06,46733196.77051069
2020-08-07,46880602.44746321
2020-08-10,47168751.22584567
2020-08-11,47358902.921898894
2020-08-12,50966091.095322415
2020-08-13,51438471.5628421
2020-08-14,51961958.00579053
2020-08-17,51548504.80886602
2020-08-18,51135126.9660252
2020-08-19,51126365.20931608
2020-08-20,50730511.01287192
2020-08-21,49870271.19622295
2020-08-24,50140039.5221581
2020-08-25,50188777.01628975
2020-08-26,50403060.57322176
2020-08-27,50147544.96345381
2020-08-28,50441531.65136951
2020-08-31,50126924.47343952
2020-09-01,50603605.41076396
2020-09-02,51098768.15304063
2020-09-03,49864473.44942527
2020-09-04,49657380.45425188
2020-09-08,48921716.23391166
2020-09-09,49254346.61889395
2020-09-10,48803847.08911554
2020-09-11,48747749.31594984
2020-09-14,49396862.67063282
2020-09-15,49374230.46765838
2020-09-16,49400287.20162153
2020-09-17,49224140.71729349
2020-09-18,48856740.10503164
2020-09-21,48058572.53822544
2020-09-22,48316187.63175145
2020-09-23,47625655.91345557
2020-09-24,47617009.0562922
2020-09-25,48055229.870894015
2020-09-28,48697270.191075474
2020-09-29,48465457.37019525
2020-09-30,48604418.0786726
2020-10-01,49114301.65431629
2020-10-02,49131878.31362208
2020-10-05,49774837.27930955
2020-10-06,49546138.74976456
2020-10-07,50212182.29616571
2020-10-08,50565785.85003408
2020-10-09,50821828.314695664
2020-10-12,51032349.246111415
2020-10-13,50809631.339043945
2020-10-14,50637125.91297489
2020-10-15,50860201.87126536
2020-10-16,50876294.73303596
2020-10-19,50561519.41415724
2020-10-20,50802171.02671362
2020-10-21,50509720.03925333
2020-10-22,50863601.4149237
2020-10-23,51137347.99294821
2020-10-26,50333532.20420222
2020-10-27,49886884.22272297
2020-10-28,48966285.71954992
2020-10-29,49406825.65755798
2020-10-30,48681102.81518502
2020-11-02,49960294.74614789
2020-11-03,51338564.77226508
2020-11-04,52107078.30926181
2020-11-05,53271739.82231862
2020-11-06,53043087.86083175
2020-11-09,54418273.62234269
2020-11-10,55657446.619116224
2020-11-11,55616344.4608895
2020-11-12,56185100.57192552
2020-11-13,59124251.57582175
2020-11-16,59654598.258825965
2020-11-17,59886607.356483184
2020-11-18,59259349.28451435
2020-11-19,58809919.77348646
2020-11-20,58950399.890744574
2020-11-23,59673249.61304181
2020-11-24,60918576.2179741
2020-11-25,60855510.58982552
2020-11-27,61386183.59297022
2020-11-30,60582524.04160747
2020-12-01,61654145.17469666
2020-12-02,62195377.7532505
2020-12-03,63178156.36427356
2020-12-04,64513632.93932917
2020-12-07,65142037.951306894
2020-12-08,65854894.4077914
2020-12-09,65448106.49483257
2020-12-10,65265734.83701952
2020-12-11,65874824.81004648
2020-12-14,65767715.69043051
2020-12-15,67783089.9083155
2020-12-16,68414185.74603587
2020-12-17,69569770.01899883
2020-12-18,70276256.96811718
2020-12-21,70204888.18557149
2020-12-22,69830858.67229189
2020-12-23,69509115.2081336
2020-12-24,69582104.58348872
2020-12-28,69562087.15427727
2020-12-29,69217348.0562982
2020-12-30,70302610.77518211
2020-12-31,69749192.64591697
2021-01-04,68426380.16119681
2021-01-05,69552432.82837568
2021-01-06,70424397.21218261
2021-01-07,72554616.12584929
2021-01-08,72737802.53679065
2021-01-11,74536767.90845907
2021-01-12,75058242.82752122
2021-01-13,75023043.1166042
2021-01-14,75476614.19363318
2021-01-15,72966062.31648412
2021-01-19,73197855.36308776
2021-01-20,73833830.19763766
2021-01-21,73522420.50446852
2021-01-22,73364674.87714651
2021-01-25,73141943.40257229
2021-01-26,72875294.46233577
2021-01-27,71653473.24169779
2021-01-28,72258023.05626708
2021-01-29,71502946.42491789
2021-02-01,72180867.44325523
2021-02-02,72785758.64518209
2021-02-03,72815708.9065356
2021-02-04,73621234.69540359
2021-02-05,73832244.21740198
2021-02-08,74367401.0768547
2021-02-09,74484504.48753448
2021-02-10,74507932.7856554
2021-02-11,74596576.58015822
2021-02-12,74785286.00491153
2021-02-16,74755797.56877074
2021-02-17,74508762.93682957
2021-02-18,74336817.43163128
2021-02-19,75078835.02474576
2021-02-22,74905347.8300838
2021-02-23,75111802.98163468
2021-02-24,75802285.79232992
2021-02-25,74556795.12439296
2021-02-26,74311692.91032135
2021-03-01,77662047.79393871
2021-03-02,77688858.15942772
2021-03-03,75287106.63219863
2021-03-04,74518244.16607642
2021-03-05,75585832.30234393
2021-03-08,75180173.9326386
2021-03-09,77635550.69001254
2021-03-10,78750424.09104249
2021-03-11,84267298.17535457
2021-03-12,84404006.95080106
2021-03-15,84565915.3230512
2021-03-16,83277399.93087414
2021-03-17,83925787.02683368
2021-03-18,79820671.26094298
2021-03-19,80106202.6427479
2021-03-22,79691239.07451053
2021-03-23,77638906.64364704
2021-03-24,76133207.12459755
2021-03-25,78173155.49525389
2021-03-26,78634357.18491828
2021-03-29,76833930.68267253
2021-03-30,77731900.69092804
2021-03-31,78354395.50066848
2021-04-01,80760376.68134063
2021-04-05,81677635.0886549
2021-04-06,82452629.00795439
2021-04-07,81166596.64851145
2021-04-08,82945631.61105457
2021-04-09,83601225.88124658
2021-04-12,84218865.98151277
2021-04-13,84311902.4810078
2021-04-14,84325577.34441392
2021-04-15,84491089.86992577
2021-04-16,85467435.9606446
2021-04-19,84751963.14229456
2021-04-20,83003179.6198519
2021-04-21,86076214.71343102
2021-04-22,86109889.8142403
2021-04-23,88111275.74075684
2021-04-26,89364935.53680046
2021-04-27,89033237.93924376
2021-04-28,89475065.88656598
2021-04-29,89072583.80818522
2021-04-30,87794979.99578865
2021-05-03,88649996.42157792
2021-05-04,86546688.0260772
2021-05-05,86158087.06664982
2021-05-06,84001234.79322994
2021-05-07,87022444.73855072
2021-05-10,88882851.7555395
2021-05-11,89630801.7495196
2021-05-12,88958925.97387902
2021-05-13,91382616.00287302
2021-05-14,93213486.79360846
2021-05-17,93996913.41173972
2021-05-18,92515567.43044008
2021-05-19,92639424.16774856
2021-05-20,93530014.96124826
2021-05-21,93823886.93252178
2021-05-24,94308916.99277624
2021-05-25,95836059.42689767
2021-05-26,97311336.17068456
2021-05-27,97197444.836548
2021-05-28,97934602.29340506
2021-06-01,98843482.0277921
2021-06-02,98738415.76458997
2021-06-03,98514031.94656232
2021-06-04,101526419.66945502
2021-06-07,103563112.87388906
2021-06-08,103523569.44968496
2021-06-09,102167809.2363107
2021-06-10,101142548.1838585
2021-06-11,103345737.324928
2021-06-14,101987110.8402328
2021-06-15,102193140.1081179
2021-06-16,102739639.92031436
2021-06-17,100366654.81892668
2021-06-18,98265877.34072971
2021-06-21,101581658.00028013
2021-06-22,100338628.92255084
2021-06-23,102052231.91686632
2021-06-24,101535921.1360567
2021-06-25,100926411.4009815
2021-06-28,100566678.72920696
2021-06-29,99636573.03977536
2021-06-30,99213139.14863542
2021-07-01,101452589.09636356
2021-07-02,99129835.76300324
2021-07-06,99001332.45970398
2021-07-07,98271091.7756226
2021-07-08,98475577.67054668
2021-07-09,99688931.54183356
2021-07-12,103259870.5137059
2021-07-13,102166720.25293684
2021-07-14,98898205.3430423
2021-07-15,98694606.72451732
2021-07-16,98049676.32585505
2021-07-19,97653963.90333553
2021-07-20,101407565.0248086
2021-07-21,103556128.02829324
2021-07-22,106995973.88202098
2021-07-23,108986296.6775638
2021-07-26,105851401.30225796
2021-07-27,100189631.52807504
2021-07-28,101662342.0452748
2021-07-29,104694496.3651238
2021-07-30,104870465.35250428
2021-08-02,105065251.16375414
2021-08-03,101850112.97153492
2021-08-04,99778103.33099104
2021-08-05,101702412.12059148
2021-08-06,100771763.64937314
2021-08-09,99315599.32224873
2021-08-10,101716673.50680046
2021-08-11,102630684.99633944
2021-08-12,100668180.14916886
2021-08-13,96669144.76441903
2021-08-16,95910034.61661088
2021-08-17,94827479.53952734
2021-08-18,94605593.21415488
2021-08-19,93497829.68952817
2021-08-20,92868319.85784644
2021-08-23,93797227.90072276
2021-08-24,94295955.40348125
2021-08-25,96543443.97558858
2021-08-26,96000875.04347011
2021-08-27,98690843.2502158
2021-08-30,97180210.93062302
2021-08-31,97568390.66627134
2021-09-01,98307471.93237749
2021-09-02,98936473.18392508
2021-09-03,98271118.66079444
2021-09-07,97949836.91036376
2021-09-08,97335440.8184327
2021-09-09,99588660.95742072
2021-09-10,100611199.43981518
2021-09-13,100226608.21421044
2021-09-14,98765132.04995756
2021-09-15,100405840.69919686
2021-09-16,101001746.87933142
2021-09-17,101797082.23109308
2021-09-20,97945517.74346192
2021-09-21,99537179.955806
2021-09-22,100331137.70305777
2021-09-23,100773562.53014016
2021-09-24,100234944.36074974
2021-09-27,100043322.67074804
2021-09-28,97659408.24142706
2021-09-29,97164364.66718668
2021-09-30,96447716.74132971
2021-10-01,96100618.02088284
2021-10-04,96654830.88668604
2021-10-05,98184752.84453122
2021-10-06,96657504.52240096
2021-10-07,98274001.09648368
2021-10-08,98235304.3166524
2021-10-11,96461208.38696228
2021-10-12,95930760.5716289
2021-10-13,96280222.66918826
2021-10-14,97132448.17383792
2021-10-15,96989157.46239722
2021-10-18,98321956.3232105
2021-10-19,98634800.26526624
2021-10-20,101449818.2405778
2021-10-21,102078874.32950766
2021-10-22,102034066.0774906
2021-10-25,102240177.28506732
2021-10-26,101214411.14124772
2021-10-27,99408335.338486
2021-10-28,101412127.540634
2021-10-29,101840150.69779123
2021-11-01,104247305.6692675
2021-11-02,110865658.79229207
2021-11-03,109287798.4215589
2021-11-04,108012392.92122932
2021-11-05,108250642.87752588
2021-11-08,106111922.0532474
2021-11-09,106535868.02486618
2021-11-10,105808867.63446449
2021-11-11,104487204.6168346
2021-11-12,104782624.63383175
2021-11-15,106275397.70079164
2021-11-16,108174163.42148948
2021-11-17,107261975.94132282
2021-11-18,107171271.34357096
2021-11-19,106894523.24063542
2021-11-22,107270124.3740181
2021-11-23,105386859.784818
2021-11-24,106307244.7095214
2021-11-26,103451697.78668009
2021-11-29,103452137.23547508
2021-11-30,103451057.04198548
2021-12-01,103447479.0782482
2021-12-02,103447103.42040733
2021-12-03,103446336.51138122
2021-12-06,103446984.34395964
2021-12-07,103449496.28997488
2021-12-08,103449565.751236
2021-12-09,103447471.9903644
2021-12-10,103444799.85817552
2021-12-13,103443426.22629698
2021-12-14,103442560.08689784
2021-12-15,103443875.59812929
2021-12-16,103441949.11131512
2021-12-17,103441742.14510845
2021-12-20,103440653.44615828
2021-12-21,103443202.24916922
2021-12-22,103442606.86693084
2021-12-23,103443012.29388364
2021-12-27,103444699.21022569
2021-12-28,103443129.95275454
2021-12-29,103442978.27204144
2021-12-30,103444045.70734024
2021-12-31,103443460.24813916
2022-01-03,103442518.97717184
2022-01-04,103441373.57515135
2022-01-05,103439564.7472081
2022-01-06,103438800.67333554
2022-01-07,103438590.87197536
2022-01-10,103438232.22505556
2022-01-11,103439173.4960229
2022-01-12,103438797.83818202
2022-01-13,103437499.33787166
2022-01-14,103742393.61335164
2022-01-18,103532755.59386042
2022-01-19,103195516.56090768
2022-01-20,103018476.82281508
2022-01-21,102339141.72106272
2022-01-24,102493036.06355126
2022-01-25,102040876.85233606
2022-01-26,102115067.7793256
2022-01-27,101676217.38357952
2022-01-28,101709130.3366921
2022-01-31,102430561.50598183
2022-02-01,102608324.96471964
2022-02-02,102667429.74863486
2022-02-03,102262694.70475906
2022-02-04,102607494.46099572
2022-02-07,102967011.10881712
2022-02-08,103033563.55299392
2022-02-09,103867838.55973975
2022-02-10,103176176.3499791
2022-02-11,102582053.60939267
2022-02-14,103339591.61782908
2022-02-15,102058953.75724848
2022-02-16,102257957.73449811
2022-02-17,101620744.87640607
2022-02-18,101342981.85477816
2022-02-22,100771003.03499971
2022-02-23,100674785.89568394
2022-02-24,101760148.25349152
2022-02-25,102496170.84903538
2022-02-28,102677739.76388632
2022-03-01,102485378.65378349
2022-03-02,102995787.57270214
2022-03-03,102568697.22645374
2022-03-04,102153835.37360156
2022-03-07,101417814.10547808
2022-03-08,102174728.15083554
2022-03-09,103322389.2571732
2022-03-10,103708872.2353181
2022-03-11,104085504.5388191
2022-03-14,104385371.05684584
2022-03-15,105476331.33397204
2022-03-16,108380618.10041268
2022-03-17,109352271.9646586
2022-03-18,108497693.30629566
2022-03-21,107833858.95220174
2022-03-22,108307268.15759233
2022-03-23,107602895.04404683
2022-03-24,107670959.8680645
2022-03-25,107319558.9532442
2022-03-28,107119498.16906644
2022-03-29,107747490.53645688
2022-03-30,106958422.36861576
2022-03-31,107343171.18745951
2022-04-01,107187370.73195308
2022-04-04,108526097.25383012
2022-04-05,108110143.85138571
2022-04-06,106360923.45629875
2022-04-07,106675925.84563316
2022-04-08,106270997.19115151
2022-04-11,106945548.70766813
2022-04-12,107011693.10394824
2022-04-13,107711400.24340466
2022-04-14,107468510.84973577
2022-04-18,107528091.36905234
2022-04-19,108631444.42627022
2022-04-20,110608848.0763573
2022-04-21,109983001.95355764
2022-04-22,109336418.21904844
2022-04-25,109336418.21904844
2022-04-26,109336418.21904844
2022-04-27,109336418.21904844
2022-04-28,109336418.21904844
2022-04-29,109336418.21904844
2022-05-02,109336418.21904844
2022-05-03,109336418.21904844
2022-05-04,109336418.21904844
2022-05-05,109336418.21904844
2022-05-06,109336418.21904844
2022-05-09,109336418.21904844
2022-05-10,109336418.21904844
2022-05-11,109336418.21904844
2022-05-12,109336418.21904844
2022-05-13,109336418.21904844
2022-05-16,109336418.21904844
2022-05-17,109336418.21904844
2022-05-18,109336418.21904844
2022-05-19,109336418.21904844
2022-05-20,109336418.21904844
2022-05-23,109336418.21904844
2022-05-24,109336418.21904844
2022-05-25,109336418.21904844
2022-05-26,109336418.21904844
2022-05-27,109336418.21904844
2022-05-31,109336418.21904844
2022-06-01,109336418.21904844
2022-06-02,109336418.21904844
2022-06-03,109336418.21904844
2022-06-06,109336418.21904844
2022-06-07,109336418.21904844
2022-06-08,109336418.21904844
2022-06-09,109336418.21904844
2022-06-10,109336418.21904844
2022-06-13,109336418.21904844
2022-06-14,109336418.21904844
2022-06-15,109336418.21904844
2022-06-16,109336418.21904844
2022-06-17,109336418.21904844
2022-06-21,109336418.21904844
2022-06-22,109336418.21904844
2022-06-23,109336418.21904844
2022-06-24,109336418.21904844
2022-06-27,109336418.21904844
2022-06-28,109336418.21904844
2022-06-29,109336418.21904844
2022-06-30,109336418.21904844
2022-07-01,109336418.21904844
2022-07-05,109336418.21904844
2022-07-06,109336418.21904844
2022-07-07,109336418.21904844
2022-07-08,109336418.21904844
2022-07-11,109336418.21904844
2022-07-12,109336418.21904844
2022-07-13,109336418.21904844
2022-07-14,109336418.21904844
2022-07-15,109336418.21904844
2022-07-18,109336418.21904844
2022-07-19,109336418.21904844
2022-07-20,109336418.21904844
2022-07-21,109336418.21904844
2022-07-22,109336418.21904844
2022-07-25,109336418.21904844
2022-07-26,109336418.21904844
2022-07-27,109336418.21904844
2022-07-28,109336418.21904844
2022-07-29,109336418.21904844
2022-08-01,109336418.21904844
2022-08-02,109336418.21904844
2022-08-03,109336418.21904844
2022-08-04,109336418.21904844
2022-08-05,109336418.21904844
2022-08-08,109336418.21904844
2022-08-09,109336418.21904844
2022-08-10,109336418.21904844
2022-08-11,109336418.21904844
2022-08-12,109336418.21904844
2022-08-15,109336418.21904844
2022-08-16,109336418.21904844
2022-08-17,109336418.21904844
2022-08-18,109336418.21904844
2022-08-19,109336418.21904844
2022-08-22,109336418.21904844
2022-08-23,109336418.21904844
2022-08-24,109336418.21904844
2022-08-25,109336418.21904844
2022-08-26,109336418.21904844
2022-08-29,109336418.21904844
2022-08-30,109336418.21904844
2022-08-31,109336418.21904844
2022-09-01,109336418.21904844
2022-09-02,109336418.21904844
2022-09-06,109336418.21904844
2022-09-07,109336418.21904844
2022-09-08,109336418.21904844
2022-09-09,109336418.21904844
2022-09-12,109336418.21904844
2022-09-13,109336418.21904844
2022-09-14,109336418.21904844
2022-09-15,109336418.21904844
2022-09-16,109336418.21904844
2022-09-19,109336418.21904844
2022-09-20,109336418.21904844
2022-09-21,109336418.21904844
2022-09-22,109336418.21904844
2022-09-23,109336418.21904844
2022-09-26,109336418.21904844
2022-09-27,109336418.21904844
2022-09-28,109336418.21904844
2022-09-29,109336418.21904844
2022-09-30,107591376.02864124
2022-10-03,110222137.51478805
2022-10-04,113677279.1827129
2022-10-05,113708124.7033418
2022-10-06,114735545.7877505
2022-10-07,110160895.78948608
2022-10-10,111301178.51133785
2022-10-11,111148905.41702084
2022-10-12,110741516.2676832
2022-10-13,112318266.6603549
2022-10-14,107514024.428464
2022-10-17,111605154.45083676
2022-10-18,113135450.35879754
2022-10-19,110690108.79645708
2022-10-20,109518661.66634598
2022-10-21,112560040.932308
2022-10-24,116741588.8734702
2022-10-25,120282887.45967512
2022-10-26,121520660.55438589
2022-10-27,123226125.2339993
2022-10-28,125965777.56870486
2022-10-31,126010392.61256942
2022-11-01,124883778.9607098
2022-11-02,120852178.94635218
2022-11-03,122173607.90934892
2022-11-04,122262373.58465612
2022-11-07,122612951.08743057
2022-11-08,122183184.98740366
2022-11-09,119423090.02252094
2022-11-10,125899898.86776765
2022-11-11,126242342.9154
2022-11-14,126591578.88283052
2022-11-15,127883022.54340824
2022-11-16,125948436.2212448
2022-11-17,124107354.45086168
2022-11-18,123794397.99761516
2022-11-21,124103730.9859906
2022-11-22,125934662.87790751
2022-11-23,127054603.32549211
2022-11-25,127778791.92859028
2022-11-28,125159441.616261
2022-11-29,125353484.9357094
2022-11-30,128506483.03690892
2022-12-01,128224518.17827807
2022-12-02,128791451.55916148
2022-12-05,124140666.2711875
2022-12-06,122183921.80841428
2022-12-07,121432147.7658036
2022-12-08,121569190.06616828
2022-12-09,117627966.1760614
2022-12-12,120641398.13790272
2022-12-13,120662597.15930796
2022-12-14,120922694.05740568
2022-12-15,117301853.50937252
2022-12-16,116085352.4976257
2022-12-19,113067827.94599085
2022-12-20,112902013.278445
2022-12-21,114125016.51477665
2022-12-22,110898257.04969086
2022-12-23,112632251.540203
2022-12-27,111497597.068671
2022-12-28,111037596.54392092
2022-12-29,114115611.85331012
2022-12-30,113663886.6953318
2023-01-03,113223530.23874035
2023-01-04,114815747.12287731
2023-01-05,115357069.67154104
2023-01-06,118061828.44088548
2023-01-09,118002858.87457743
2023-01-10,121591047.2257883
2023-01-11,124442282.3953945
2023-01-12,127415785.68272103
2023-01-13,129120839.0172918
2023-01-17,128999473.09303924
2023-01-18,127768381.05870505
2023-01-19,125318537.24334805
2023-01-20,128017035.14201052
2023-01-23,130509313.0655145
2023-01-24,130550136.99605128
2023-01-25,131235594.70064013
2023-01-26,132199728.95529927
2023-01-27,132696198.13628072
2023-01-30,131509994.9985554
2023-01-31,134234604.38262454
2023-02-01,138260613.95316207
2023-02-02,140536989.9988466
2023-02-03,139275096.5325766
2023-02-06,138144356.24760053
2023-02-07,140369031.47046915
2023-02-08,138778847.50862345
2023-02-09,137188776.60779038
2023-02-10,136003486.24135658
2023-02-13,139054302.96007645
2023-02-14,141662537.11593223
2023-02-15,143969622.31280655
2023-02-16,142792548.4510413
2023-02-17,142734619.46067744
2023-02-21,137707069.5673907
2023-02-22,138032029.26366907
2023-02-23,138280164.24778685
2023-02-24,136184327.74825215
2023-02-27,136711936.71336842
2023-02-28,130313810.75643098
2023-03-01,129308999.312413
2023-03-02,129824201.03973232
2023-03-03,132904994.83585712
2023-03-06,131529413.02045947
2023-03-07,130863432.47264194
2023-03-08,131222757.90156794
2023-03-09,126653282.26154582
2023-03-10,122542507.9571026
2023-03-13,121597441.05119032
2023-03-14,122761250.16991928
2023-03-15,121798791.14490256
2023-03-16,122965942.02452289
2023-03-17,120044408.09408632
2023-03-20,120442516.63687596
2023-03-21,123105557.59585176
2023-03-22,119889391.98778388
2023-03-23,120536046.23358482
2023-03-24,120409292.80197372
2023-03-27,121690750.56674998
2023-03-28,121693184.3052045
2023-03-29,123517973.61245766
2023-03-30,124637895.46328928
2023-03-31,127143407.95352346
2023-04-03,126669890.49020788
2023-04-04,123996304.66311328
2023-04-05,121909235.63460895
2023-04-06,122366024.92650928
2023-04-10,125533972.05052054
2023-04-11,126187002.67379951
2023-04-12,126063029.07609218
2023-04-13,127399204.10853048
2023-04-14,127320239.86942191
2023-04-17,127317082.29840778
2023-04-18,127541702.3567168
2023-04-19,128191355.11504708
2023-04-20,128221024.888207
2023-04-21,128694047.8435636
2023-04-24,128992985.34475018
2023-04-25,126248257.97215325
2023-04-26,125947427.0969278
2023-04-27,127663795.34908392
2023-04-28,128328496.01423188
2023-05-01,128085956.3725285
2023-05-02,125318907.9459354
2023-05-03,125682760.3850546
2023-05-04,123809086.26280583
2023-05-05,126049773.66529676
2023-05-08,125628328.03071252
2023-05-09,128665642.45915411
2023-05-10,129305926.20087846
2023-05-11,129051496.17900635
2023-05-12,128095337.57844484
2023-05-15,129316841.06828398
2023-05-16,127315980.10359617
2023-05-17,129492637.09191792
2023-05-18,129605696.48825677
2023-05-19,128532433.05571468
2023-05-22,130148486.13558272
2023-05-23,128285530.7277506
2023-05-24,126872151.20229852
2023-05-25,126830700.85616285
2023-05-26,127858186.31122956
2023-05-30,127299980.86888832
2023-05-31,126555052.03792338
2023-06-01,128267669.14755394
2023-06-02,132689396.20274112
2023-06-05,130739601.18772824
2023-06-06,135076819.1451787
2023-06-07,137456252.3086551
2023-06-08,137770799.86831316
2023-06-09,137528444.37142348
2023-06-12,139695097.7017071
2023-06-13,140141495.8747617
2023-06-14,140428687.21376765
2023-06-15,142254026.61670473
2023-06-16,141425632.50195265
2023-06-20,143535179.07775238
2023-06-21,145451810.8819782
2023-06-22,145049253.09632576
2023-06-23,143427782.48788956
2023-06-26,143178513.1775244
2023-06-27,145940045.79547343
2023-06-28,146974495.0107141
2023-06-29,148638602.94844857
2023-06-30,148913113.37896937
2023-07-03,148851748.42799535
2023-07-05,148814319.92187804
2023-07-06,147141041.927404
2023-07-07,148836922.4134157
2023-07-10,151495250.76007426
2023-07-11,151469919.23320475
2023-07-12,152104706.11592802
2023-07-13,151639013.83462575
2023-07-14,150880194.96639398
2023-07-17,151981572.46282315
2023-07-18,153312740.7906339
2023-07-19,153279772.19221973
2023-07-20,150884422.59507075
2023-07-21,149280898.57123983
2023-07-24,148580840.8102391
2023-07-25,147705232.13687485
2023-07-26,147769033.5824695
2023-07-27,146298502.83408692
2023-07-28,148697766.3706021
2023-07-31,150147533.8757059
2023-08-01,151727229.44377103
2023-08-02,148815027.79175276
2023-08-03,149326175.25271553
2023-08-04,150247145.43464458
2023-08-07,150529858.4579986
2023-08-08,149629700.82869914
2023-08-09,145218684.40672907
2023-08-10,149535216.8935196
2023-08-11,151501609.9212091
2023-08-14,152614644.68049076
2023-08-15,150767481.15293747
2023-08-16,149323142.46420458
2023-08-17,148369029.60601553
2023-08-18,149734342.15549362
2023-08-21,149200376.69530308
2023-08-22,149777303.5854689
2023-08-23,152090244.34032536
2023-08-24,149548589.52845442
2023-08-25,148603291.28837833
2023-08-28,149700900.24434778
2023-08-29,150647249.84503046
2023-08-30,150987042.86564407
2023-08-31,149746711.95915312
2023-09-01,150022356.3072079
2023-09-05,145146110.08334982
2023-09-06,143243729.29313615
2023-09-07,143007079.4473428
2023-09-08,142728853.92169777
2023-09-11,142364427.58197612
2023-09-12,141820544.4752487
2023-09-13,141252451.77958903
2023-09-14,143083201.96083495
2023-09-15,143093132.88791788
2023-09-18,141675787.61665222
2023-09-19,141515029.7034364
2023-09-20,140518709.1500289
2023-09-21,138176588.34168082
2023-09-22,137447041.7499449
2023-09-25,138500310.51079085
2023-09-26,136608548.52781317
2023-09-27,138267366.46404165
2023-09-28,139790040.8578569
2023-09-29,138809041.38139153
2023-10-02,138799716.4119947
2023-10-03,136509657.17988086
2023-10-04,136713678.4178469
2023-10-05,136528281.02475688
2023-10-06,137819169.77222773
2023-10-09,138367926.627218
2023-10-10,138920853.60816604
2023-10-11,132824063.98613134
2023-10-12,130019715.6869555
2023-10-13,129329408.51551823
2023-10-16,129971145.54995212
2023-10-17,130212840.56406756
2023-10-18,129120978.02979214
2023-10-19,128676441.30843988
2023-10-20,128145467.83515334
2023-10-23,128014264.32811356
2023-10-24,128418445.28310904
2023-10-25,127555975.16054831
2023-10-26,127430831.78236067
2023-10-27,127322164.21759067
2023-10-30,127761921.85298766
2023-10-31,128080779.28667668
2023-11-01,128585053.78757356
2023-11-02,129354965.02776869
2023-11-03,130096052.786406
2023-11-06,129966928.01270424
2023-11-07,129972192.52022892
2023-11-08,129917818.36243516
2023-11-09,129708046.14792052
2023-11-10,130366399.3612411
2023-11-13,130440496.859142
2023-11-14,131529396.6735946
2023-11-15,131470909.42866445
2023-11-16,131352783.33267866
2023-11-17,131758957.80528106
2023-11-20,132065772.6918849
2023-11-21,131904845.96198156
2023-11-22,132171361.02703632
2023-11-24,132346566.14103831
2023-11-27,132435866.18369478
2023-11-28,132169124.14939012
2023-11-29,132420794.43937548
2023-11-30,132652374.59962565
2023-12-01,133125807.28508256
2023-12-04,133050859.27711438
2023-12-05,132768837.19982526
2023-12-06,132531266.19475897
2023-12-07,132908952.83451577
2023-12-08,133211935.71682344
2023-12-11,133571933.62016211
2023-12-12,133725615.82964444
2023-12-13,134665089.9000517
2023-12-14,135110520.22780973
2023-12-15,135054384.20643437
2023-12-18,135194605.41853395
2023-12-19,135771094.5483518
2023-12-20,135083557.79678807
2023-12-21,135616853.66926214
2023-12-22,135734515.82996634
2023-12-26,136002201.41026923
2023-12-27,136125867.55160886
2023-12-28,136081021.1692291
2023-12-29,135810652.1174472
2024-01-02,134949888.1142462
2024-01-03,134253741.54113725
2024-01-04,134316997.7580956
2024-01-05,134305900.42604586
2024-01-08,134981886.1872864
2024-01-09,134784939.27459484
2024-01-10,134996701.3931377
2024-01-11,135111520.5154081
2024-01-12,135181425.7647022
2024-01-16,135071291.9469632
2024-01-17,134960565.38549337
2024-01-18,135369240.1179469
2024-01-19,135857680.4379338
2024-01-22,136303857.59338647
2024-01-23,136248903.28675827
2024-01-24,136433185.1420863
2024-01-25,136910812.61804998
2024-01-26,136960709.02075064
2024-01-29,137384116.6179634
2024-01-30,137198055.30852666
2024-01-31,136503477.09902775
2024-02-01,137031916.5544038
2024-02-02,137234011.4302131
2024-02-05,136911270.77365255
2024-02-06,136923270.7847709
2024-02-07,137093984.88265952
2024-02-08,137264396.0370409
2024-02-09,137762948.14417186
2024-02-12,138024626.68368447
2024-02-13,137181745.87966132
2024-02-14,137932850.35111195
2024-02-15,138392866.9803148
2024-02-16,138064539.13669586
2024-02-20,137754330.6960189
2024-02-21,137739556.0058084
2024-02-22,138357685.26424018
2024-02-23,138344003.37994778
2024-02-26,138485233.1572653
2024-02-27,138855252.9649943
2024-02-28,138818612.14749202
2024-02-29,139137774.4854795
2024-03-01,139710433.6605527
2024-03-04,139601243.21621183
2024-03-05,139135817.62115067
2024-03-06,139207589.44952926
2024-03-07,139553442.51626846
2024-03-08,139341028.22919124
2024-03-11,139341763.81226796
2024-03-12,139474941.82021755
2024-03-13,139476167.4754423
2024-03-14,139186615.38087577
2024-03-15,139050430.44460744
2024-03-18,139128272.32447228
2024-03-19,139474070.5775192
2024-03-20,140027250.16219595
2024-03-21,140384720.3385545
2024-03-22,140090353.05072257
2024-03-25,139899513.0724306
2024-03-26,139900878.46637985
2024-03-27,140225996.0685411
2024-03-28,140277016.9333501
2024-04-01,139979177.8525557
2024-04-02,139469611.8823251
2024-04-03,139800038.13905257
2024-04-04,139265640.2811808
2024-04-05,139683790.65487385
2024-04-08,139792369.97294214
2024-04-09,139733875.0376673
2024-04-10,138995566.34413317
2024-04-11,139220076.1845699
2024-04-12,138584480.96210274
2024-04-15,138082319.51077145
2024-04-16,138028962.58967713
2024-04-17,137760750.87182498
2024-04-18,137628438.92657408
2024-04-19,136950090.63423488
2024-04-22,138318574.7463393
2024-04-23,140652463.1367469
2024-04-24,141564253.0899926
2024-04-25,139125723.43619305
2024-04-26,140695043.76067877
2024-04-29,141421850.77871737
2024-04-30,137036963.9174345
2024-05-01,138254546.1399838
2024-05-02,128592531.82562412
2024-05-03,129422940.0175616
2024-05-06,131771795.9907115
2024-05-07,131818390.84076566
2024-05-08,131671843.75500382
2024-05-09,133093941.66318826
2024-05-10,133746426.14640012
2024-05-13,134253357.99598154
2024-05-14,135860430.911628
2024-05-15,135856658.6645945
2024-05-16,135130707.62773296
2024-05-17,134549692.4611916
2024-05-20,134971470.53355038
2024-05-21,134204737.0424852
2024-05-22,133528998.42672208
2024-05-23,131936024.36340325
2024-05-24,133235712.34730138
2024-05-28,132690647.44474496
2024-05-29,131385414.18726867
2024-05-30,131958502.84115282
2024-05-31,132936369.96392947
2024-06-03,132502108.1092386
2024-06-04,131099120.6703196
2024-06-05,132884307.51399584
2024-06-06,131705105.23919348
2024-06-07,131306023.09316003
2024-06-10,131533488.73629355
2024-06-11,130723619.78549153
2024-06-12,133619977.0792387
2024-06-13,132623707.49389628
2024-06-14,131271475.25547898
2024-06-17,132163978.61076114
2024-06-18,132577456.83967602
2024-06-20,133637359.36341944
2024-06-21,133837792.6967
2024-06-24,133944007.71173888
2024-06-25,133763645.07235406
2024-06-26,132926980.13788606
2024-06-27,132903826.35770576
2024-06-28,132880181.03834286
2024-07-01,131842754.80921544
2024-07-02,133173775.11943644
2024-07-03,133821473.4256024
2024-07-05,133350850.38479991
2024-07-08,132914616.59569266
2024-07-09,132813289.35553402
2024-07-10,133077140.4187294
2024-07-11,134839444.58188492
2024-07-12,136316527.33730146
2024-07-15,137296568.711239
2024-07-16,139455374.20401034
2024-07-17,137831732.0481643
2024-07-18,136478709.64447847
2024-07-19,134585786.40616104
2024-07-22,136601732.75227997
2024-07-23,136659316.83476123
2024-07-24,133316454.06614693
2024-07-25,134682722.05219826
2024-07-26,136454219.1677305
2024-07-29,135267109.30023634
2024-07-30,134624115.35253075
2024-07-31,136437725.6433809
2024-08-01,132949746.39355797
2024-08-02,130011561.14728568
2024-08-05,126885748.65966216
2024-08-06,127132356.95420589
2024-08-07,125435391.3628757
2024-08-08,138679141.56061903
2024-08-09,137142575.5173422
2024-08-12,136225441.60523278
2024-08-13,138737220.88518095
2024-08-14,138358022.77313742
2024-08-15,139959738.25953412
2024-08-16,138691636.99003148
2024-08-19,139168974.84514853
2024-08-20,138794983.18678546
2024-08-21,140525036.51386517
2024-08-22,139769937.86542913
2024-08-23,142993645.0195204
2024-08-26,143232950.4808119
2024-08-27,142480052.8515839
2024-08-28,140923182.2170863
2024-08-29,141237892.7203438
2024-08-30,142198463.94356242
2024-09-03,137584970.9037505
2024-09-04,137890599.07252824
2024-09-05,136942047.7827969
2024-09-06,133866654.2538103
2024-09-09,135330342.92276302
2024-09-10,134002566.79024816
2024-09-11,135830615.15608913
2024-09-12,137049567.168705
2024-09-13,140731883.984126
2024-09-16,142118003.9490985
2024-09-17,143444629.29048932
2024-09-18,143089491.4116095
2024-09-19,146546551.4360506
2024-09-20,144943656.79924715
2024-09-23,144666954.56172818
2024-09-24,145343270.3482694
2024-09-25,143314885.20686537
2024-09-26,145051629.89783776
2024-09-27,146106226.03779522
2024-09-30,146204200.3534955
2024-10-01,144272668.8754628
2024-10-02,144830670.19212002
2024-10-03,143249136.28785226
2024-10-04,146175427.38979584
2024-10-07,144841441.70771396
2024-10-08,146517923.6952341
2024-10-09,147644604.6298883
2024-10-10,145929493.99858245
2024-10-11,146758759.53382912
2024-10-14,146164415.52700675
2024-10-15,144811066.4853322
2024-10-16,146988650.25159305
2024-10-17,146538298.81082752
2024-10-18,147104119.47897127
2024-10-21,144995683.3255788
2024-10-22,144016740.57456204
2024-10-23,142675583.84415564
2024-10-24,144009009.30149463
2024-10-25,143224614.6476119
2024-10-28,145532613.47330394
2024-10-29,146255322.82817185
2024-10-30,144975988.44936818
2024-10-31,142811316.1677568
2024-11-01,144790403.6982641
2024-11-04,144693268.7593899
2024-11-05,146472731.13255605
2024-11-06,153626524.3464266
2024-11-07,154124658.56426382
2024-11-08,155781374.7643596
2024-11-11,158791867.13226047
2024-11-12,158148858.09416246
2024-11-13,159438798.52305016
2024-11-14,159024553.39254385
2024-11-15,156315602.23729265
2024-11-18,155964265.64213428
2024-11-19,155737369.73262095
2024-11-20,156350501.11774147
2024-11-21,159476783.23432875
2024-11-22,161531844.23900157
2024-11-25,164150814.30097604
2024-11-26,161523683.38042066
2024-11-27,161376050.36854863
2024-11-29,161924745.35763478
2024-12-02,163084586.55788305
2024-12-03,162082784.83748958
2024-12-04,162516898.13181782
2024-12-05,160708699.37079972
2024-12-06,161854737.96907908
2024-12-09,159977265.49786183
2024-12-10,159521538.49852905
2024-12-11,160413424.63290125
2024-12-12,158425011.62026075
2024-12-13,157121474.48449072
2024-12-16,156928962.74033406
2024-12-17,155405547.52378255
2024-12-18,150061690.44400474
2024-12-19,149509893.91817072
2024-12-20,149655383.76745334
2024-12-23,149382602.58264977
2024-12-24,150569024.3540468
2024-12-26,150624942.05108732
2024-12-27,149079544.8574675
2024-12-30,148105478.60436568
2024-12-31,148592797.40064266
2025-01-02,147767153.05097267
2025-01-03,148767616.01428893
2025-01-06,150174078.49455103
2025-01-07,149932944.1161736
2025-01-08,149921696.17561164
2025-01-10,147547480.35968453
2025-01-13,147323971.40532106
2025-01-14,149112133.69267613
2025-01-15,152621463.47069412
2025-01-16,155238073.85382518
2025-01-17,156110575.06226072
2025-01-21,158444932.23922837
2025-01-22,160278809.19614148
2025-01-23,159515659.24631163
2025-01-24,158651314.21609223
2025-01-27,156226914.67856497
2025-01-28,158407852.28082654
2025-01-29,157422123.97935227
2025-01-30,159048680.53821567
2025-01-31,156753734.8343362
2025-02-03,154193927.19528463
2025-02-04,155649705.39417687
2025-02-05,157425252.32695585
2025-02-06,158522890.11450472
2025-02-07,156224267.44927058
2025-02-10,157010673.31649593
2025-02-11,156390273.85761184
2025-02-12,153981745.43792593
2025-02-13,155999853.4579488
2025-02-14,157217544.94215366
2025-02-18,159524197.8980034
2025-02-19,158712697.0620494
2025-02-20,156879241.485391
2025-02-21,152112371.02083725
2025-02-24,151081465.98892853
2025-02-25,149754457.21015295
2025-02-26,145671364.48254216
2025-02-27,142139771.84582528
2025-02-28,144254503.10786447
2025-03-03,142175305.47650012
2025-03-04,140425023.90051448
2025-03-05,141486860.50859606
2025-03-06,138383770.24066997
2025-03-07,138768903.22618458
2025-03-10,136098657.4837292
2025-03-11,136068817.46999642
2025-03-12,136632714.74067497
2025-03-13,134925825.04121518
2025-03-14,137246071.63530925
2025-03-17,138144478.10951415
2025-03-18,136960855.89279276
2025-03-19,138289940.2391382
2025-03-20,138226776.8711742
2025-03-21,138108481.64698723
2025-03-24,139682047.04085854
2025-03-25,139958127.49392027
2025-03-26,139024200.28323328
2025-03-27,138871848.51655227
2025-03-28,137842497.1166467
2025-03-31,138069499.92674255
2025-04-01,138372971.420637
2025-04-02,139228458.69990176
2025-04-03,136115337.2055638
2025-04-04,136575587.897688
2025-04-07,136044240.538487
2025-04-08,131857584.71293536
2025-04-09,143332683.97573894
2025-04-10,138884661.4325556
2025-04-11,137704168.07610193
2025-04-14,139185961.42331234
2025-04-15,139058959.57198116
2025-04-16,138026711.0933944
2025-04-17,141564429.78629866
2025-04-21,138243506.4363465
2025-04-22,142115598.0960471
2025-04-23,144407966.04608768
2025-04-24,150086794.91684985
2025-04-25,150960070.48061097
2025-04-28,151310433.62627473
2025-04-29,152403585.06521314
2025-04-30,152767252.2157968
2025-05-01,153723478.57668832
2025-05-02,157444215.09023783
2025-05-05,156538449.40758163
2025-05-06,160134566.66019976
2025-05-07,163941236.5748485
2025-05-08,167613301.005242
2025-05-09,167387189.77593613
2025-05-12,172694494.28607342
2025-05-13,175224545.14652798
2025-05-14,173926267.28316227
2025-05-15,174255818.3433741
2025-05-16,176375957.24766007
2025-05-19,177153650.8546016
2025-05-20,176605345.08960417
2025-05-21,171743521.9221264
2025-05-22,173578741.96345836
2025-05-23,172577560.24330592
2025-05-27,177687371.65897477
2025-05-28,176042301.63404396
2025-05-29,176610732.46652824
2025-05-30,176517837.665512
2025-06-02,175817429.17164457
2025-06-03,177812660.11168796
2025-06-04,176048722.18478292
2025-06-05,177447544.46346778
2025-06-06,180448502.33267897
2025-06-09,181647794.67765775
2025-06-10,181641046.34093705
2025-06-11,181775411.4823852
2025-06-12,180487015.6946572
2025-06-13,176840219.31238428
2025-06-16,180793635.20143196
2025-06-17,178788735.51028436
2025-06-18,179843155.4611304
2025-06-20,181050393.1807969
2025-06-23,185261703.4144109
2025-06-24,193518345.80369893
2025-06-25,193188804.70604885
2025-06-26,195679071.334122
2025-06-27,195844822.27094665
2025-06-30,194796827.7001631
2025-07-01,197110199.17805585
2025-07-02,200982969.18319324
2025-07-03,203777460.567592
2025-07-07,201715046.11916515
2025-07-08,201245849.67107257
2025-07-09,201373675.24745628
2025-07-10,204113552.49380428
2025-07-11,201424137.69895053
2025-07-14,202940286.5857055
2025-07-15,200549299.6950917
2025-07-16,200967784.10990083
2025-07-17,203573328.3154968
2025-07-18,201398388.922376
2025-07-21,200103488.045506
2025-07-22,202685201.8981455
2025-07-23,207371224.83114856
2025-07-24,206932745.39099056
2025-07-25,207631156.8823788
2025-07-28,207079106.94112468
2025-07-29,205621851.4350221
2025-07-30,197252226.0983833
2025-07-31,196545453.01374748
2025-08-01,192434290.33287284
2025-08-04,195875502.63286343
2025-08-05,194752569.58469647
2025-08-06,196739408.27929497
2025-08-07,197141692.50678903
2025-08-08,196607105.01776743
2025-08-11,197539772.07844085
2025-08-12,202779251.50859055
2025-08-13,204609019.01505223
2025-08-14,203136564.7359386
2025-08-15,201989542.8301904
2025-08-18,202816816.2703057
2025-08-19,201920235.53019047
2025-08-20,200692833.3424529
2025-08-21,200229123.1807421
2025-08-22,204945219.27578357
2025-08-25,204158208.1905523
2025-08-26,204911334.2063017
2025-08-27,204530688.054275
2025-08-28,205363088.43215585
2025-08-29,203695647.97066417
2025-09-02,202276131.6364924
2025-09-03,201223642.2268809
2025-09-04,203721743.44561067
2025-09-05,203230231.51218772
2025-09-08,206322288.86454475
2025-09-09,204923758.82348305
2025-09-10,203634218.532754
2025-09-11,204892713.5038509
2025-09-12,202656577.2862593
2025-09-15,202995015.96079212
2025-09-16,201639587.27065304
2025-09-17,201785551.74138543
2025-09-18,203535228.7981433
2025-09-19,203016062.10927972
2025-09-22,203244188.73305297
2025-09-23,203077815.55747333
2025-09-24,200832650.47476387
2025-09-25,199955421.37435707
2025-09-26,200547069.1693284
2025-09-29,201238774.39457396
2025-09-30,201428403.4418136
2025-10-01,201818150.4257674
2025-10-02,202865083.37302893
2025-10-03,201874914.9121086
2025-10-06,202053210.3475265
2025-10-07,201501920.61012807
2025-10-08,202810790.6488256
2025-10-09,201747166.1115583
2025-10-10,198234125.18437916
2025-10-13,200217521.87355015
2025-10-14,200920097.92165545
2025-10-15,202189360.58419597
2025-10-16,200650375.2966719
2025-10-17,200471631.17542097
2025-10-20,201851638.39457303
2025-10-21,203606334.03374127
2025-10-22,201651340.70465884
2025-10-23,203355670.5066901
2025-10-24,204274527.8140487
2025-10-27,205183781.1412721
2025-10-28,205880155.1101413
2025-10-29,203876013.7409205
2025-10-30,201898895.77034047
2025-10-31,201805267.5265261
2025-11-03,202743159.41893676
2025-11-04,201620351.4669237
2025-11-05,202808167.80652884
2025-11-06,202149634.79658
2025-11-07,204549140.78194952
2025-11-10,206856885.7869459
2025-11-11,207050309.18198144
2025-11-12,208505906.76245132
2025-11-13,207053089.5528924
2025-11-14,206196711.27006003
2025-11-17,204658312.925508
2025-11-18,205338092.71288392
2025-11-19,206906507.21729207
2025-11-20,204371833.9142989
2025-11-21,208113495.59400144
2025-11-24,209979513.32047728
2025-11-25,215676219.03825095
2025-11-26,215978757.7990749
2025-11-28,217049430.38432392
2025-12-01,215078551.2476692
2025-12-02,216801652.0190809
2025-12-03,219104698.7046339
2025-12-04,220033202.9241707
2025-12-05,220754084.4637357
2025-12-08,220009888.12918243
2025-12-09,220752273.29960567
2025-12-10,224545757.3316784
2025-12-11,225537279.9858095
2025-12-12,222236946.34413388
2025-12-15,220891693.1008917
2025-12-16,221674399.44642743
2025-12-17,219233971.1749116
2025-12-18,220880601.8008871
2025-12-19,222612745.73436132
2025-12-22,223372823.9408529
2025-12-23,225363518.83774224
2025-12-24,224421334.47248623
2025-12-26,224734466.41248456
2025-12-29,224146514.1467303
2025-12-30,222440247.31955412
2025-12-31,218787595.7800885
2026-01-02,220376719.5506674
2026-01-05,223193827.2019843
2026-01-06,225217335.4104513
2026-01-07,223097771.08716336
2026-01-08,223099959.31426623
2026-01-09,224770762.0906937
2026-01-12,224591060.7349741
2026-01-13,223875338.56021896
2026-01-14,223032205.89848757
2026-01-15,225141856.13366443
2026-01-16,225634269.93403983
2026-01-20,222398205.0936088
2026-01-21,226545939.9730196
2026-01-22,226763079.89604783
2026-01-23,224160956.2062976
2026-01-26,224202663.59366775
2026-01-27,223722731.04991847
2026-01-28,222314582.7756377
2026-01-29,223043711.20118263
2026-01-30,219506932.56191975
2026-02-02,222306296.8052253
2026-02-03,221864636.45775363
2026-02-04,220933825.0176524
2026-02-05,218043275.44011173
2026-02-06,222775450.1287839
2026-02-09,222999438.3769893
2026-02-10,222365589.4293193
2026-02-11,223440052.29232764
2026-02-12,220322176.6921731
2026-02-13,221855894.01490203
2026-02-17,221727940.76375985
2026-02-18,221119785.14508253
2026-02-19,211980545.16063985
2026-02-20,213881922.7763259
2026-02-23,207515085.5748722
2026-02-24,211423437.46975717
2026-02-25,209100819.35164705
2026-02-26,209017237.107348
2026-02-27,205485860.7279887
2026-03-02,205799200.925973
2026-03-03,204028444.03615117
2026-03-04,205300187.66648376
2026-03-05,202416692.43620607
2026-03-06,198445484.212214
