date,equity
2007-10-19,5030202.844516475
2007-10-22,5070627.95889026
2007-10-23,5099466.80734515
2007-10-24,5080911.431609328
2007-10-25,5067046.766914806
2007-10-26,5120370.002572365
2007-10-29,5127055.949579676
2007-10-30,5112950.304632724
2007-10-31,5159332.5548825385
2007-11-01,5050122.210735464
2007-11-02,5053216.266873359
2007-11-05,5025974.511934175
2007-11-06,5071902.831439177
2007-11-07,4971951.42622903
2007-11-08,4993649.672561173
2007-11-09,4951574.465491268
2007-11-12,4951574.465491268
2007-11-13,4951574.465491268
2007-11-14,4951574.465491268
2007-11-15,4951574.465491268
2007-11-16,4951574.465491268
2007-11-19,4951574.465491268
2007-11-20,4951574.465491268
2007-11-21,4951574.465491268
2007-11-23,4951574.465491268
2007-11-26,4951574.465491268
2007-11-27,4951574.465491268
2007-11-28,4951574.465491268
2007-11-29,4951574.465491268
2007-11-30,4951574.465491268
2007-12-03,4951574.465491268
2007-12-04,4951574.465491268
2007-12-05,4951574.465491268
2007-12-06,4951574.465491268
2007-12-07,4951574.465491268
2007-12-10,4951574.465491268
2007-12-11,4951574.465491268
2007-12-12,4951574.465491268
2007-12-13,4951574.465491268
2007-12-14,4951574.465491268
2007-12-17,4951574.465491268
2007-12-18,4951574.465491268
2007-12-19,4951574.465491268
2007-12-20,4951574.465491268
2007-12-21,4951574.465491268
2007-12-24,4951574.465491268
2007-12-26,4951574.465491268
2007-12-27,4951574.465491268
2007-12-28,4951574.465491268
2007-12-31,4951574.465491268
2008-01-02,4951574.465491268
2008-01-03,4951574.465491268
2008-01-04,4951574.465491268
2008-01-07,4951574.465491268
2008-01-08,4951574.465491268
2008-01-09,4951574.465491268
2008-01-10,4951574.465491268
2008-01-11,4951574.465491268
2008-01-14,4951574.465491268
2008-01-15,4951574.465491268
2008-01-16,4951574.465491268
2008-01-17,4951574.465491268
2008-01-18,4951574.465491268
2008-01-22,4951574.465491268
2008-01-23,4951574.465491268
2008-01-24,4951574.465491268
2008-01-25,4951574.465491268
2008-01-28,4951574.465491268
2008-01-29,4951574.465491268
2008-01-30,4951574.465491268
2008-01-31,4951574.465491268
2008-02-01,4951574.465491268
2008-02-04,4951574.465491268
2008-02-05,4951574.465491268
2008-02-06,4951574.465491268
2008-02-07,4951574.465491268
2008-02-08,4951574.465491268
2008-02-11,4951574.465491268
2008-02-12,4951574.465491268
2008-02-13,4951574.465491268
2008-02-14,4951574.465491268
2008-02-15,4951574.465491268
2008-02-19,4951574.465491268
2008-02-20,4951574.465491268
2008-02-21,4951574.465491268
2008-02-22,4951574.465491268
2008-02-25,4951574.465491268
2008-02-26,4951574.465491268
2008-02-27,4951574.465491268
2008-02-28,4951574.465491268
2008-02-29,4951574.465491268
2008-03-03,4951574.465491268
2008-03-04,4951574.465491268
2008-03-05,4951574.465491268
2008-03-06,4951574.465491268
2008-03-07,4951574.465491268
2008-03-10,4951574.465491268
2008-03-11,4951574.465491268
2008-03-12,4951574.465491268
2008-03-13,4951574.465491268
2008-03-14,4951574.465491268
2008-03-17,4951574.465491268
2008-03-18,4951574.465491268
2008-03-19,4951574.465491268
2008-03-20,4951574.465491268
2008-03-24,4951574.465491268
2008-03-25,4951574.465491268
2008-03-26,4951574.465491268
2008-03-27,4951574.465491268
2008-03-28,4951574.465491268
2008-03-31,4951574.465491268
2008-04-01,4951574.465491268
2008-04-02,4951574.465491268
2008-04-03,4951574.465491268
2008-04-04,4951574.465491268
2008-04-07,4951574.465491268
2008-04-08,4951574.465491268
2008-04-09,4951574.465491268
2008-04-10,4951574.465491268
2008-04-11,4951574.465491268
2008-04-14,4951574.465491268
2008-04-15,4951574.465491268
2008-04-16,4951574.465491268
2008-04-17,4951574.465491268
2008-04-18,4951574.465491268
2008-04-21,4951574.465491268
2008-04-22,4951574.465491268
2008-04-23,4951574.465491268
2008-04-24,4951574.465491268
2008-04-25,4951574.465491268
2008-04-28,4951574.465491268
2008-04-29,4951574.465491268
2008-04-30,4951574.465491268
2008-05-01,4951574.465491268
2008-05-02,4951574.465491268
2008-05-05,4951574.465491268
2008-05-06,4951574.465491268
2008-05-07,4951574.465491268
2008-05-08,4951574.465491268
2008-05-09,4951574.465491268
2008-05-12,4951574.465491268
2008-05-13,4951574.465491268
2008-05-14,4951574.465491268
2008-05-15,4951574.465491268
2008-05-16,4951574.465491268
2008-05-19,4951574.465491268
2008-05-20,4951574.465491268
2008-05-21,4951574.465491268
2008-05-22,4951574.465491268
2008-05-23,4951574.465491268
2008-05-27,4951574.465491268
2008-05-28,4951574.465491268
2008-05-29,4951574.465491268
2008-05-30,4951574.465491268
2008-06-02,4951574.465491268
2008-06-03,4951574.465491268
2008-06-04,4951574.465491268
2008-06-05,4951574.465491268
2008-06-06,4951574.465491268
2008-06-09,4951574.465491268
2008-06-10,4951574.465491268
2008-06-11,4951574.465491268
2008-06-12,4951574.465491268
2008-06-13,4951574.465491268
2008-06-16,4951574.465491268
2008-06-17,4951574.465491268
2008-06-18,4951574.465491268
2008-06-19,4951574.465491268
2008-06-20,4951574.465491268
2008-06-23,4951574.465491268
2008-06-24,4951574.465491268
2008-06-25,4951574.465491268
2008-06-26,4951574.465491268
2008-06-27,4951574.465491268
2008-06-30,4951574.465491268
2008-07-01,4951574.465491268
2008-07-02,4951574.465491268
2008-07-03,4951574.465491268
2008-07-07,4951574.465491268
2008-07-08,4951574.465491268
2008-07-09,4951574.465491268
2008-07-10,4951574.465491268
2008-07-11,4951574.465491268
2008-07-14,4951574.465491268
2008-07-15,4951574.465491268
2008-07-16,4951574.465491268
2008-07-17,4951574.465491268
2008-07-18,4951574.465491268
2008-07-21,4951574.465491268
2008-07-22,4951574.465491268
2008-07-23,4951574.465491268
2008-07-24,4951574.465491268
2008-07-25,4951574.465491268
2008-07-28,4951574.465491268
2008-07-29,4951574.465491268
2008-07-30,4951574.465491268
2008-07-31,4951574.465491268
2008-08-01,4951574.465491268
2008-08-04,4951574.465491268
2008-08-05,4951574.465491268
2008-08-06,4951574.465491268
2008-08-07,4951574.465491268
2008-08-08,4951574.465491268
2008-08-11,4951574.465491268
2008-08-12,4951574.465491268
2008-08-13,4951574.465491268
2008-08-14,4951574.465491268
2008-08-15,4951574.465491268
2008-08-18,4951574.465491268
2008-08-19,4951574.465491268
2008-08-20,4951574.465491268
2008-08-21,4951574.465491268
2008-08-22,4951574.465491268
2008-08-25,4951574.465491268
2008-08-26,4951574.465491268
2008-08-27,4951574.465491268
2008-08-28,4951574.465491268
2008-08-29,4951114.158923688
2008-09-02,4950904.386778348
2008-09-03,4950127.835009731
2008-09-04,4948724.634422866
2008-09-05,4948731.780064873
2008-09-08,4949255.37328548
2008-09-09,4947904.73724187
2008-09-10,4948218.820293515
2008-09-11,4948767.4393705735
2008-09-12,4949392.836142605
2008-09-15,4948431.290220672
2008-09-16,4949434.901066781
2008-09-17,4947998.783580262
2008-09-18,4948902.830863835
2008-09-19,4950296.125105419
2008-09-22,4949060.391338757
2008-09-23,4948296.86971256
2008-09-24,4948256.980699088
2008-09-25,4948686.286300733
2008-09-26,4949056.513093489
2008-09-29,4949056.513093489
2008-09-30,4949056.513093489
2008-10-01,4949056.513093489
2008-10-02,4949056.513093489
2008-10-03,4949056.513093489
2008-10-06,4949056.513093489
2008-10-07,4949056.513093489
2008-10-08,4949056.513093489
2008-10-09,4949056.513093489
2008-10-10,4949056.513093489
2008-10-13,4949056.513093489
2008-10-14,4949056.513093489
2008-10-15,4949056.513093489
2008-10-16,4949056.513093489
2008-10-17,4949056.513093489
2008-10-20,4949056.513093489
2008-10-21,4949056.513093489
2008-10-22,4949056.513093489
2008-10-23,4949056.513093489
2008-10-24,4949056.513093489
2008-10-27,4949056.513093489
2008-10-28,4949056.513093489
2008-10-29,4949056.513093489
2008-10-30,4949056.513093489
2008-10-31,4949056.513093489
2008-11-03,4949056.513093489
2008-11-04,4949056.513093489
2008-11-05,4949056.513093489
2008-11-06,4949056.513093489
2008-11-07,4949056.513093489
2008-11-10,4949056.513093489
2008-11-11,4949056.513093489
2008-11-12,4949056.513093489
2008-11-13,4949056.513093489
2008-11-14,4949056.513093489
2008-11-17,4949056.513093489
2008-11-18,4949056.513093489
2008-11-19,4949056.513093489
2008-11-20,4949056.513093489
2008-11-21,4949056.513093489
2008-11-24,4949056.513093489
2008-11-25,4949056.513093489
2008-11-26,4949056.513093489
2008-11-28,4949056.513093489
2008-12-01,4949056.513093489
2008-12-02,4949056.513093489
2008-12-03,4949056.513093489
2008-12-04,4949056.513093489
2008-12-05,4949056.513093489
2008-12-08,4949056.513093489
2008-12-09,4949056.513093489
2008-12-10,4949056.513093489
2008-12-11,4949056.513093489
2008-12-12,4949056.513093489
2008-12-15,4949056.513093489
2008-12-16,4949056.513093489
2008-12-17,4949056.513093489
2008-12-18,4949056.513093489
2008-12-19,4949056.513093489
2008-12-22,4949056.513093489
2008-12-23,4949056.513093489
2008-12-24,4949056.513093489
2008-12-26,4949056.513093489
2008-12-29,4949056.513093489
2008-12-30,4949056.513093489
2008-12-31,4949056.513093489
2009-01-02,4949056.513093489
2009-01-05,4949056.513093489
2009-01-06,4949056.513093489
2009-01-07,4949056.513093489
2009-01-08,4949056.513093489
2009-01-09,4949056.513093489
2009-01-12,4949056.513093489
2009-01-13,4949056.513093489
2009-01-14,4949056.513093489
2009-01-15,4949056.513093489
2009-01-16,4949056.513093489
2009-01-20,4949056.513093489
2009-01-21,4949056.513093489
2009-01-22,4949056.513093489
2009-01-23,4949056.513093489
2009-01-26,4949056.513093489
2009-01-27,4949056.513093489
2009-01-28,4949056.513093489
2009-01-29,4949056.513093489
2009-01-30,4949056.513093489
2009-02-02,4949056.513093489
2009-02-03,4949056.513093489
2009-02-04,4949056.513093489
2009-02-05,4949056.513093489
2009-02-06,4949056.513093489
2009-02-09,4949056.513093489
2009-02-10,4949056.513093489
2009-02-11,4949056.513093489
2009-02-12,4949056.513093489
2009-02-13,4949056.513093489
2009-02-17,4949056.513093489
2009-02-18,4949056.513093489
2009-02-19,4949056.513093489
2009-02-20,4949056.513093489
2009-02-23,4949056.513093489
2009-02-24,4949056.513093489
2009-02-25,4949056.513093489
2009-02-26,4949056.513093489
2009-02-27,4949056.513093489
2009-03-02,4949056.513093489
2009-03-03,4949056.513093489
2009-03-04,4949056.513093489
2009-03-05,4949056.513093489
2009-03-06,4949056.513093489
2009-03-09,4949056.513093489
2009-03-10,4949056.513093489
2009-03-11,4949056.513093489
2009-03-12,4949056.513093489
2009-03-13,4949056.513093489
2009-03-16,4949056.513093489
2009-03-17,4949056.513093489
2009-03-18,4949056.513093489
2009-03-19,4949056.513093489
2009-03-20,4949056.513093489
2009-03-23,4949056.513093489
2009-03-24,4949056.513093489
2009-03-25,4949056.513093489
2009-03-26,4949056.513093489
2009-03-27,4949056.513093489
2009-03-30,4949056.513093489
2009-03-31,4949056.513093489
2009-04-01,4949056.513093489
2009-04-02,4949056.513093489
2009-04-03,4997701.27074788
2009-04-06,4950663.068267292
2009-04-07,4818519.897958168
2009-04-08,4880628.483199497
2009-04-09,5125569.340806059
2009-04-13,5148979.427825159
2009-04-14,5045696.653130131
2009-04-15,5123699.704558797
2009-04-16,5243460.621745949
2009-04-17,5298359.083828969
2009-04-20,5041501.331807411
2009-04-21,5198906.423140749
2009-04-22,5207784.084134117
2009-04-23,5214158.890639785
2009-04-24,5315429.224439641
2009-04-27,5235625.364087007
2009-04-28,5243976.221081606
2009-04-29,5394417.318486784
2009-04-30,5401820.588963796
2009-05-01,5410680.966430562
2009-05-04,5625825.891683511
2009-05-05,5632481.96039287
2009-05-06,5699305.911096102
2009-05-07,5567805.654826641
2009-05-08,5786677.27532875
2009-05-11,5696266.056825561
2009-05-12,5623532.741163165
2009-05-13,5379493.202269786
2009-05-14,5471779.77508727
2009-05-15,5413049.129552929
2009-05-18,5609437.370182476
2009-05-19,5628981.180886952
2009-05-20,5603942.316488644
2009-05-21,5519858.778737152
2009-05-22,5501087.572551509
2009-05-26,5668758.981902472
2009-05-27,5585914.670899841
2009-05-28,5620586.077745026
2009-05-29,5686297.557221366
2009-06-01,5861424.530808703
2009-06-02,5887450.827913641
2009-06-03,5805984.6259254
2009-06-04,5890404.187590106
2009-06-05,5875417.424068654
2009-06-08,5841920.503951811
2009-06-09,5877546.463258753
2009-06-10,5886665.084133741
2009-06-11,5917902.858106452
2009-06-12,5905646.285570251
2009-06-15,5802963.311568518
2009-06-16,5709244.986798538
2009-06-17,5699500.50690709
2009-06-18,5743147.744701821
2009-06-19,5772655.689449218
2009-06-22,5580271.455611735
2009-06-23,5561015.821738359
2009-06-24,5629840.077507137
2009-06-25,5754786.860701328
2009-06-26,5781067.816198334
2009-06-29,5804489.180338857
2009-06-30,5782285.891685993
2009-07-01,5842354.125317013
2009-07-02,5678266.056585518
2009-07-06,5655680.329805646
2009-07-07,5560693.273947899
2009-07-08,5518307.526233015
2009-07-09,5545344.439479035
2009-07-10,5554106.055858692
2009-07-13,5681766.3635181
2009-07-14,5706603.750694084
2009-07-15,5874413.265505402
2009-07-16,5941072.807589401
2009-07-17,5925985.8701114245
2009-07-20,6023643.986013847
2009-07-21,6025162.38759529
2009-07-22,6047492.341787518
2009-07-23,6205426.165938791
2009-07-24,6242406.739246928
2009-07-27,6300985.568352352
2009-07-28,6310447.323531591
2009-07-29,6279718.852329583
2009-07-30,6377956.182740588
2009-07-31,6395793.930594121
2009-08-03,6542307.804064563
2009-08-04,6611200.83217077
2009-08-05,6611786.864536261
2009-08-06,6545985.6874460885
2009-08-07,6693281.016534202
2009-08-10,6678868.402743862
2009-08-11,6582914.5444852775
2009-08-12,6683629.639986991
2009-08-13,6725218.444482161
2009-08-14,6640342.746557251
2009-08-17,6466829.015022332
2009-08-18,6569222.017170872
2009-08-19,6614010.746184026
2009-08-20,6714373.1316022985
2009-08-21,6825111.287155332
2009-08-24,6816901.79370723
2009-08-25,6873927.860492487
2009-08-26,6866804.425113487
2009-08-27,6873256.883066803
2009-08-28,6875665.02740596
2009-08-31,6814058.325552843
2009-09-01,6641384.8712551845
2009-09-02,6609952.241517352
2009-09-03,6691899.475110841
2009-09-04,6804990.412781839
2009-09-08,6888406.369032923
2009-09-09,6943026.976412334
2009-09-10,7003714.51407038
2009-09-11,6995740.353458962
2009-09-14,7053250.750858136
2009-09-15,7105375.2379357545
2009-09-16,7228036.146060755
2009-09-17,7187570.733045839
2009-09-18,7209383.822716325
2009-09-21,7181815.796339298
2009-09-22,7233823.866624916
2009-09-23,7167842.776639279
2009-09-24,7055205.907667846
2009-09-25,7006929.88046037
2009-09-28,7136608.992802733
2009-09-29,7138052.80167419
2009-09-30,7109682.064089975
2009-10-01,6933911.815758154
2009-10-02,6893342.499695964
2009-10-05,7000513.467792911
2009-10-06,7086866.5869377935
2009-10-07,7093978.336834397
2009-10-08,7159664.697667083
2009-10-09,7201455.920763828
2009-10-12,7221425.621194794
2009-10-13,7209556.878859517
2009-10-14,7331582.706090182
2009-10-15,7346215.299404964
2009-10-16,7274720.688350545
2009-10-19,7341856.2258059075
2009-10-20,7275171.854859404
2009-10-21,7213309.377472414
2009-10-22,7288530.866896044
2009-10-23,7188783.386881449
2009-10-26,7100906.569522836
2009-10-27,7034305.794949237
2009-10-28,6841889.580299548
2009-10-29,6991662.693847464
2009-10-30,6819320.456874252
2009-11-02,6842651.78072083
2009-11-03,6919290.695817446
2009-11-04,6888259.366926128
2009-11-05,7062585.832804143
2009-11-06,7074051.230850783
2009-11-09,7217268.067493729
2009-11-10,7192640.653051126
2009-11-11,7250268.039255637
2009-11-12,7160506.155090865
2009-11-13,7204166.841240202
2009-11-16,7327067.241003713
2009-11-17,7342295.177714326
2009-11-18,7332488.562465382
2009-11-19,7224407.638282694
2009-11-20,7198210.176240016
2009-11-23,7272325.735629655
2009-11-24,7266923.49696922
2009-11-25,7299312.274005114
2009-11-27,7174086.414494779
2009-11-30,7207728.2411759645
2009-12-01,7328903.43329969
2009-12-02,7409344.286843404
2009-12-03,7346481.105471146
2009-12-04,7417431.621094654
2009-12-07,7437495.689232136
2009-12-08,7396661.966733241
2009-12-09,7432993.487718406
2009-12-10,7443430.438260276
2009-12-11,7485219.865303819
2009-12-14,7554490.243457124
2009-12-15,7528959.578517807
2009-12-16,7576316.809972582
2009-12-17,7516352.187219397
2009-12-18,7565477.210254005
2009-12-21,7646758.284989309
2009-12-22,7707318.506433542
2009-12-23,7766396.129416089
2009-12-24,7814549.496328542
2009-12-28,7791546.148729719
2009-12-29,7779722.255912221
2009-12-30,7776096.742956829
2009-12-31,7716133.037586292
2010-01-04,7831793.745256663
2010-01-05,7869560.458010917
2010-01-06,7874804.703303246
2010-01-07,7915005.770154008
2010-01-08,7943520.147590574
2010-01-11,7954319.425438703
2010-01-12,7854400.808748103
2010-01-13,7925865.162946436
2010-01-14,7955075.110234154
2010-01-15,7871404.412049986
2010-01-19,7949787.926190605
2010-01-20,7881491.914292954
2010-01-21,7759833.014561918
2010-01-22,7629735.581089512
2010-01-25,7664200.5379819805
2010-01-26,7646295.739734447
2010-01-27,7680778.578992332
2010-01-28,7602926.797422267
2010-01-29,7521344.611802079
2010-02-01,7638971.372613618
2010-02-02,7728933.323850933
2010-02-03,7685691.511818694
2010-02-04,7435951.6877597235
2010-02-05,7436285.199514474
2010-02-08,7389913.227536285
2010-02-09,7504769.914000537
2010-02-10,7502798.470240342
2010-02-11,7600259.373677654
2010-02-12,7629070.143351585
2010-02-16,7765486.755172412
2010-02-17,7794078.853612853
2010-02-18,7826159.238774797
2010-02-19,7850547.510840543
2010-02-22,7865373.658462753
2010-02-23,7764849.054941953
2010-02-24,7811257.209122667
2010-02-25,7807093.793666114
2010-02-26,7838991.539710117
2010-03-01,7972526.185890512
2010-03-02,8008010.313223683
2010-03-03,8015970.204046103
2010-03-04,8053099.616019743
2010-03-05,8177926.256974655
2010-03-08,8185891.783698403
2010-03-09,8193519.407970628
2010-03-10,8239024.559061185
2010-03-11,8275045.22345481
2010-03-12,8289671.035888527
2010-03-15,8261724.341332326
2010-03-16,8329208.180788306
2010-03-17,8402994.07377784
2010-03-18,8377253.37300302
2010-03-19,8294074.560468159
2010-03-22,8396421.962635381
2010-03-23,8480377.100838272
2010-03-24,8420412.472018143
2010-03-25,8385030.683665623
2010-03-26,8381550.77683416
2010-03-29,8431209.588531733
2010-03-30,8440064.006086808
2010-03-31,8382887.665344457
2010-04-01,8441239.14449877
2010-04-05,8571445.725754501
2010-04-06,8617783.159217322
2010-04-07,8596965.127861202
2010-04-08,8617505.388927907
2010-04-09,8671819.44679489
2010-04-12,8707149.273558645
2010-04-13,8729570.928686518
2010-04-14,8865611.49975395
2010-04-15,8872295.295418017
2010-04-16,8727879.834384732
2010-04-19,8706431.4008018
2010-04-20,8801304.207901526
2010-04-21,8833234.755954599
2010-04-22,8922227.165252091
2010-04-23,8995728.592759913
2010-04-26,8983803.870218253
2010-04-27,8779596.069351302
2010-04-28,8792525.390835773
2010-04-29,8956355.177660087
2010-04-30,8785859.55970424
2010-05-03,8900547.907191314
2010-05-04,8675580.337372517
2010-05-05,8589559.966791147
2010-05-06,8321696.123333418
2010-05-07,8108935.188201074
2010-05-10,8419219.56810353
2010-05-11,8427719.244878646
2010-05-12,8553068.193145378
2010-05-13,8488882.824157383
2010-05-14,8352399.167314932
2010-05-17,8346177.683431639
2010-05-18,8256735.877363845
2010-05-19,8187558.201848037
2010-05-20,7959461.710674646
2010-05-21,8061440.975303376
2010-05-24,8002416.069322828
2010-05-25,7995598.538947535
2010-05-26,8010055.210657151
2010-05-27,8218014.09873587
2010-05-28,8155706.146561158
2010-06-01,8025283.244007969
2010-06-02,8162842.605828136
2010-06-03,8193909.995072828
2010-06-04,7979441.907711171
2010-06-07,7905450.460715876
2010-06-08,7925653.336812272
2010-06-09,7923725.265458066
2010-06-10,8036264.174181792
2010-06-11,8082538.667129994
2010-06-14,8101117.395097522
2010-06-15,8202066.582242099
2010-06-16,8182425.13135454
2010-06-17,8173348.746628942
2010-06-18,8180636.536783897
2010-06-21,8155900.158032116
2010-06-22,8083236.292435081
2010-06-23,8075490.502550848
2010-06-24,8011898.641821694
2010-06-25,8060036.334502695
2010-06-28,8042086.984138686
2010-06-29,7892578.86194856
2010-06-30,7856398.6383275855
2010-07-01,7837267.864754788
2010-07-02,7798560.053410716
2010-07-06,7776078.872607474
2010-07-07,7897247.196535258
2010-07-08,7939261.402861519
2010-07-09,7986304.483663231
2010-07-12,7962744.418368422
2010-07-13,8052578.989033793
2010-07-14,8038195.439663757
2010-07-15,8025130.458272207
2010-07-16,7902645.70970072
2010-07-19,7927526.17718795
2010-07-20,7989725.470257672
2010-07-21,7942406.285547556
2010-07-22,8052783.233663605
2010-07-23,8115661.1990031805
2010-07-26,8184088.790040113
2010-07-27,8162093.572211241
2010-07-28,8119787.175740198
2010-07-29,8119368.067480625
2010-07-30,8131178.760834728
2010-08-02,8209884.455697162
2010-08-03,8176575.170433636
2010-08-04,8208302.548593009
2010-08-05,8193233.598631856
2010-08-06,8185636.51838997
2010-08-09,8227693.515749682
2010-08-10,8178111.635121543
2010-08-11,8061029.984440557
2010-08-12,8047223.276401386
2010-08-13,8020592.674716759
2010-08-16,8035309.442599336
2010-08-17,8099325.294780816
2010-08-18,8112454.325278808
2010-08-19,8030681.290957665
2010-08-20,8030562.041766387
2010-08-23,7973152.154326213
2010-08-24,7927843.911569646
2010-08-25,7955166.748149401
2010-08-26,7937471.397569819
2010-08-27,8018677.716031085
2010-08-30,7950502.709863001
2010-08-31,7976384.678406761
2010-09-01,8094719.665051935
2010-09-02,8137265.494049799
2010-09-03,8187063.944060363
2010-09-07,8130902.316594635
2010-09-08,8157414.13372703
2010-09-09,8154154.061741362
2010-09-10,8165930.803867548
2010-09-13,8234164.975365541
2010-09-14,8232381.355794145
2010-09-15,8242685.045041312
2010-09-16,8224952.421982824
2010-09-17,8236160.918924089
2010-09-20,8317665.826592864
2010-09-21,8295537.2868415555
2010-09-22,8252075.231777512
2010-09-23,8200284.823616197
2010-09-24,8305807.287223784
2010-09-27,8292986.906028991
2010-09-28,8332226.031765197
2010-09-29,8327732.348706674
2010-09-30,8323976.799438104
2010-10-01,8342374.601198989
2010-10-04,8305765.569134392
2010-10-05,8392981.449499406
2010-10-06,8379401.412809106
2010-10-07,8377491.836083853
2010-10-08,8403687.39205686
2010-10-11,8406463.50931776
2010-10-12,8419949.652920926
2010-10-13,8465304.745373582
2010-10-14,8459949.583897145
2010-10-15,8452525.703681089
2010-10-18,8478751.665601026
2010-10-19,8405466.838810816
2010-10-20,8465286.267695855
2010-10-21,8468085.441827348
2010-10-22,8487977.358680554
2010-10-25,8518554.23751644
2010-10-26,8516384.819424419
2010-10-27,8520513.525278682
2010-10-28,8512958.961680332
2010-10-29,8525734.326502578
2010-11-01,8526030.571522994
2010-11-02,8591994.985540686
2010-11-03,8599426.449704777
2010-11-04,8681157.702148935
2010-11-05,8727813.236573847
2010-11-08,8739542.558839802
2010-11-09,8675380.605467724
2010-11-10,8712995.678185249
2010-11-11,8694360.548526406
2010-11-12,8638445.501447342
2010-11-15,8646422.75344273
2010-11-16,8566220.803034753
2010-11-17,8579566.294160645
2010-11-18,8656822.404193422
2010-11-19,8678442.467266953
2010-11-22,8693556.072068335
2010-11-23,8648228.390255736
2010-11-24,8735339.71584603
2010-11-26,8710366.04312025
2010-11-29,8708081.951903464
2010-11-30,8685734.525110396
2010-12-01,8785532.672587274
2010-12-02,8849849.859670717
2010-12-03,8870903.667200217
2010-12-06,8885187.425710035
2010-12-07,8895131.15244864
2010-12-08,8895825.657963503
2010-12-09,8916216.020137485
2010-12-10,8959591.061843824
2010-12-13,8957651.614104109
2010-12-14,8945960.0252886
2010-12-15,8924397.49379361
2010-12-16,8961917.626155503
2010-12-17,8974524.712643335
2010-12-20,8995412.45943897
2010-12-21,9050230.094907263
2010-12-22,9053842.991255892
2010-12-23,9038110.018696953
2010-12-27,9047444.670263035
2010-12-28,9045709.44806185
2010-12-29,9055611.810196817
2010-12-30,9048221.12437639
2010-12-31,9025133.846195016
2011-01-03,9090796.516154217
2011-01-04,9040258.248099511
2011-01-05,9067432.243516913
2011-01-06,9053732.804029528
2011-01-07,9041407.950867867
2011-01-10,9063736.207726182
2011-01-11,9073443.87928494
2011-01-12,9130180.147068469
2011-01-13,9121469.079124335
2011-01-14,9175965.908511974
2011-01-18,9193599.03455155
2011-01-19,9109366.98906868
2011-01-20,9080467.990436831
2011-01-21,9084546.320068078
2011-01-24,9119626.83681246
2011-01-25,9119886.232515026
2011-01-26,9187506.349902948
2011-01-27,9217296.026930925
2011-01-28,9113730.835062908
2011-01-31,9144908.499364143
2011-02-01,9240257.119264215
2011-02-02,9232028.104686014
2011-02-03,9249881.572525289
2011-02-04,9269079.791359128
2011-02-07,9316154.250456467
2011-02-08,9335181.10761816
2011-02-09,9320863.138345247
2011-02-10,9345175.610762784
2011-02-11,9379450.929610236
2011-02-14,9405430.90810238
2011-02-15,9387985.429112272
2011-02-16,9426670.84238552
2011-02-17,9456550.827950371
2011-02-18,9460502.644274889
2011-02-22,9321341.454004347
2011-02-23,9248735.703012286
2011-02-24,9270158.54750383
2011-02-25,9354205.017119184
2011-02-28,9371890.556417905
2011-03-01,9266914.95439372
2011-03-02,9287810.969609944
2011-03-03,9400945.17440008
2011-03-04,9368405.16211104
2011-03-07,9294832.889049552
2011-03-08,9373086.923941
2011-03-09,9351248.154274134
2011-03-10,9234058.745357577
2011-03-11,9266340.686822882
2011-03-14,9231561.155486625
2011-03-15,9181687.65888989
2011-03-16,9092628.962141989
2011-03-17,9115985.119912237
2011-03-18,9132384.245499255
2011-03-21,9287764.890893891
2011-03-22,9239538.955006927
2011-03-23,9279126.373228315
2011-03-24,9371992.498071468
2011-03-25,9410893.587896535
2011-03-28,9397274.666584302
2011-03-29,9436472.498475157
2011-03-30,9529287.86104701
2011-03-31,9546391.88785224
2011-04-01,9596599.044049945
2011-04-04,9619155.99169795
2011-04-05,9645075.22882729
2011-04-06,9669221.19728011
2011-04-07,9646501.997005902
2011-04-08,9588511.511175925
2011-04-11,9521822.284887249
2011-04-12,9429493.06492556
2011-04-13,9440479.146595098
2011-04-14,9442106.103564506
2011-04-15,9512257.639948696
2011-04-18,9396219.658107236
2011-04-19,9439239.08578361
2011-04-20,9609615.907015478
2011-04-21,9670553.502811853
2011-04-25,9673332.368242262
2011-04-26,9762371.735017337
2011-04-27,9796052.400648054
2011-04-28,9818733.273843834
2011-04-29,9824980.820811652
2011-05-02,9780076.94489712
2011-05-03,9725278.822543591
2011-05-04,9606657.274589658
2011-05-05,9586054.82935886
2011-05-06,9617542.16272496
2011-05-09,9682517.492075495
2011-05-10,9795005.93199382
2011-05-11,9666862.559756435
2011-05-12,9705412.64323138
2011-05-13,9614155.389380183
2011-05-16,9516832.438690327
2011-05-17,9468254.00829086
2011-05-18,9578441.784569217
2011-05-19,9586230.309602048
2011-05-20,9525535.910156513
2011-05-23,9389734.920707026
2011-05-24,9343817.547712004
2011-05-25,9427185.32482501
2011-05-26,9500154.986749358
2011-05-27,9555340.056937812
2011-05-31,9669277.924880937
2011-06-01,9450787.527419643
2011-06-02,9448167.62981827
2011-06-03,9345812.25313199
2011-06-06,9234221.410533534
2011-06-07,9262354.50340658
2011-06-08,9169289.98859048
2011-06-09,9227918.664704006
2011-06-10,9116519.239043154
2011-06-13,9106821.33994116
2011-06-14,9247105.117921248
2011-06-15,9137147.713712538
2011-06-16,9133158.858617729
2011-06-17,9144726.443380838
2011-06-20,9211756.86036407
2011-06-21,9347522.115101423
2011-06-22,9305361.836595124
2011-06-23,9320446.686571583
2011-06-24,9271463.345667863
2011-06-27,9325783.573195312
2011-06-28,9405556.01047974
2011-06-29,9429209.433720376
2011-06-30,9482567.236283598
2011-07-01,9591030.971615585
2011-07-05,9607497.223936724
2011-07-06,9621920.356719948
2011-07-07,9705901.51768891
2011-07-08,9668987.839018531
2011-07-11,9526201.193836195
2011-07-12,9480948.15557658
2011-07-13,9516951.79393532
2011-07-14,9465786.780190287
2011-07-15,9499453.342697116
2011-07-18,9386435.428922674
2011-07-19,9544679.843811218
2011-07-20,9568343.514783405
2011-07-21,9640113.158682736
2011-07-22,9667201.485160423
2011-07-25,9586979.516753128
2011-07-26,9541075.74344786
2011-07-27,9307462.41477979
2011-07-28,9279361.465016998
2011-07-29,9292415.89534804
2011-08-01,9244524.605182614
2011-08-02,8992515.879988471
2011-08-03,9025605.150253551
2011-08-04,8605007.50962916
2011-08-05,8519756.128214609
2011-08-08,8099434.978256609
2011-08-09,8390787.752870277
2011-08-10,8204272.306420161
2011-08-11,8471285.052702172
2011-08-12,8476288.22864675
2011-08-15,8500006.785010463
2011-08-16,8481807.623867184
2011-08-17,8486405.767026173
2011-08-18,8434507.303071065
2011-08-19,8419508.148292411
2011-08-22,8419508.148292411
2011-08-23,8419508.148292411
2011-08-24,8419508.148292411
2011-08-25,8417444.059718244
2011-08-26,8417321.977633901
2011-08-29,8417321.977633901
2011-08-30,8417321.977633901
2011-08-31,8417321.977633901
2011-09-01,8417321.977633901
2011-09-02,8417321.977633901
2011-09-06,8417321.977633901
2011-09-07,8417321.977633901
2011-09-08,8417321.977633901
2011-09-09,8417321.977633901
2011-09-12,8417321.977633901
2011-09-13,8417321.977633901
2011-09-14,8417321.977633901
2011-09-15,8417321.977633901
2011-09-16,8417321.977633901
2011-09-19,8417321.977633901
2011-09-20,8417321.977633901
2011-09-21,8417321.977633901
2011-09-22,8417321.977633901
2011-09-23,8417321.977633901
2011-09-26,8417321.977633901
2011-09-27,8417321.977633901
2011-09-28,8417321.977633901
2011-09-29,8417321.977633901
2011-09-30,8417321.977633901
2011-10-03,8417321.977633901
2011-10-04,8417321.977633901
2011-10-05,8417321.977633901
2011-10-06,8417321.977633901
2011-10-07,8417321.977633901
2011-10-10,8417321.977633901
2011-10-11,8417321.977633901
2011-10-12,8417321.977633901
2011-10-13,8417321.977633901
2011-10-14,8417321.977633901
2011-10-17,8417321.977633901
2011-10-18,8417321.977633901
2011-10-19,8417321.977633901
2011-10-20,8417321.977633901
2011-10-21,8417321.977633901
2011-10-24,8417321.977633901
2011-10-25,8417321.977633901
2011-10-26,8417321.977633901
2011-10-27,8417321.977633901
2011-10-28,8417321.977633901
2011-10-31,8417321.977633901
2011-11-01,8417321.977633901
2011-11-02,8417321.977633901
2011-11-03,8417321.977633901
2011-11-04,8417321.977633901
2011-11-07,8417321.977633901
2011-11-08,8417321.977633901
2011-11-09,8417321.977633901
2011-11-10,8417321.977633901
2011-11-11,8417321.977633901
2011-11-14,8417321.977633901
2011-11-15,8417321.977633901
2011-11-16,8417321.977633901
2011-11-17,8417321.977633901
2011-11-18,8417321.977633901
2011-11-21,8417321.977633901
2011-11-22,8417321.977633901
2011-11-23,8417321.977633901
2011-11-25,8417321.977633901
2011-11-28,8417321.977633901
2011-11-29,8417321.977633901
2011-11-30,8417321.977633901
2011-12-01,8417321.977633901
2011-12-02,8417321.977633901
2011-12-05,8417321.977633901
2011-12-06,8417321.977633901
2011-12-07,8417321.977633901
2011-12-08,8417321.977633901
2011-12-09,8417321.977633901
2011-12-12,8417321.977633901
2011-12-13,8417321.977633901
2011-12-14,8417321.977633901
2011-12-15,8417321.977633901
2011-12-16,8417321.977633901
2011-12-19,8417321.977633901
2011-12-20,8417321.977633901
2011-12-21,8417321.977633901
2011-12-22,8417321.977633901
2011-12-23,8417321.977633901
2011-12-27,8417321.977633901
2011-12-28,8417321.977633901
2011-12-29,8417321.977633901
2011-12-30,8417321.977633901
2012-01-03,8417321.977633901
2012-01-04,8417321.977633901
2012-01-05,8417321.977633901
2012-01-06,8417321.977633901
2012-01-09,8417321.977633901
2012-01-10,8417321.977633901
2012-01-11,8417321.977633901
2012-01-12,8417321.977633901
2012-01-13,8417321.977633901
2012-01-17,8417321.977633901
2012-01-18,8417321.977633901
2012-01-19,8417321.977633901
2012-01-20,8417242.919293758
2012-01-23,8417100.715316989
2012-01-24,8416722.424929697
2012-01-25,8418278.684984747
2012-01-26,8418228.340989046
2012-01-27,8419046.955287132
2012-01-30,8418695.550230399
2012-01-31,8419391.236653507
2012-02-01,8422765.994137846
2012-02-02,8423107.855732542
2012-02-03,8426507.06030064
2012-02-06,8423510.342943665
2012-02-07,8425055.235862948
2012-02-08,8424787.704499928
2012-02-09,8425614.558502335
2012-02-10,8424724.460448733
2012-02-13,8430620.779725498
2012-02-14,8429132.997088613
2012-02-15,8425615.463134892
2012-02-16,8431081.44595478
2012-02-17,8430391.35902527
2012-02-21,8428638.267360596
2012-02-22,8425477.285010837
2012-02-23,8426586.665961696
2012-02-24,8428775.928650165
2012-02-27,8429112.797048936
2012-02-28,8429361.774164053
2012-02-29,8424787.219593054
2012-03-01,8429770.593780346
2012-03-02,8423512.794922397
2012-03-05,8422803.02363258
2012-03-06,8407950.284813792
2012-03-07,8416135.13943512
2012-03-08,8428078.863157293
2012-03-09,8438578.681030221
2012-03-12,8436716.924749441
2012-03-13,8461118.261849767
2012-03-14,8456617.824086763
2012-03-15,8469152.062082969
2012-03-16,8472223.560475238
2012-03-19,8479069.645844491
2012-03-20,8468935.499215402
2012-03-21,8467383.493684405
2012-03-22,8452049.767798837
2012-03-23,8452181.87622832
2012-03-26,8475048.60733546
2012-03-27,8470723.357320901
2012-03-28,8466530.832599483
2012-03-29,8463347.875507684
2012-03-30,8465891.324788868
2012-04-02,8489011.551155802
2012-04-03,8479862.641971745
2012-04-04,8452348.317058755
2012-04-05,8444849.15431077
2012-04-09,8419184.137141207
2012-04-10,8371174.604484473
2012-04-11,8397437.382987257
2012-04-12,8435847.39039695
2012-04-13,8406790.84505378
2012-04-16,8406489.462972764
2012-04-17,8448337.094159191
2012-04-18,8434484.171464209
2012-04-19,8423357.918247819
2012-04-20,8436297.099071996
2012-04-23,8395845.513224505
2012-04-24,8412522.944577135
2012-04-25,8471504.924954195
2012-04-26,8501445.356993245
2012-04-27,8558014.277649969
2012-04-30,8525421.29580016
2012-05-01,8533237.533138564
2012-05-02,8535340.599215563
2012-05-03,8496730.005693251
2012-05-04,8437512.61405245
2012-05-07,8441522.42218426
2012-05-08,8437330.585049793
2012-05-09,8413309.965935703
2012-05-10,8423214.428702844
2012-05-11,8468799.326725727
2012-05-14,8349103.350544027
2012-05-15,8299105.882760648
2012-05-16,8243268.023201463
2012-05-17,8069762.356159763
2012-05-18,8001634.88144259
2012-05-21,8150152.354825226
2012-05-22,8141625.960106493
2012-05-23,8178643.615962223
2012-05-24,8191764.394544101
2012-05-25,8194416.024220189
2012-05-29,8266593.223620294
2012-05-30,8135756.0235765055
2012-05-31,8114707.754034007
2012-06-01,7919858.209977975
2012-06-04,7906623.116645339
2012-06-05,7970665.597726386
2012-06-06,8113688.564372147
2012-06-07,8076488.558780652
2012-06-08,8128490.796850978
2012-06-11,8019826.492770855
2012-06-12,8084717.817525824
2012-06-13,8035185.649233695
2012-06-14,8089894.177046337
2012-06-15,8163133.046782936
2012-06-18,8196626.681965725
2012-06-19,8275463.187163884
2012-06-20,8263680.272659295
2012-06-21,8124255.41822651
2012-06-22,8165723.861920484
2012-06-25,8066615.246576359
2012-06-26,8086042.559832894
2012-06-27,8139094.177855997
2012-06-28,8136406.368748496
2012-06-29,8288852.11392765
2012-07-02,8338731.156764877
2012-07-03,8397173.910732716
2012-07-05,8391944.42602788
2012-07-06,8323063.069006134
2012-07-09,8298058.346244365
2012-07-10,8234990.79275949
2012-07-11,8215003.2804519795
2012-07-12,8208063.298020295
2012-07-13,8291142.550803511
2012-07-16,8276106.558462435
2012-07-17,8311963.367745706
2012-07-18,8341616.975342031
2012-07-19,8335470.368381779
2012-07-20,8264823.56640913
2012-07-23,8195920.334562107
2012-07-24,8141343.598089149
2012-07-25,8147282.89250558
2012-07-26,8216098.782299166
2012-07-27,8327582.756510451
2012-07-30,8310020.269517397
2012-07-31,8269163.650809255
2012-08-01,8223562.665437014
2012-08-02,8206544.952844289
2012-08-03,8310783.315063817
2012-08-06,8341640.644086243
2012-08-07,8377799.606109148
2012-08-08,8355037.413879987
2012-08-09,8370843.824116188
2012-08-10,8370314.938751571
2012-08-13,8377711.41635567
2012-08-14,8366523.992716909
2012-08-15,8401867.4224904
2012-08-16,8447888.085835388
2012-08-17,8467801.322199948
2012-08-20,8451710.933897207
2012-08-21,8440606.200749716
2012-08-22,8436558.97185924
2012-08-23,8407823.2384976
2012-08-24,8426615.558799924
2012-08-27,8434796.868249943
2012-08-28,8442073.845738214
2012-08-29,8447234.136719352
2012-08-30,8412723.204132805
2012-08-31,8432850.768548321
2012-09-04,8459129.75934993
2012-09-05,8453182.122861622
2012-09-06,8518142.989683377
2012-09-07,8532219.014103428
2012-09-10,8521675.242845131
2012-09-11,8528016.640665216
2012-09-12,8545125.708170662
2012-09-13,8595598.708131824
2012-09-14,8630588.775543794
2012-09-17,8606005.474926172
2012-09-18,8600543.296290755
2012-09-19,8618725.441036293
2012-09-20,8615035.022500884
2012-09-21,8624956.198882189
2012-09-24,8617579.581193965
2012-09-25,8565340.742470529
2012-09-26,8540566.404503915
2012-09-27,8582634.537317121
2012-09-28,8564444.79118518
2012-10-01,8574833.277259532
2012-10-02,8583028.476593575
2012-10-03,8599602.104070708
2012-10-04,8645558.354646128
2012-10-05,8650939.695738798
2012-10-08,8640020.389168773
2012-10-09,8595278.62249596
2012-10-10,8581307.279973678
2012-10-11,8599435.379537059
2012-10-12,8579459.72483921
2012-10-15,8613549.095458854
2012-10-16,8650908.387951486
2012-10-17,8675974.511536418
2012-10-18,8661826.439651974
2012-10-19,8613225.632943362
2012-10-22,8610936.631706353
2012-10-23,8559585.115948798
2012-10-24,8526333.301136559
2012-10-25,8553148.280813722
2012-10-26,8541950.210302882
2012-10-31,8590496.531591194
2012-11-01,8724670.668469228
2012-11-02,8627259.140015258
2012-11-05,8673873.498258991
2012-11-06,8741416.851686662
2012-11-07,8570716.032184126
2012-11-08,8484800.56732203
2012-11-09,8494406.868765095
2012-11-12,8485415.403522525
2012-11-13,8474561.577896835
2012-11-14,8328791.709970966
2012-11-15,8303839.698379592
2012-11-16,8361677.642846572
2012-11-19,8514611.858680148
2012-11-20,8527409.373264877
2012-11-21,8558619.40923653
2012-11-23,8641915.416360172
2012-11-26,8632730.968107237
2012-11-27,8657753.447256416
2012-11-28,8688183.220709436
2012-11-29,8752454.391731326
2012-11-30,8734820.159541871
2012-12-03,8706918.574885985
2012-12-04,8721020.603725187
2012-12-05,8721539.383879488
2012-12-06,8742231.226762913
2012-12-07,8751132.894085614
2012-12-10,8788157.187607687
2012-12-11,8831601.65021932
2012-12-12,8829909.40522355
2012-12-13,8784646.926116332
2012-12-14,8789937.90287857
2012-12-17,8866001.088548016
2012-12-18,8958071.920047272
2012-12-19,8956437.532816073
2012-12-20,8995338.805115523
2012-12-21,8936425.569260666
2012-12-24,8928524.525137885
2012-12-26,8895264.388093947
2012-12-27,8893531.703894297
2012-12-28,8833437.110056955
2012-12-31,8973704.249970684
2013-01-02,9167570.504873656
2013-01-03,9175340.03949453
2013-01-04,9222425.37121676
2013-01-07,9187747.222676208
2013-01-08,9170109.041209372
2013-01-09,9205269.386078188
2013-01-10,9228626.043330308
2013-01-11,9229517.329746092
2013-01-14,9255287.423063297
2013-01-15,9284304.99566058
2013-01-16,9258724.97254641
2013-01-17,9328244.74383165
2013-01-18,9350221.29862483
2013-01-22,9404404.567458143
2013-01-23,9405260.026185509
2013-01-24,9459122.095603306
2013-01-25,9535416.662457151
2013-01-28,9535495.605784094
2013-01-29,9529597.20376887
2013-01-30,9480583.251945963
2013-01-31,9489290.543429572
2013-02-01,9576655.401693162
2013-02-04,9486634.856495894
2013-02-05,9583929.381045211
2013-02-06,9607933.89797397
2013-02-07,9555917.373218894
2013-02-08,9605718.479427118
2013-02-11,9600283.133896628
2013-02-12,9647348.543928972
2013-02-13,9678672.471463816
2013-02-14,9712950.17718388
2013-02-15,9690351.09841345
2013-02-19,9749255.902311224
2013-02-20,9607525.724251669
2013-02-21,9522175.901888832
2013-02-22,9599835.63585678
2013-02-25,9458569.472945005
2013-02-26,9507483.878203657
2013-02-27,9605885.261666348
2013-02-28,9607134.345288765
2013-03-01,9649464.338680333
2013-03-04,9685926.482908348
2013-03-05,9775216.098842263
2013-03-06,9795533.843291048
2013-03-07,9817447.895596176
2013-03-08,9873811.049307205
2013-03-11,9896304.722135233
2013-03-12,9874776.38343984
2013-03-13,9896696.16128275
2013-03-14,9954085.180216664
2013-03-15,9944355.60527523
2013-03-18,9896284.111467129
2013-03-19,9876871.01840106
2013-03-20,9943328.075401068
2013-03-21,9907119.363853188
2013-03-22,9919049.569199435
2013-03-25,9919743.290312285
2013-03-26,9946721.698888266
2013-03-27,9955394.917636806
2013-03-28,9975988.898878166
2013-04-01,9906110.642010791
2013-04-02,9888148.00721344
2013-04-03,9788307.56453958
2013-04-04,9822079.8020927
2013-04-05,9813151.1289363
2013-04-08,9879508.356660103
2013-04-09,9880015.993632369
2013-04-10,9990492.736371294
2013-04-11,10114025.903521003
2013-04-12,10098981.46897884
2013-04-15,9871540.202725183
2013-04-16,9990752.285139725
2013-04-17,9885771.276175931
2013-04-18,9840260.629341034
2013-04-19,9911642.418807246
2013-04-22,9963572.080399131
2013-04-23,10112244.035759486
2013-04-24,10163698.46634375
2013-04-25,10260374.838705655
2013-04-26,10209920.830018437
2013-04-29,10267039.015261676
2013-04-30,10316575.04429122
2013-05-01,10169630.305240553
2013-05-02,10291836.87385459
2013-05-03,10414982.505925996
2013-05-06,10496725.911591047
2013-05-07,10553128.803321986
2013-05-08,10589057.338084258
2013-05-09,10568699.587115595
2013-05-10,10652050.795207052
2013-05-13,10644099.274611184
2013-05-14,10752787.684168557
2013-05-15,10795828.380418252
2013-05-16,10746733.579394212
2013-05-17,10863882.946569674
2013-05-20,10870920.14690344
2013-05-21,10884480.138010144
2013-05-22,10764985.227505792
2013-05-23,10774473.556976136
2013-05-24,10765835.29738727
2013-05-28,10869510.874637485
2013-05-29,10808764.908949329
2013-05-30,10877497.195229173
2013-05-31,10781303.063741546
2013-06-03,10807777.9473091
2013-06-04,10735727.234958826
2013-06-05,10618058.892774375
2013-06-06,10705837.363139763
2013-06-07,10801526.040823964
2013-06-10,10820604.4906184
2013-06-11,10719647.79533352
2013-06-12,10635354.136895524
2013-06-13,10781954.354189308
2013-06-14,10726545.8516322
2013-06-17,10776048.905013882
2013-06-18,10855511.790612647
2013-06-19,10734096.316186989
2013-06-20,10506669.09444539
2013-06-21,10510166.548867824
2013-06-24,10404250.25302409
2013-06-25,10499457.413996251
2013-06-26,10564470.658784086
2013-06-27,10674637.454895418
2013-06-28,10658490.343519086
2013-07-01,10765538.338679148
2013-07-02,10751433.945079282
2013-07-03,10761376.344314856
2013-07-05,10882445.489787478
2013-07-08,10912921.642599814
2013-07-09,10985575.634230336
2013-07-10,10998885.425883152
2013-07-11,11107243.715855084
2013-07-12,11124090.234157318
2013-07-15,11147880.764495304
2013-07-16,11103842.10288015
2013-07-17,11135044.239911065
2013-07-18,11190764.99254072
2013-07-19,11204955.57784569
2013-07-22,11236479.605223732
2013-07-23,11229850.030663172
2013-07-24,11177931.120993638
2013-07-25,11236134.446784047
2013-07-26,11209445.851425664
2013-07-29,11162992.214847604
2013-07-30,11193465.546810934
2013-07-31,11209615.71598128
2013-08-01,11340826.017411849
2013-08-02,11331890.160154805
2013-08-05,11332527.298984792
2013-08-06,11252493.00859716
2013-08-07,11210710.712712536
2013-08-08,11258522.61309712
2013-08-09,11253194.115165194
2013-08-12,11274772.33286423
2013-08-13,11284875.086260872
2013-08-14,11259187.791464746
2013-08-15,11133748.352270275
2013-08-16,11112933.055581003
2013-08-19,11112305.334708383
2013-08-20,11113229.65506
2013-08-21,11114731.885614226
2013-08-22,11115535.6862148
2013-08-23,11116486.410512906
2013-08-26,11115574.034358587
2013-08-27,11112106.491051955
2013-08-28,11113063.284447238
2013-08-29,11113838.609051738
2013-08-30,11112205.15357718
2013-09-03,11115039.04799436
2013-09-04,11114942.34892369
2013-09-05,11115037.384471336
2013-09-06,11116979.018311962
2013-09-09,11117265.438582815
2013-09-10,11118511.894971777
2013-09-11,11118196.572685303
2013-09-12,11117783.193470055
2013-09-13,11118759.198864974
2013-09-16,11119279.85437706
2013-09-17,11120314.070960004
2013-09-18,11120631.104675924
2013-09-19,11120874.235905653
2013-09-20,11122316.497632096
2013-09-23,11121385.853511613
2013-09-24,11121303.917961195
2013-09-25,11120830.044650804
2013-09-26,11121881.420405284
2013-09-27,11124060.92439598
2013-09-30,11121063.1629573
2013-10-01,11123191.486732254
2013-10-02,11121217.188983334
2013-10-03,11117284.054888556
2013-10-04,11121078.354499362
2013-10-07,11116148.08209849
2013-10-08,11108529.73465349
2013-10-09,11107846.829122271
2013-10-10,11120320.8114532
2013-10-11,11180436.2351289
2013-10-14,11244139.011480091
2013-10-15,11158357.78865844
2013-10-16,11269083.31520872
2013-10-17,11362981.81915872
2013-10-18,11424773.606481863
2013-10-21,11442084.278657084
2013-10-22,11504026.306512756
2013-10-23,11477640.940397091
2013-10-24,11570024.968961632
2013-10-25,11593773.18283216
2013-10-28,11566956.929839984
2013-10-29,11566865.310866026
2013-10-30,11474951.025171995
2013-10-31,11472876.730627293
2013-11-01,11464979.524864066
2013-11-04,11528010.02421439
2013-11-05,11511039.391167426
2013-11-06,11486265.561858932
2013-11-07,11360721.76021346
2013-11-08,11502421.27271497
2013-11-11,11553470.435062848
2013-11-12,11557373.777041998
2013-11-13,11683283.418501996
2013-11-14,11708275.83237987
2013-11-15,11749415.699688736
2013-11-18,11689058.793620951
2013-11-19,11639227.337011805
2013-11-20,11632267.990648272
2013-11-21,11774066.764884563
2013-11-22,11814526.72214586
2013-11-25,11850579.538991738
2013-11-26,11882199.190747945
2013-11-27,11931642.828924276
2013-11-29,11944286.57670066
2013-12-02,11947004.000672664
2013-12-03,11851933.71687719
2013-12-04,11858757.306328986
2013-12-05,11851897.689338418
2013-12-06,11944596.442370404
2013-12-09,11949852.386320865
2013-12-10,11938237.903256822
2013-12-11,11790221.353733312
2013-12-12,11794280.35941268
2013-12-13,11830647.132619958
2013-12-16,11892646.8620971
2013-12-17,11879754.488976492
2013-12-18,11997015.660374524
2013-12-19,11979372.752853282
2013-12-20,12141930.22954652
2013-12-23,12235513.93879565
2013-12-24,12272405.371234396
2013-12-26,12286319.659102296
2013-12-27,12266590.913704976
2013-12-30,12290470.777211407
2013-12-31,12316458.454033475
2014-01-02,12246475.663078228
2014-01-03,12270733.025340524
2014-01-06,12229404.314391635
2014-01-07,12293521.93511318
2014-01-08,12341034.507447634
2014-01-09,12344177.149403082
2014-01-10,12405444.349519992
2014-01-13,12329160.961796952
2014-01-14,12456622.10141288
2014-01-15,12504871.90472258
2014-01-16,12509606.297074256
2014-01-17,12478757.45289046
2014-01-21,12529915.731336463
2014-01-22,12577463.50663829
2014-01-23,12540654.183141178
2014-01-24,12285460.58880481
2014-01-27,12203997.938755829
2014-01-28,12317016.538733965
2014-01-29,12218425.32205945
2014-01-30,12343909.137145543
2014-01-31,12291524.475458313
2014-02-03,11954374.730644384
2014-02-04,12040231.535927689
2014-02-05,11986515.750662869
2014-02-06,12114418.736060714
2014-02-07,12293430.01797707
2014-02-10,12305369.799761808
2014-02-11,12412231.823281694
2014-02-12,12452664.957950704
2014-02-13,12567469.514052616
2014-02-14,12584534.960106956
2014-02-18,12710402.303905671
2014-02-19,12617404.17007576
2014-02-20,12762624.31367506
2014-02-21,12817810.216231056
2014-02-24,12877764.896963203
2014-02-25,12907688.870188726
2014-02-26,12884587.12744096
2014-02-27,12974270.261295138
2014-02-28,12901855.721497934
2014-03-03,12824433.473890904
2014-03-04,13069908.630650874
2014-03-05,13038384.357519226
2014-03-06,13013915.603835111
2014-03-07,12999233.720657464
2014-03-10,12962029.20815129
2014-03-11,12856911.730660057
2014-03-12,12884717.819166176
2014-03-13,12724622.75208782
2014-03-14,12741087.674747027
2014-03-17,12820626.849020176
2014-03-18,12939440.508168096
2014-03-19,12874206.169909436
2014-03-20,12919308.789887393
2014-03-21,12875111.349907303
2014-03-24,12750297.30099966
2014-03-25,12755542.380307788
2014-03-26,12617176.058362596
2014-03-27,12601946.518447803
2014-03-28,12621312.432813356
2014-03-31,12870136.294212326
2014-04-01,13028981.915914873
2014-04-02,13092793.064066287
2014-04-03,12960415.830658806
2014-04-04,12698393.979403367
2014-04-07,12488797.071865795
2014-04-08,12610913.049209831
2014-04-09,12822762.511179008
2014-04-10,12491912.548314476
2014-04-11,12336464.469610596
2014-04-14,12376696.15162139
2014-04-15,12449955.453460734
2014-04-16,12607384.224735308
2014-04-17,12652965.857766384
2014-04-21,12698811.34315756
2014-04-22,12853415.212083032
2014-04-23,12818528.296791129
2014-04-24,12809413.693110824
2014-04-25,12620244.935721854
2014-04-28,12578017.117055925
2014-04-29,12612782.477663323
2014-04-30,12662443.432094231
2014-05-01,12719427.645468809
2014-05-02,12748774.838752083
2014-05-05,12780320.754998408
2014-05-06,12656283.001862144
2014-05-07,12698388.763218911
2014-05-08,12608239.280530391
2014-05-09,12608415.22529679
2014-05-12,12793484.205195583
2014-05-13,12737901.544230308
2014-05-14,12652918.797889248
2014-05-15,12547646.4488616
2014-05-16,12619201.103268178
2014-05-19,12712353.772766834
2014-05-20,12603924.37435376
2014-05-21,12663830.5437809
2014-05-22,12721298.812799286
2014-05-23,12813545.850748442
2014-05-27,12943550.80690848
2014-05-28,12921556.784355652
2014-05-29,12964040.31132057
2014-05-30,12959833.568949156
2014-06-02,12980118.314586664
2014-06-03,12987149.852884766
2014-06-04,13038940.47765241
2014-06-05,13152371.41631465
2014-06-06,13224372.224846076
2014-06-09,13230359.294120736
2014-06-10,13214905.056071484
2014-06-11,13173071.079231014
2014-06-12,13072571.570297465
2014-06-13,13102942.447067596
2014-06-16,13122683.80341547
2014-06-17,13204226.27862437
2014-06-18,13281625.615168486
2014-06-19,13268970.45449211
2014-06-20,13334326.46571394
2014-06-23,13318125.979301251
2014-06-24,13214846.798768574
2014-06-25,13339648.054556595
2014-06-26,13325323.311568089
2014-06-27,13355282.228970569
2014-06-30,13405619.033834312
2014-07-01,13514865.652985515
2014-07-02,13537052.04446916
2014-07-03,13598364.98239556
2014-07-07,13466330.415190376
2014-07-08,13380782.749006355
2014-07-09,13415760.38782531
2014-07-10,13355664.66148145
2014-07-11,13352851.027831506
2014-07-14,13392677.423865102
2014-07-15,13312800.512916071
2014-07-16,13309394.007933628
2014-07-17,13166237.0172679
2014-07-18,13288492.910510784
2014-07-21,13276629.286619175
2014-07-22,13336025.066424243
2014-07-23,13337404.656558476
2014-07-24,13310717.446963364
2014-07-25,13243757.565517006
2014-07-28,13189120.994533284
2014-07-29,13152899.93517896
2014-07-30,13194408.506767588
2014-07-31,13013554.701016605
2014-08-01,13005108.431611294
2014-08-04,13073679.24722868
2014-08-05,13004032.95455925
2014-08-06,13048742.67195092
2014-08-07,13007940.711985173
2014-08-08,13082865.34566201
2014-08-11,13143765.43243716
2014-08-12,13086178.019113868
2014-08-13,13232048.601494836
2014-08-14,13288100.55325972
2014-08-15,13287458.612363802
2014-08-18,13449591.935473893
2014-08-19,13512367.462088691
2014-08-20,13531492.213921463
2014-08-21,13540346.861982426
2014-08-22,13543452.960969804
2014-08-25,13594477.246855443
2014-08-26,13655631.303288115
2014-08-27,13654149.48793929
2014-08-28,13608609.2186621
2014-08-29,13669764.74543264
2014-09-02,13748829.02237082
2014-09-03,13734498.410770332
2014-09-04,13648034.849150008
2014-09-05,13758350.69076456
2014-09-08,13760477.515770916
2014-09-09,13654689.871954923
2014-09-10,13701617.13199279
2014-09-11,13721706.894533347
2014-09-12,13646219.858964408
2014-09-15,13500009.201625058
2014-09-16,13582214.219407711
2014-09-17,13605118.617128829
2014-09-18,13662255.10233824
2014-09-19,13586289.149327807
2014-09-22,13424878.410966069
2014-09-23,13307556.901364448
2014-09-24,13430560.901426842
2014-09-25,13221092.669398945
2014-09-26,13317866.925058622
2014-09-29,13305600.282551372
2014-09-30,13184882.188595137
2014-10-01,12994802.80744962
2014-10-02,13020290.284673983
2014-10-03,13157869.10241376
2014-10-06,13082482.484848749
2014-10-07,12872656.122596135
2014-10-08,13088332.747374631
2014-10-09,12814511.124739015
2014-10-10,12597020.478368588
2014-10-13,12560592.743451562
2014-10-14,12582047.354665829
2014-10-15,12592340.053382548
2014-10-16,12608961.625188593
2014-10-17,12623929.219878444
2014-10-20,12643016.72191674
2014-10-21,12677438.487557909
2014-10-22,12656530.405366942
2014-10-23,12705955.67547032
2014-10-24,12712315.183328912
2014-10-27,12699292.181466104
2014-10-28,12734648.43446611
2014-10-29,12733900.554929929
2014-10-30,12740529.164433856
2014-10-31,12772863.340884687
2014-11-03,12770132.20245278
2014-11-04,12748205.186196055
2014-11-05,12751796.413278151
2014-11-06,12765736.721840909
2014-11-07,12761173.411925456
2014-11-10,12763022.954266988
2014-11-11,12764789.36491498
2014-11-12,12773640.956953287
2014-11-13,12763450.831532868
2014-11-14,12759993.847399944
2014-11-17,12753849.823406368
2014-11-18,12774253.474788828
2014-11-19,12760692.72548906
2014-11-20,12776444.885273272
2014-11-21,12784892.057946188
2014-11-24,12798929.766385388
2014-11-25,12805532.062131718
2014-11-26,12814952.32518828
2014-11-28,12786955.189398631
2014-12-01,12763966.420030434
2014-12-02,12779490.738452043
2014-12-03,12803074.39044401
2014-12-04,12793580.153938169
2014-12-05,12799386.106261067
2014-12-08,12769059.780979875
2014-12-09,12786089.209986605
2014-12-10,12736591.313939158
2014-12-11,12733949.763418203
2014-12-12,12705075.146267142
2014-12-15,12701109.59507438
2014-12-16,12683331.42031573
2014-12-17,12742350.01450343
2014-12-18,12778122.52992318
2014-12-19,12784531.804522092
2014-12-22,12803934.67363907
2014-12-23,12822165.48807683
2014-12-24,12821503.613929648
2014-12-26,12829942.855676413
2014-12-29,12839779.866473213
2014-12-30,12824819.444442475
2014-12-31,12809592.379163748
2015-01-02,12796251.351879522
2015-01-05,12754428.465482108
2015-01-06,12727067.287178902
2015-01-07,12753823.948907768
2015-01-08,12788688.088421904
2015-01-09,12768359.209346982
2015-01-12,12764056.322697328
2015-01-13,12758769.739368925
2015-01-14,12745485.535906928
2015-01-15,12718032.897417605
2015-01-16,12740936.983993016
2015-01-20,12733287.882780718
2015-01-21,12744288.89234708
2015-01-22,12770570.329269378
2015-01-23,12768848.945284132
2015-01-26,12786535.260344977
2015-01-27,12772982.052520745
2015-01-28,12745689.333515769
2015-01-29,12771704.810696855
2015-01-30,12734509.50281064
2015-02-02,12759338.569474764
2015-02-03,12800076.42766066
2015-02-04,12799951.079013765
2015-02-05,12817668.659917708
2015-02-06,12803886.009055998
2015-02-09,12788558.379529836
2015-02-10,12810602.26135377
2015-02-11,12807322.848616272
2015-02-12,12845199.217956562
2015-02-13,12855205.50386415
2015-02-17,12860006.432019187
2015-02-18,12878810.73826738
2015-02-19,12865230.08848252
2015-02-20,12881808.051211542
2015-02-23,12883665.336699763
2015-02-24,12886989.84034622
2015-02-25,12886390.087588675
2015-02-26,12881476.479453668
2015-02-27,12872889.756364709
2015-03-02,12901930.08120493
2015-03-03,12891361.694573162
2015-03-04,12870826.929263756
2015-03-05,12878262.75147467
2015-03-06,12828924.00969207
2015-03-09,12843390.516167216
2015-03-10,12804006.111782463
2015-03-11,12810522.476496909
2015-03-12,12862905.5760128
2015-03-13,12817305.063710475
2015-03-16,12959435.670733018
2015-03-17,12959905.683207272
2015-03-18,13098315.0569478
2015-03-19,13076628.268501893
2015-03-20,13183081.44513704
2015-03-23,13128628.058867931
2015-03-24,13088284.831692137
2015-03-25,12843754.334722465
2015-03-26,12814635.192834064
2015-03-27,12891957.701486038
2015-03-30,13051904.087210272
2015-03-31,12974043.74993041
2015-04-01,12945711.470445355
2015-04-02,12966310.177215138
2015-04-06,13034251.262582907
2015-04-07,12974234.36978068
2015-04-08,13100698.830754504
2015-04-09,13094111.664636604
2015-04-10,13184109.144497704
2015-04-13,13164037.90729189
2015-04-14,13159058.58765164
2015-04-15,13256441.880276032
2015-04-16,13279960.063834723
2015-04-17,13117530.683528004
2015-04-20,13227981.343222791
2015-04-21,13230090.183890551
2015-04-22,13246709.302858306
2015-04-23,13310732.220509276
2015-04-24,13285764.317008393
2015-04-27,13172253.125747556
2015-04-28,13199092.86373906
2015-04-29,13163435.905647889
2015-04-30,12973065.469873924
2015-05-01,13104007.250455612
2015-05-04,13158660.398762817
2015-05-05,12979477.524913648
2015-05-06,12952761.301081477
2015-05-07,13017975.432394646
2015-05-08,13111588.3672132
2015-05-11,13124101.554412806
2015-05-12,13091375.210666854
2015-05-13,13091935.560503582
2015-05-14,13212486.969473336
2015-05-15,13219914.911263686
2015-05-18,13314995.061530843
2015-05-19,13304386.356404629
2015-05-20,13295341.921809752
2015-05-21,13313193.950571897
2015-05-22,13302252.3445471
2015-05-26,13170121.927140975
2015-05-27,13284015.419175318
2015-05-28,13252306.735444415
2015-05-29,13188724.041503895
2015-06-01,13221213.032817924
2015-06-02,13248677.86149566
2015-06-03,13302358.785432706
2015-06-04,13182291.578032596
2015-06-05,13251206.832601449
2015-06-08,13140064.155468391
2015-06-09,13119906.300018797
2015-06-10,13259720.774281178
2015-06-11,13285008.337659504
2015-06-12,13245135.22573832
2015-06-15,13181010.965348346
2015-06-16,13239631.279628487
2015-06-17,13248332.262828466
2015-06-18,13377390.024656972
2015-06-19,13336828.616851078
2015-06-22,13397681.217487058
2015-06-23,13421132.15963021
2015-06-24,13315531.958302442
2015-06-25,13286465.942535806
2015-06-26,13256299.334758896
2015-06-29,13016824.115505865
2015-06-30,13063702.386763746
2015-07-01,13103768.529117417
2015-07-02,13100708.62963082
2015-07-06,13101141.09426014
2015-07-07,13117957.467269473
2015-07-08,12925132.426709114
2015-07-09,12981368.071546825
2015-07-10,13130201.259092
2015-07-13,13226609.073374016
2015-07-14,13314708.60208869
2015-07-15,13264081.738901062
2015-07-16,13334704.764623886
2015-07-17,13313602.727171184
2015-07-20,13292771.785500042
2015-07-21,13252804.579333732
2015-07-22,13279285.777600864
2015-07-23,13219641.276174216
2015-07-24,13126405.718962012
2015-07-27,13061788.497928374
2015-07-28,13177048.487376174
2015-07-29,13229461.64159756
2015-07-30,13236924.46229956
2015-07-31,13287428.698809177
2015-08-03,13267178.580919407
2015-08-04,13253127.646649582
2015-08-05,13294687.076087467
2015-08-06,13164395.031417342
2015-08-07,13101208.990047012
2015-08-10,13167739.493777769
2015-08-11,13104311.972551268
2015-08-12,13119462.987081897
2015-08-13,13136098.016992176
2015-08-14,13173455.485783964
2015-08-17,13247858.324488549
2015-08-18,13213976.508403197
2015-08-19,13149428.849041205
2015-08-20,12951609.67893364
2015-08-21,12735768.633377036
2015-08-24,12735768.633377036
2015-08-25,12735768.633377036
2015-08-26,12735768.633377036
2015-08-27,12735768.633377036
2015-08-28,12735768.633377036
2015-08-31,12735768.633377036
2015-09-01,12735768.633377036
2015-09-02,12735768.633377036
2015-09-03,12735768.633377036
2015-09-04,12735768.633377036
2015-09-08,12735768.633377036
2015-09-09,12735768.633377036
2015-09-10,12735768.633377036
2015-09-11,12735768.633377036
2015-09-14,12735768.633377036
2015-09-15,12735768.633377036
2015-09-16,12735768.633377036
2015-09-17,12735768.633377036
2015-09-18,12735768.633377036
2015-09-21,12735768.633377036
2015-09-22,12735768.633377036
2015-09-23,12735768.633377036
2015-09-24,12735768.633377036
2015-09-25,12735768.633377036
2015-09-28,12735768.633377036
2015-09-29,12735768.633377036
2015-09-30,12735768.633377036
2015-10-01,12735768.633377036
2015-10-02,12735768.633377036
2015-10-05,12735768.633377036
2015-10-06,12735768.633377036
2015-10-07,12735768.633377036
2015-10-08,12735768.633377036
2015-10-09,12735768.633377036
2015-10-12,12735768.633377036
2015-10-13,12735768.633377036
2015-10-14,12735768.633377036
2015-10-15,12735768.633377036
2015-10-16,12735768.633377036
2015-10-19,12735768.633377036
2015-10-20,12735768.633377036
2015-10-21,12735768.633377036
2015-10-22,12735768.633377036
2015-10-23,12735768.633377036
2015-10-26,12735768.633377036
2015-10-27,12735768.633377036
2015-10-28,12735768.633377036
2015-10-29,12735768.633377036
2015-10-30,12735768.633377036
2015-11-02,12735768.633377036
2015-11-03,12735768.633377036
2015-11-04,12735768.633377036
2015-11-05,12735768.633377036
2015-11-06,12735768.633377036
2015-11-09,12735768.633377036
2015-11-10,12735768.633377036
2015-11-11,12735768.633377036
2015-11-12,12735768.633377036
2015-11-13,12735768.633377036
2015-11-16,12735768.633377036
2015-11-17,12735768.633377036
2015-11-18,12735768.633377036
2015-11-19,12735768.633377036
2015-11-20,12735768.633377036
2015-11-23,12735768.633377036
2015-11-24,12735768.633377036
2015-11-25,12735768.633377036
2015-11-27,12735768.633377036
2015-11-30,12735768.633377036
2015-12-01,12735768.633377036
2015-12-02,12735768.633377036
2015-12-03,12735768.633377036
2015-12-04,12735768.633377036
2015-12-07,12735768.633377036
2015-12-08,12735768.633377036
2015-12-09,12735768.633377036
2015-12-10,12735768.633377036
2015-12-11,12735768.633377036
2015-12-14,12735768.633377036
2015-12-15,12735768.633377036
2015-12-16,12735768.633377036
2015-12-17,12735768.633377036
2015-12-18,12735768.633377036
2015-12-21,12735768.633377036
2015-12-22,12735768.633377036
2015-12-23,12735768.633377036
2015-12-24,12735768.633377036
2015-12-28,12735768.633377036
2015-12-29,12735768.633377036
2015-12-30,12735768.633377036
2015-12-31,12735768.633377036
2016-01-04,12735768.633377036
2016-01-05,12735768.633377036
2016-01-06,12735768.633377036
2016-01-07,12735768.633377036
2016-01-08,12735768.633377036
2016-01-11,12735768.633377036
2016-01-12,12735768.633377036
2016-01-13,12735768.633377036
2016-01-14,12735768.633377036
2016-01-15,12735768.633377036
2016-01-19,12735768.633377036
2016-01-20,12735768.633377036
2016-01-21,12735768.633377036
2016-01-22,12735768.633377036
2016-01-25,12735768.633377036
2016-01-26,12735768.633377036
2016-01-27,12735768.633377036
2016-01-28,12735768.633377036
2016-01-29,12735768.633377036
2016-02-01,12735768.633377036
2016-02-02,12735768.633377036
2016-02-03,12735768.633377036
2016-02-04,12735768.633377036
2016-02-05,12735768.633377036
2016-02-08,12735768.633377036
2016-02-09,12735768.633377036
2016-02-10,12735768.633377036
2016-02-11,12735768.633377036
2016-02-12,12735768.633377036
2016-02-16,12735768.633377036
2016-02-17,12735768.633377036
2016-02-18,12735768.633377036
2016-02-19,12735768.633377036
2016-02-22,12735768.633377036
2016-02-23,12735768.633377036
2016-02-24,12735768.633377036
2016-02-25,12735768.633377036
2016-02-26,12735768.633377036
2016-02-29,12735768.633377036
2016-03-01,12735768.633377036
2016-03-02,12735768.633377036
2016-03-03,12735768.633377036
2016-03-04,12735768.633377036
2016-03-07,12735768.633377036
2016-03-08,12735768.633377036
2016-03-09,12735768.633377036
2016-03-10,12735768.633377036
2016-03-11,12735868.921105811
2016-03-14,12735685.055618592
2016-03-15,12736116.867349612
2016-03-16,12736102.94950472
2016-03-17,12736011.01676111
2016-03-18,12736440.041663704
2016-03-21,12736466.50838514
2016-03-22,12736488.803012555
2016-03-23,12736575.162099311
2016-03-24,12736469.295213567
2016-03-28,12736564.014785605
2016-03-29,12736814.747857831
2016-03-30,12737100.308136776
2016-03-31,12736984.695500158
2016-04-01,12737320.402393548
2016-04-04,12737441.58868702
2016-04-05,12737593.41379595
2016-04-06,12737569.73390294
2016-04-07,12737353.828037431
2016-04-08,12737356.614865858
2016-04-11,12737208.961850949
2016-04-12,12737305.06668858
2016-04-13,12737434.613467332
2016-04-14,12737295.320937704
2016-04-15,12737539.095087484
2016-04-18,12737665.855037812
2016-04-19,12737498.694223912
2016-04-20,12737497.30895832
2016-04-21,12737277.214701548
2016-04-22,12737381.68002446
2016-04-25,12737378.893196031
2016-04-26,12737774.492454745
2016-04-27,12738252.27870619
2016-04-28,12738058.667468095
2016-04-29,12738149.214946112
2016-05-02,12738434.758927817
2016-05-03,12738614.452321015
2016-05-04,12738746.785928195
2016-05-05,12738939.011900697
2016-05-06,12739241.293150203
2016-05-09,12739315.11965766
2016-05-10,12739705.145259516
2016-05-11,12739271.931965662
2016-05-12,12739781.758595398
2016-05-13,12739224.572179643
2016-05-16,12739468.346329425
2016-05-17,12739171.63873677
2016-05-18,12739246.86680706
2016-05-19,12738819.22717006
2016-05-20,12739049.067177704
2016-05-23,12738971.052278988
2016-05-24,12739322.078580108
2016-05-25,12739273.333528496
2016-05-26,12739220.400085624
2016-05-27,12739285.866107795
2016-05-31,12739042.091958016
2016-06-01,12739251.03890108
2016-06-02,12739266.423497776
2016-06-03,12739436.5675712
2016-06-06,12739391.274628635
2016-06-07,12739440.694913767
2016-06-08,12739874.737648966
2016-06-09,12739897.77223004
2016-06-10,12739857.25459858
2016-06-13,12738249.773746084
2016-06-14,12737360.977889152
2016-06-15,12738630.675678276
2016-06-16,12740352.003412236
2016-06-17,12730725.010853296
2016-06-20,12742543.205442175
2016-06-21,12740078.40753054
2016-06-22,12739314.672324272
2016-06-23,12756875.438732533
2016-06-24,12830008.753223252
2016-06-27,12421847.682776034
2016-06-28,12658922.714640902
2016-06-29,12924282.55485927
2016-06-30,13107349.945953652
2016-07-01,13167256.010304876
2016-07-05,12974416.551595626
2016-07-06,13049649.073685745
2016-07-07,13068304.124703906
2016-07-08,13360635.30781849
2016-07-11,13452203.80870437
2016-07-12,13625898.125007698
2016-07-13,13605596.885199854
2016-07-14,13665801.45378559
2016-07-15,13666653.351815268
2016-07-18,13707412.604374956
2016-07-19,13626321.175176784
2016-07-20,13736200.283213483
2016-07-21,13722869.484454237
2016-07-22,13797544.636185538
2016-07-25,13758458.045029065
2016-07-26,13809148.37850462
2016-07-27,13825071.745878786
2016-07-28,13871443.239443738
2016-07-29,13884734.971190363
2016-08-01,13836886.467663268
2016-08-02,13644626.470311804
2016-08-03,13756092.878387906
2016-08-04,13782805.241106909
2016-08-05,13958817.7366397
2016-08-08,13944271.201250557
2016-08-09,13914539.214923931
2016-08-10,13805077.339638716
2016-08-11,13873856.666865673
2016-08-12,13850693.31692174
2016-08-15,13980310.5568464
2016-08-16,13875551.006184625
2016-08-17,13866450.161191933
2016-08-18,13946231.162178038
2016-08-19,13957756.930826657
2016-08-22,13968222.84430642
2016-08-23,14026926.568257742
2016-08-24,13891289.968708754
2016-08-25,13882099.820120744
2016-08-26,13861563.931350533
2016-08-29,13921954.12992882
2016-08-30,13917703.141745595
2016-08-31,13863887.771762976
2016-09-01,13876163.553143326
2016-09-02,13940784.405337855
2016-09-06,13955249.629763767
2016-09-07,14026428.762461811
2016-09-08,14003162.087749094
2016-09-09,13628316.899924943
2016-09-12,13807088.86545664
2016-09-13,13587155.293597648
2016-09-14,13604593.6275028
2016-09-15,13749896.081282863
2016-09-16,13726338.649630629
2016-09-19,13794271.753998192
2016-09-20,13759931.889902037
2016-09-21,13924636.43618552
2016-09-22,14043709.295642512
2016-09-23,13971516.956788711
2016-09-26,13870104.416462855
2016-09-27,13921110.84839649
2016-09-28,14006590.511967532
2016-09-29,13856217.984551918
2016-09-30,13973869.99903864
2016-10-03,13931895.04750299
2016-10-04,13860937.225291597
2016-10-05,13965716.448896172
2016-10-06,13907240.826019237
2016-10-07,13825439.446546208
2016-10-10,13909197.738178782
2016-10-11,13694702.575810969
2016-10-12,13675206.048645336
2016-10-13,13577206.916492024
2016-10-14,13548069.163305664
2016-10-17,13513454.766749855
2016-10-18,13629133.937910248
2016-10-19,13692370.35077343
2016-10-20,13676999.899178334
2016-10-21,13683499.56146296
2016-10-24,13729875.718162565
2016-10-25,13639424.700471796
2016-10-26,13604356.76236583
2016-10-27,13532743.470380591
2016-10-28,13500315.052825663
2016-10-31,13517911.422518017
2016-11-01,13419124.37514103
2016-11-02,13289633.031958995
2016-11-03,13233688.760375064
2016-11-04,13307391.351783328
2016-11-07,13605880.589317428
2016-11-08,13668103.462461244
2016-11-09,13917505.4565428
2016-11-10,14067249.346450644
2016-11-11,14184906.247759828
2016-11-14,14320061.90231523
2016-11-15,14357679.169016114
2016-11-16,14323575.222131344
2016-11-17,14400241.03612533
2016-11-18,14397033.93105844
2016-11-21,14475083.37997986
2016-11-22,14544306.4829663
2016-11-23,14612590.824659197
2016-11-25,14661273.367021693
2016-11-28,14528287.599478437
2016-11-29,14531488.180623434
2016-11-30,14494861.33776926
2016-12-01,14456825.74149718
2016-12-02,14449218.190507447
2016-12-05,14596939.824473938
2016-12-06,14765081.470832247
2016-12-07,14901868.469033925
2016-12-08,15036273.226418048
2016-12-09,15014638.88207391
2016-12-12,14874975.632902017
2016-12-13,14915991.75238268
2016-12-14,14765804.050587466
2016-12-15,14832924.494484052
2016-12-16,14784624.49864384
2016-12-19,14823835.115644831
2016-12-20,14963438.652012505
2016-12-21,14908038.497306196
2016-12-22,14808109.046370178
2016-12-23,14893630.939505124
2016-12-27,14942859.08877091
2016-12-28,14785080.733260846
2016-12-29,14794267.8086233
2016-12-30,14754732.190521987
2017-01-03,14852426.559925446
2017-01-04,15061801.83273712
2017-01-05,14962176.610161848
2017-01-06,14980454.179622963
2017-01-09,14917487.778757917
2017-01-10,14976035.524391454
2017-01-11,15027326.920486044
2017-01-12,15021776.338579107
2017-01-13,15093640.984233985
2017-01-17,14981857.472522063
2017-01-18,15132022.559671285
2017-01-19,15062491.172602182
2017-01-20,15090363.819795834
2017-01-23,15071418.91601405
2017-01-24,15236384.088031923
2017-01-25,15371414.219210329
2017-01-26,15326027.975503612
2017-01-27,15332174.7957233
2017-01-30,15254074.52604978
2017-01-31,15319576.340199267
2017-02-01,15354274.393512469
2017-02-02,15379532.2725025
2017-02-03,15494879.180945044
2017-02-06,15474222.068416482
2017-02-07,15472081.129141524
2017-02-08,15487914.834392212
2017-02-09,15613535.826751629
2017-02-10,15692560.22936198
2017-02-13,15727700.22227604
2017-02-14,15783989.828863416
2017-02-15,15874420.99219399
2017-02-16,15797057.645966396
2017-02-17,15794361.118894584
2017-02-21,15859879.464174531
2017-02-22,15836370.826152492
2017-02-23,15787802.312236268
2017-02-24,15807290.131644132
2017-02-27,15900688.878772449
2017-02-28,15771114.017217206
2017-03-01,15973026.134995708
2017-03-02,15863120.346489588
2017-03-03,15887672.421102185
2017-03-06,15817167.238637708
2017-03-07,15774640.815533273
2017-03-08,15739345.798110034
2017-03-09,15712940.794148237
2017-03-10,15776758.004563697
2017-03-13,15838799.08162654
2017-03-14,15786195.0118391
2017-03-15,15961659.757669251
2017-03-16,15936730.112418609
2017-03-17,15920668.136843603
2017-03-20,15931865.739318948
2017-03-21,15651269.812218674
2017-03-22,15678880.587717935
2017-03-23,15712569.423042726
2017-03-24,15724629.567172049
2017-03-27,15755840.614425426
2017-03-28,15845042.5436436
2017-03-29,15859502.917286811
2017-03-30,15924167.372408776
2017-03-31,15925699.119124733
2017-04-03,15822708.847589754
2017-04-04,15821915.467044652
2017-04-05,15711809.279398711
2017-04-06,15870836.530504473
2017-04-07,15859385.389899014
2017-04-10,15870036.562549584
2017-04-11,15893333.416610312
2017-04-12,15749368.506183362
2017-04-13,15642325.028174996
2017-04-17,15770940.118849538
2017-04-18,15740120.28206268
2017-04-19,15776474.926520135
2017-04-20,15916244.2011071
2017-04-21,15876289.118825942
2017-04-24,16045098.422392145
2017-04-25,16160723.7224578
2017-04-26,16200814.249684911
2017-04-27,16245390.394814411
2017-04-28,16141778.81120396
2017-05-01,16194230.995177193
2017-05-02,16157579.529549511
2017-05-03,16100267.73136825
2017-05-04,16106793.394431245
2017-05-05,16191741.398113998
2017-05-08,16122273.892476384
2017-05-09,16166048.6090466
2017-05-10,16157840.111356951
2017-05-11,16099171.413212394
2017-05-12,16031408.096890654
2017-05-15,16118888.66944313
2017-05-16,16092957.274932925
2017-05-17,15794990.497078046
2017-05-18,15851677.739723977
2017-05-19,15958443.2688233
2017-05-22,16056399.332377214
2017-05-23,16071386.529345442
2017-05-24,16114672.303830275
2017-05-25,16176850.396904876
2017-05-26,16149749.373540891
2017-05-30,16107018.5948718
2017-05-31,16109366.37911198
2017-06-01,16265192.079587432
2017-06-02,16317478.039406966
2017-06-05,16286747.715992196
2017-06-06,16261918.304316226
2017-06-07,16309790.567090517
2017-06-08,16399991.385336006
2017-06-09,16381484.115036946
2017-06-12,16319379.900158877
2017-06-13,16385107.277024986
2017-06-14,16355271.590882815
2017-06-15,16314151.21447128
2017-06-16,16294523.718628354
2017-06-19,16389625.72925848
2017-06-20,16307045.066894472
2017-06-21,16301738.53455628
2017-06-22,16333306.045035642
2017-06-23,16395185.35666381
2017-06-26,16406289.317644984
2017-06-27,16276890.47264262
2017-06-28,16442568.918552224
2017-06-29,16353187.11455212
2017-06-30,16359365.376832357
2017-07-03,16409304.824227575
2017-07-05,16422365.318849688
2017-07-06,16317867.22514672
2017-07-07,16414051.473926136
2017-07-10,16393366.079796012
2017-07-11,16433353.717098843
2017-07-12,16583803.237529518
2017-07-13,16625506.400806662
2017-07-14,16689302.883719156
2017-07-17,16714598.731233684
2017-07-18,16735811.020526152
2017-07-19,16852310.198620897
2017-07-20,16882946.0770162
2017-07-21,16886226.434233185
2017-07-24,16910022.22839164
2017-07-25,16961540.96545331
2017-07-26,16935711.553390194
2017-07-27,16846846.18429476
2017-07-28,16836831.02234581
2017-07-31,16748632.91271486
2017-08-01,16781615.22770928
2017-08-02,16716924.27715685
2017-08-03,16629189.932033896
2017-08-04,16691435.129717276
2017-08-07,16743876.2671748
2017-08-08,16643395.586716663
2017-08-09,16575903.191110576
2017-08-10,16292987.757119823
2017-08-11,16337095.852370596
2017-08-14,16496898.886571713
2017-08-15,16474411.80512522
2017-08-16,16481085.083095858
2017-08-17,16235548.907317089
2017-08-18,16220259.438174408
2017-08-21,16239299.766866488
2017-08-22,16420059.047492122
2017-08-23,16418294.29170101
2017-08-24,16442423.257140584
2017-08-25,16438967.220301203
2017-08-28,16478178.012431145
2017-08-29,16511155.557246448
2017-08-30,16671247.117260477
2017-08-31,16813284.066806857
2017-09-01,16893527.27537437
2017-09-05,16805395.23620853
2017-09-06,16867251.89144792
2017-09-07,16850167.940387923
2017-09-08,16859631.63110471
2017-09-11,17028322.736901455
2017-09-12,17127513.82575422
2017-09-13,17091570.529496696
2017-09-14,17037966.0757166
2017-09-15,17092962.148870815
2017-09-18,17189987.760432985
2017-09-19,17219592.939493153
2017-09-20,17277272.559595708
2017-09-21,17259662.654475514
2017-09-22,17303279.934824876
2017-09-25,17258922.615572125
2017-09-26,17269519.700994167
2017-09-27,17426626.786112763
2017-09-28,17479826.650912154
2017-09-29,17505724.928121936
2017-10-02,17643385.081062064
2017-10-03,17682588.82473297
2017-10-04,17727642.907335598
2017-10-05,17758058.185613547
2017-10-06,17751395.63258517
2017-10-09,17693391.89449923
2017-10-10,17707848.164761014
2017-10-11,17704228.517297488
2017-10-12,17681289.969431594
2017-10-13,17691430.67199655
2017-10-16,17727346.989538636
2017-10-17,17675008.725349296
2017-10-18,17705296.79711917
2017-10-19,17711412.168494582
2017-10-20,17806814.002930388
2017-10-23,17744985.217288166
2017-10-24,17829271.927257333
2017-10-25,17726445.818506744
2017-10-26,17812081.144435667
2017-10-27,17850750.819386553
2017-10-30,17748952.43481357
2017-10-31,17848783.360510536
2017-11-01,17796044.042391684
2017-11-02,17814697.51875486
2017-11-03,17842488.108603697
2017-11-06,17899395.253191497
2017-11-07,17757526.257952046
2017-11-08,17770899.329590544
2017-11-09,17667774.11136196
2017-11-10,17673045.61499482
2017-11-13,17677977.032107368
2017-11-14,17659980.8070699
2017-11-15,17580013.74307346
2017-11-16,17770758.469713543
2017-11-17,17789541.88398066
2017-11-20,17857993.186035007
2017-11-21,17954372.12455211
2017-11-22,17929355.844328973
2017-11-24,17974416.227877192
2017-11-27,17935651.030036867
2017-11-28,18080282.433816984
2017-11-29,18036912.332807817
2017-11-30,18110148.423244487
2017-12-01,18070176.88494544
2017-12-04,18044206.327489343
2017-12-05,17983481.344041653
2017-12-06,17962395.67332486
2017-12-07,18069216.688487947
2017-12-08,18124371.64767478
2017-12-11,18128948.251754902
2017-12-12,18098858.083126627
2017-12-13,18117653.71869816
2017-12-14,18047165.10419441
2017-12-15,18183208.441330105
2017-12-18,18306340.747730337
2017-12-19,18263955.75513051
2017-12-20,18308909.799052987
2017-12-21,18308513.067803465
2017-12-22,18366522.866624195
2017-12-26,18364970.76468198
2017-12-27,18386024.97999093
2017-12-28,18438669.32454208
2017-12-29,18372890.09914988
2018-01-02,18492265.545257103
2018-01-03,18511251.422761407
2018-01-04,18546571.235945985
2018-01-05,18595564.96911797
2018-01-08,18655984.715156566
2018-01-09,18656742.17321924
2018-01-10,18673570.204735883
2018-01-11,18851679.517417483
2018-01-12,18925712.55961624
2018-01-16,18769670.72028792
2018-01-17,18858978.61864375
2018-01-18,18844519.993260566
2018-01-19,18981421.107863903
2018-01-22,19030019.68199456
2018-01-23,19087292.639607783
2018-01-24,19070669.54922447
2018-01-25,19103924.950193036
2018-01-26,19201892.938881505
2018-01-29,19129505.0088336
2018-01-30,19002473.03790063
2018-01-31,18940424.96436665
2018-02-01,18960565.509185374
2018-02-02,18716816.89707492
2018-02-05,18371907.454456456
2018-02-06,18519954.6252845
2018-02-07,18492710.027315136
2018-02-08,18147010.505183667
2018-02-09,18254308.73447905
2018-02-12,18256134.867863238
2018-02-13,18256866.838204958
2018-02-14,18259774.58596096
2018-02-15,18259725.866138168
2018-02-16,18261425.338993903
2018-02-20,18261186.68098884
2018-02-21,18260793.907609846
2018-02-22,18259205.691543914
2018-02-23,18258521.821799982
2018-02-26,18258885.186213583
2018-02-27,18257655.576814417
2018-02-28,18256177.67063508
2018-03-01,18255223.336598825
2018-03-02,18255375.08725953
2018-03-05,18255921.13123948
2018-03-06,18256685.253258035
2018-03-07,18256992.925676487
2018-03-08,18256888.659891456
2018-03-09,18258741.385001317
2018-03-12,18258712.56717337
2018-03-13,18258877.906529445
2018-03-14,18257383.86566538
2018-03-15,18257315.533711243
2018-03-16,18258058.22553788
2018-03-19,18258490.42732363
2018-03-20,18258200.70498244
2018-03-21,18258827.025056217
2018-03-22,18256193.127697468
2018-03-23,18254654.16811351
2018-03-26,18254654.16811351
2018-03-27,18254654.16811351
2018-03-28,18254654.16811351
2018-03-29,18254654.16811351
2018-04-02,18254654.16811351
2018-04-03,18254654.16811351
2018-04-04,18254654.16811351
2018-04-05,18254654.16811351
2018-04-06,18254654.16811351
2018-04-09,18254654.16811351
2018-04-10,18254654.16811351
2018-04-11,18254654.16811351
2018-04-12,18254654.16811351
2018-04-13,18254654.16811351
2018-04-16,18254654.16811351
2018-04-17,18254654.16811351
2018-04-18,18254654.16811351
2018-04-19,18254654.16811351
2018-04-20,18254654.16811351
2018-04-23,18254654.16811351
2018-04-24,18254654.16811351
2018-04-25,18254654.16811351
2018-04-26,18254654.16811351
2018-04-27,18254654.16811351
2018-04-30,18254654.16811351
2018-05-01,18254654.16811351
2018-05-02,18254654.16811351
2018-05-03,18254654.16811351
2018-05-04,18248761.488302257
2018-05-07,18253481.61753724
2018-05-08,18261066.90522373
2018-05-09,18312238.9921398
2018-05-10,18343141.11038556
2018-05-11,18362449.99434733
2018-05-14,18366066.606891014
2018-05-15,18352515.307685077
2018-05-16,18355460.875135355
2018-05-17,18375786.38813793
2018-05-18,18383485.930180818
2018-05-21,18383962.683879662
2018-05-22,18382405.8536233
2018-05-23,18373638.839642186
2018-05-24,18369122.094980493
2018-05-25,18375080.97060424
2018-05-29,18366992.29642502
2018-05-30,18395914.658420224
2018-05-31,18384587.68236338
2018-06-01,18402356.12119108
2018-06-04,18412467.761258703
2018-06-05,18420852.97924865
2018-06-06,18438417.82790565
2018-06-07,18431821.841153152
2018-06-08,18444283.140717678
2018-06-11,18451179.645359907
2018-06-12,18441540.94940123
2018-06-13,18441626.65327588
2018-06-14,18451084.173175648
2018-06-15,18457971.79395352
2018-06-18,18459587.0602538
2018-06-19,18459436.043671686
2018-06-20,18471733.12939182
2018-06-21,18451449.17412072
2018-06-22,18448564.43170853
2018-06-25,18394864.394846544
2018-06-26,18389572.31003884
2018-06-27,18364034.53212018
2018-06-28,18369472.67246701
2018-06-29,18467230.224128045
2018-07-02,18566813.41523413
2018-07-03,18528886.095368177
2018-07-05,18722516.0376144
2018-07-06,18868486.831890803
2018-07-09,19083091.120828595
2018-07-10,19065773.40416516
2018-07-11,18906840.43729873
2018-07-12,19018273.2669088
2018-07-13,18964467.820670143
2018-07-16,18881689.066494588
2018-07-17,18990571.351501137
2018-07-18,19081874.381899685
2018-07-19,19026404.482117075
2018-07-20,18985427.010749683
2018-07-23,18996588.10923215
2018-07-24,18883505.27208596
2018-07-25,19006291.245275337
2018-07-26,19074729.93032548
2018-07-27,18865558.48114878
2018-07-30,18727744.040965788
2018-07-31,18878534.531654067
2018-08-01,18841039.335948013
2018-08-02,18980572.32355231
2018-08-03,19011539.331369422
2018-08-06,19120672.986075666
2018-08-07,19203304.046989176
2018-08-08,19112008.45999044
2018-08-09,19151628.47481484
2018-08-10,19037472.51630169
2018-08-13,18930777.080851022
2018-08-14,19070690.44698335
2018-08-15,18870464.895422395
2018-08-16,18989155.90441075
2018-08-17,19034393.085177816
2018-08-20,19127224.33881447
2018-08-21,19262004.98322146
2018-08-22,19241860.81822713
2018-08-23,19161883.030757017
2018-08-24,19275030.675823394
2018-08-27,19405358.33031778
2018-08-28,19418352.076370884
2018-08-29,19477159.67434209
2018-08-30,19378373.205919016
2018-08-31,19391205.571111187
2018-09-04,19340192.845670037
2018-09-05,19276494.341165114
2018-09-06,19189754.07549186
2018-09-07,19135927.96028287
2018-09-10,19235602.87850588
2018-09-11,19267063.188043494
2018-09-12,19281378.33656609
2018-09-13,19323329.25481297
2018-09-14,19385212.481671136
2018-09-17,19252763.436690584
2018-09-18,19345988.507670727
2018-09-19,19341860.27932753
2018-09-20,19465393.71828049
2018-09-21,19428853.84019219
2018-09-24,19302114.66293325
2018-09-25,19291173.8257352
2018-09-26,19219848.496552054
2018-09-27,19222920.870604705
2018-09-28,19236371.12464424
2018-10-01,19178803.394201446
2018-10-02,19117751.463409003
2018-10-03,19161751.447458643
2018-10-04,18974155.617398363
2018-10-05,18801177.42107178
2018-10-08,18806160.11685306
2018-10-09,18806385.3632588
2018-10-10,18796771.424351968
2018-10-11,18786866.641360104
2018-10-12,18788318.19278129
2018-10-15,18790109.65717561
2018-10-16,18799441.92502975
2018-10-17,18807319.935529813
2018-10-18,18799245.12576293
2018-10-19,18799961.54525716
2018-10-22,18796842.81698883
2018-10-23,18797867.231304877
2018-10-24,18803128.453745198
2018-10-25,18800942.037029076
2018-10-26,18796502.28247265
2018-10-29,18800144.221465927
2018-10-30,18802297.99607075
2018-10-31,18799886.33614088
2018-11-01,18800346.616000213
2018-11-02,18798437.77773617
2018-11-05,18801620.650956303
2018-11-06,18804755.80759255
2018-11-07,18807324.230564423
2018-11-08,18809530.65374013
2018-11-09,18811603.527814634
2018-11-12,18813365.665917207
2018-11-13,18813055.46498437
2018-11-14,18811429.796343923
2018-11-15,18811952.06907176
2018-11-16,18814794.34854505
2018-11-19,18815025.36503821
2018-11-20,18812813.8974473
2018-11-21,18809161.57382205
2018-11-23,18810279.668662336
2018-11-26,18810999.755719848
2018-11-27,18811804.33412688
2018-11-28,18813033.274321884
2018-11-29,18812486.95274527
2018-11-30,18816698.070705198
2018-12-03,18818667.79937521
2018-12-04,18817791.214941703
2018-12-06,18821821.95090861
2018-12-07,18821966.65519359
2018-12-10,18821939.628861524
2018-12-11,18822277.243624058
2018-12-12,18820242.07391723
2018-12-13,18822966.437911
2018-12-14,18822379.74567324
2018-12-17,18822379.74567324
2018-12-18,18822379.74567324
2018-12-19,18822379.74567324
2018-12-20,18822379.74567324
2018-12-21,18973181.218074817
2018-12-24,18603799.797363445
2018-12-26,19521158.006900635
2018-12-27,19626398.96828797
2018-12-28,19641683.78830238
2018-12-31,19845331.1361387
2019-01-02,19951001.136333417
2019-01-03,19555183.323642347
2019-01-04,20307006.253830608
2019-01-07,20709808.50255615
2019-01-08,20976626.26716661
2019-01-09,21205898.25140967
2019-01-10,21376302.878016587
2019-01-11,21414317.55271799
2019-01-14,21257502.64703977
2019-01-15,21413716.23760156
2019-01-16,21524494.691534866
2019-01-17,21738321.54630706
2019-01-18,22041185.24032199
2019-01-22,21633837.56392871
2019-01-23,21574532.47790939
2019-01-24,21768970.57690133
2019-01-25,22117151.754898854
2019-01-28,21960204.097368423
2019-01-29,21953591.4633748
2019-01-30,22248261.177654494
2019-01-31,22322587.76251276
2019-02-01,22435382.27294741
2019-02-04,22590611.505400144
2019-02-05,22701685.55102955
2019-02-06,22628811.54313284
2019-02-07,22393626.348232333
2019-02-08,22405753.356237024
2019-02-11,22523868.197547022
2019-02-12,22853444.504818056
2019-02-13,22938965.46173208
2019-02-14,22982714.251688045
2019-02-15,23239624.026481856
2019-02-19,23349085.319499705
2019-02-20,23441169.22649544
2019-02-21,23394325.41577764
2019-02-22,23644944.89121888
2019-02-25,23658592.27430571
2019-02-26,23623617.87270385
2019-02-27,23739872.950530037
2019-02-28,23656803.90367097
2019-03-01,23809444.50500547
2019-03-04,23621907.757978026
2019-03-05,23552606.577541187
2019-03-06,23295627.385225773
2019-03-07,23086113.65138261
2019-03-08,23002984.9750324
2019-03-11,23361351.275932893
2019-03-12,23420043.020187262
2019-03-13,23576047.59526331
2019-03-14,23492509.013461903
2019-03-15,23600420.06645954
2019-03-18,23751827.8235138
2019-03-19,23657760.30012326
2019-03-20,23491846.48193835
2019-03-21,23828428.632197
2019-03-22,23118012.515267786
2019-03-25,23176698.10492281
2019-03-26,23348330.8269777
2019-03-27,23270027.124251798
2019-03-28,23471328.05038386
2019-03-29,23631470.976109307
2019-04-01,23981212.449989878
2019-04-02,23930875.40233533
2019-04-03,24086952.197075915
2019-04-04,24197967.33275934
2019-04-05,24373529.34298799
2019-04-08,24388902.052014783
2019-04-09,24176019.03689156
2019-04-10,24391507.31782919
2019-04-11,24427236.41372763
2019-04-12,24564834.397091497
2019-04-15,24499378.62795257
2019-04-16,24575744.791763183
2019-04-17,24371616.543004323
2019-04-18,24385274.605822984
2019-04-22,24340594.353919856
2019-04-23,24635769.71151316
2019-04-24,24668540.43087131
2019-04-25,24427703.863459595
2019-04-26,24638895.02542203
2019-04-29,24644227.805935025
2019-04-30,24581567.37292969
2019-05-01,24388334.56313678
2019-05-02,24361334.44194874
2019-05-03,24703993.780228157
2019-05-06,24617647.754319284
2019-05-07,24103599.607207827
2019-05-08,24130172.616434325
2019-05-09,24094583.9670222
2019-05-10,24112756.74201967
2019-05-13,23435919.31296739
2019-05-14,23671540.88816435
2019-05-15,23780638.82793841
2019-05-16,23919613.59251945
2019-05-17,23674315.97272265
2019-05-20,23497514.60898416
2019-05-21,23714656.48847702
2019-05-22,23577834.166168436
2019-05-23,23257288.8619882
2019-05-24,23316692.9032344
2019-05-28,23176915.600080904
2019-05-29,23005738.79019985
2019-05-30,22979031.53322696
2019-05-31,22684229.395095862
2019-06-03,22736322.544768643
2019-06-04,23224224.306379177
2019-06-05,23335049.986363437
2019-06-06,23353551.727829583
2019-06-07,23529580.235482767
2019-06-10,23588842.35318157
2019-06-11,23533069.4789772
2019-06-12,23515528.97927697
2019-06-13,23709135.960664835
2019-06-14,23613442.294156022
2019-06-17,23666931.951943707
2019-06-18,23942513.3299509
2019-06-19,24013375.150294505
2019-06-20,24195964.60181598
2019-06-21,24088662.11852148
2019-06-24,23983211.04166413
2019-06-25,23860578.661892544
2019-06-26,23804918.02237726
2019-06-27,24031949.91203314
2019-06-28,24232257.56269341
2019-07-01,24388615.954985157
2019-07-02,24365426.32495501
2019-07-03,24564914.000127085
2019-07-05,24547262.632349297
2019-07-08,24346432.095520444
2019-07-09,24400060.50476367
2019-07-10,24423149.801049624
2019-07-11,24407746.74891804
2019-07-12,24485554.554186583
2019-07-15,24424731.52288197
2019-07-16,24412356.415964305
2019-07-17,24260445.14351521
2019-07-18,24286017.53773372
2019-07-19,24196511.857643116
2019-07-22,24179694.07992419
2019-07-23,24233802.10417809
2019-07-24,24513059.24958656
2019-07-25,24390590.67351173
2019-07-26,24548412.21382056
2019-07-29,24512963.563089862
2019-07-30,24558780.259688072
2019-07-31,24386145.052143387
2019-08-01,24190270.476224627
2019-08-02,24073254.279296137
2019-08-05,23436079.447374344
2019-08-06,23716032.558454383
2019-08-07,23641509.82019387
2019-08-08,24114138.344649367
2019-08-09,23920338.55172565
2019-08-12,23461791.980503324
2019-08-13,23738784.83082472
2019-08-14,23042084.31833071
2019-08-15,22997755.986725643
2019-08-16,23436491.796138275
2019-08-19,23630044.65257893
2019-08-20,23493836.30291877
2019-08-21,23687046.411302887
2019-08-22,23670873.24093469
2019-08-23,23081465.51254528
2019-08-26,23220378.56810011
2019-08-27,23057088.67647305
2019-08-28,23227590.109071065
2019-08-29,23498449.452785403
2019-08-30,23548361.498993155
2019-09-03,23278511.9941194
2019-09-04,23468694.90131973
2019-09-05,23747491.668750405
2019-09-06,23725424.4198694
2019-09-09,24018451.80781421
2019-09-10,24077396.196559403
2019-09-11,24334649.239319824
2019-09-12,24317970.920517743
2019-09-13,24339108.70428786
2019-09-16,24416057.74467487
2019-09-17,24428432.93849818
2019-09-18,24370321.85238081
2019-09-19,24324347.28884693
2019-09-20,24236450.39534432
2019-09-23,24264770.1656612
2019-09-24,24056107.604662094
2019-09-25,24198068.08280753
2019-09-26,24064649.58353092
2019-09-27,23873227.704690743
2019-09-30,23972350.10471058
2019-10-01,23598690.77972516
2019-10-02,23265297.187362656
2019-10-03,23442903.67702325
2019-10-04,23661646.12642612
2019-10-07,23580430.44170534
2019-10-08,23116749.46317457
2019-10-09,23325438.917495664
2019-10-10,23496450.53996613
2019-10-11,23903866.75443152
2019-10-14,23838791.82535811
2019-10-15,24073052.184697587
2019-10-16,24059380.446388848
2019-10-17,24230655.91838787
2019-10-18,24135187.54836633
2019-10-21,24361148.57500556
2019-10-22,24298992.711045768
2019-10-23,24358566.448308516
2019-10-24,24352238.692347843
2019-10-25,24497381.857534222
2019-10-28,24650875.917261768
2019-10-29,24659998.314022128
2019-10-30,24634792.85175129
2019-10-31,24442348.86532948
2019-11-01,24736777.401518304
2019-11-04,24880567.033989765
2019-11-05,24882047.5379438
2019-11-06,24850699.08905664
2019-11-07,24942214.42625057
2019-11-08,25082251.914603155
2019-11-11,25122733.622011315
2019-11-12,25137741.092489798
2019-11-13,25036561.504523687
2019-11-14,25084127.00436782
2019-11-15,25235694.270392098
2019-11-18,25219525.520837497
2019-11-19,25271757.39972402
2019-11-20,25151128.52646584
2019-11-21,25099309.04977565
2019-11-22,25177290.133568387
2019-11-25,25531169.7361431
2019-11-26,25597030.762805127
2019-11-27,25708356.351183463
2019-11-29,25531640.10074796
2019-12-02,25308233.961120263
2019-12-03,25139293.536293387
2019-12-04,25270630.076249357
2019-12-05,25406835.13415548
2019-12-06,25656421.73430394
2019-12-09,25527156.054659765
2019-12-10,25487758.790879045
2019-12-11,25588771.85135268
2019-12-12,25805279.346215654
2019-12-13,25722379.048165426
2019-12-16,25911890.6128124
2019-12-17,25992173.48434432
2019-12-18,25993725.882924683
2019-12-19,26090566.69333848
2019-12-20,26218528.68786555
2019-12-23,26190756.045496505
2019-12-24,26237479.289163653
2019-12-26,26282457.200113483
2019-12-27,26196469.64205851
2019-12-30,26100027.134093847
2019-12-31,26130932.100558378
2020-01-02,26252893.670136265
2020-01-03,26068466.563971616
2020-01-06,26106547.888828844
2020-01-07,26175872.88062512
2020-01-08,26331051.612143192
2020-01-09,26404997.946387734
2020-01-10,26271779.845032524
2020-01-13,26427730.1896901
2020-01-14,26519499.29771476
2020-01-15,26558008.846917585
2020-01-16,26851633.72168564
2020-01-17,26862289.781684685
2020-01-21,26743150.235471908
2020-01-22,26701235.69907096
2020-01-23,26754679.660734776
2020-01-24,26475013.722217426
2020-01-27,26120456.48954125
2020-01-28,26369097.16668101
2020-01-29,26273159.816486917
2020-01-30,26240100.30935511
2020-01-31,25840494.090458997
2020-02-03,26189186.797469664
2020-02-04,26588466.940785334
2020-02-05,26809208.22820921
2020-02-06,26770635.30764952
2020-02-07,26585463.69278885
2020-02-10,26713940.746410657
2020-02-11,26858805.63018003
2020-02-12,27105272.221768368
2020-02-13,27166986.216775738
2020-02-14,27168823.141704835
2020-02-18,27097289.26377251
2020-02-19,27261803.347856287
2020-02-20,27307616.569074795
2020-02-21,27056352.69689616
2020-02-24,26295436.68002352
2020-02-25,25536426.826622754
2020-02-26,25263441.271066926
2020-02-27,24570636.0174754
2020-02-28,24495729.94967509
2020-03-02,24557898.47167573
2020-03-03,24500507.1898
2020-03-04,24556516.162049435
2020-03-05,24552634.5934105
2020-03-06,24523311.2589326
2020-03-09,24520395.17792342
2020-03-10,24520636.62759605
2020-03-11,24519577.96364681
2020-03-12,24518101.29414756
2020-03-13,24520766.63895824
2020-03-16,24520766.63895824
2020-03-17,24520766.63895824
2020-03-18,24520766.63895824
2020-03-19,24520766.63895824
2020-03-20,24556398.090744898
2020-03-23,24159012.01039921
2020-03-24,27139485.07937552
2020-03-25,28203897.514612205
2020-03-26,29775996.76427804
2020-03-27,28423697.598251283
2020-03-30,28888076.18511265
2020-03-31,28524487.48068849
2020-04-01,26719054.816236477
2020-04-02,26978620.17520923
2020-04-03,26282282.421886783
2020-04-06,28721586.772368297
2020-04-07,29102285.66356701
2020-04-08,30520877.262959268
2020-04-09,31339526.067043617
2020-04-13,30553558.792942323
2020-04-14,31341533.11510059
2020-04-15,30241580.19255451
2020-04-16,30046758.27450368
2020-04-17,31428245.43615628
2020-04-20,30815445.056729205
2020-04-21,29815401.84311852
2020-04-22,30333678.149615977
2020-04-23,30669894.8696832
2020-04-24,31238964.666600533
2020-04-27,32373106.111510444
2020-04-28,32724259.4134198
2020-04-29,34225476.38996206
2020-04-30,33356097.528712258
2020-05-01,32075029.57123813
2020-05-04,32238019.15312008
2020-05-05,32546364.94042029
2020-05-06,32381399.905789383
2020-05-07,32886756.83894956
2020-05-08,33980080.897141
2020-05-11,33752351.31935911
2020-05-12,32730330.70520556
2020-05-13,31586687.58791612
2020-05-14,32091333.161299773
2020-05-15,32440896.096733466
2020-05-18,34449323.414430805
2020-05-19,34003729.86684512
2020-05-20,34887095.43596153
2020-05-21,34784988.20790697
2020-05-22,34945922.363539
2020-05-26,36060237.32946299
2020-05-27,37057175.05661008
2020-05-28,36488181.45399418
2020-05-29,36492990.78853772
2020-06-01,37005487.15652599
2020-06-02,37510027.57714821
2020-06-03,38645688.31471973
2020-06-04,38740149.50607608
2020-06-05,40165034.15257142
2020-06-08,40746263.88780757
2020-06-09,39807174.44992084
2020-06-10,38966129.09756326
2020-06-11,36064605.78010631
2020-06-12,36907163.63151767
2020-06-15,37561524.14961727
2020-06-16,38371250.05424479
2020-06-17,37932234.92335964
2020-06-18,37966702.58461798
2020-06-19,37729747.61022771
2020-06-22,37930622.96374395
2020-06-23,38025055.42762237
2020-06-24,36588536.11270104
2020-06-25,36955345.401082605
2020-06-26,35979772.41718742
2020-06-29,36923640.04358417
2020-06-30,37414401.7858686
2020-07-01,37344928.14848963
2020-07-02,37653690.868028656
2020-07-06,38228947.775153145
2020-07-07,37592673.437739
2020-07-08,38066488.96922298
2020-07-09,37426582.09302572
2020-07-10,38114848.17233905
2020-07-13,37495047.33649189
2020-07-14,38238737.25782454
2020-07-15,39309596.261365525
2020-07-16,39059284.34711945
2020-07-17,39123844.597173125
2020-07-20,39103835.2297685
2020-07-21,39144584.75766471
2020-07-22,39457045.65405186
2020-07-23,39343223.69298595
2020-07-24,39111894.90193741
2020-07-27,39558092.544701256
2020-07-28,39040862.92044637
2020-07-29,39789439.72459468
2020-07-30,39586493.69383495
2020-07-31,39222631.782066695
2020-08-03,39838274.776074216
2020-08-04,40029697.29011721
2020-08-05,40768563.419519775
2020-08-06,41028019.54035467
2020-08-07,41190293.766347945
2020-08-10,41510422.39651046
2020-08-11,41449565.3531854
2020-08-12,41722811.12418163
2020-08-13,41647083.963172026
2020-08-14,41587628.44011707
2020-08-17,41680423.21815678
2020-08-18,41446653.32354802
2020-08-19,41423875.97006773
2020-08-20,41342568.768344894
2020-08-21,41175716.87035043
2020-08-24,41773397.97793465
2020-08-25,41810889.77692592
2020-08-26,41882624.51252223
2020-08-27,42093033.18080668
2020-08-28,42639382.86900526
2020-08-31,42198073.34194521
2020-09-01,42763684.8555182
2020-09-02,43380164.89323027
2020-09-03,41955424.49615183
2020-09-04,41733851.89533153
2020-09-08,40991080.28305298
2020-09-09,41593428.236235805
2020-09-10,41097440.84955671
2020-09-11,41100794.1745354
2020-09-14,41923702.04229974
2020-09-15,41953317.12359468
2020-09-16,42142672.38228463
2020-09-17,41848006.53674697
2020-09-18,41348370.13620107
2020-09-21,40182649.5233193
2020-09-22,40456855.43111032
2020-09-23,39573171.42613645
2020-09-24,39614971.14783596
2020-09-25,40043431.0086569
2020-09-28,40810298.94882857
2020-09-29,40509165.53469311
2020-09-30,40644282.27775772
2020-10-01,41281490.20803444
2020-10-02,41280881.61582617
2020-10-05,42188303.31175194
2020-10-06,41918089.19005906
2020-10-07,42718589.57190825
2020-10-08,43332038.67703943
2020-10-09,43560248.368151054
2020-10-12,43728482.37236024
2020-10-13,43392570.03536154
2020-10-14,43196139.46527601
2020-10-15,43420690.99557941
2020-10-16,43394806.63413634
2020-10-19,43091568.064727016
2020-10-20,43511989.13441668
2020-10-21,43235309.73851733
2020-10-22,43689617.771913424
2020-10-23,43937680.60403408
2020-10-26,42917744.34785255
2020-10-27,42481507.483396895
2020-10-28,41373334.38744506
2020-10-29,41779744.538768925
2020-10-30,41259718.53525452
2020-11-02,41787074.43390414
2020-11-03,42934935.486133896
2020-11-04,43171599.44309845
2020-11-05,44298664.23649373
2020-11-06,44077619.979697846
2020-11-09,45479290.0554046
2020-11-10,45811819.19620933
2020-11-11,45951170.09470263
2020-11-12,45286378.55193139
2020-11-13,46245117.9768204
2020-11-16,47208031.80197321
2020-11-17,47240445.476837374
2020-11-18,46750613.26348166
2020-11-19,47057251.46623127
2020-11-20,46882607.17341216
2020-11-23,47634894.63373278
2020-11-24,48499110.97564191
2020-11-25,48198105.36655415
2020-11-27,48252824.026979886
2020-11-30,47679367.6705031
2020-12-01,48386962.4542836
2020-12-02,48467427.13195096
2020-12-03,48894835.4817098
2020-12-04,49903349.48337296
2020-12-07,49798818.238454014
2020-12-08,49894535.23053268
2020-12-09,49598479.4844528
2020-12-10,49805306.1027515
2020-12-11,49491190.52837878
2020-12-14,49233672.53120164
2020-12-15,50072018.831068896
2020-12-16,49938939.64850421
2020-12-17,50265384.58010221
2020-12-18,50019731.58589733
2020-12-21,49852120.25760448
2020-12-22,49816240.23726082
2020-12-23,50073312.34265127
2020-12-24,50188252.682077385
2020-12-28,50122778.789634906
2020-12-29,49766124.783927016
2020-12-30,50255134.571200415
2020-12-31,50402964.97637222
2021-01-04,49532409.74619302
2021-01-05,50208237.95198783
2021-01-06,51457122.41861363
2021-01-07,52192349.2586429
2021-01-08,51999252.595682
2021-01-11,52057931.666878685
2021-01-12,52538846.67132592
2021-01-13,52063775.41679831
2021-01-14,52557255.6192155
2021-01-15,52083212.6942459
2021-01-19,52454535.61832935
2021-01-20,53095078.15905356
2021-01-21,52830547.60941227
2021-01-22,52676731.87986811
2021-01-25,52508707.24180304
2021-01-26,52187515.46178081
2021-01-27,50576260.37313402
2021-01-28,51281549.93374449
2021-01-29,50324510.00712148
2021-02-01,51277664.256125264
2021-02-02,52028738.82688151
2021-02-03,52057333.29050875
2021-02-04,52992526.46404061
2021-02-05,53378263.09860119
2021-02-08,54180748.338397786
2021-02-09,54303902.7187074
2021-02-10,54337411.36255741
2021-02-11,54477204.43775788
2021-02-12,54846435.87763498
2021-02-16,54735921.35401518
2021-02-17,54310255.05763322
2021-02-18,53886353.48730367
2021-02-19,54809020.65831256
2021-02-22,54813694.54534288
2021-02-23,55099432.5155892
2021-02-24,56164772.14677781
2021-02-25,54499833.8969114
2021-02-26,54710231.30826054
2021-03-01,56198002.95433322
2021-03-02,55875805.47283126
2021-03-03,55651396.42949889
2021-03-04,54504006.75451018
2021-03-05,55621807.51473791
2021-03-08,55681533.66611973
2021-03-09,55887990.64912575
2021-03-10,56551940.92586567
2021-03-11,57568236.35652325
2021-03-12,57997871.66396102
2021-03-15,58563565.16080841
2021-03-16,57788546.61615894
2021-03-17,58458621.20382271
2021-03-18,57162350.135226086
2021-03-19,57225004.8350072
2021-03-22,57134530.21163884
2021-03-23,55615217.12557039
2021-03-24,54994937.1000732
2021-03-25,55861654.76700403
2021-03-26,57241113.13489613
2021-03-29,56374725.87784413
2021-03-30,57075818.55254253
2021-03-31,57221829.11358935
2021-04-01,58222687.72947653
2021-04-05,58537325.2568753
2021-04-06,58542056.47573063
2021-04-07,58194450.224869855
2021-04-08,58471038.44552348
2021-04-09,58923653.15168688
2021-04-12,58945245.91551601
2021-04-13,58811574.32353283
2021-04-14,59076620.108841404
2021-04-15,59540585.81620251
2021-04-16,59866046.21465449
2021-04-19,59397049.1568092
2021-04-20,58447540.22155562
2021-04-21,59391396.67043694
2021-04-22,59112959.0341728
2021-04-23,60125456.837929584
2021-04-26,60501763.29630584
2021-04-27,60763078.48547805
2021-04-28,60833220.17191477
2021-04-29,60801150.93346601
2021-04-30,60195940.49170606
2021-05-03,60404002.57959369
2021-05-04,59736956.074768834
2021-05-05,59932589.961737335
2021-05-06,60026510.49350705
2021-05-07,60618463.37569993
2021-05-10,59757294.6027703
2021-05-11,59445953.86116635
2021-05-12,57590973.54139019
2021-05-13,58440786.09548906
2021-05-14,59879081.6016251
2021-05-17,59886730.00538372
2021-05-18,59170265.67381221
2021-05-19,58626913.14745738
2021-05-20,59105654.80872781
2021-05-21,59260244.69202959
2021-05-24,59847874.89774896
2021-05-25,59434756.54891195
2021-05-26,59989625.45828082
2021-05-27,60557727.98291107
2021-05-28,60693478.32118532
2021-06-01,61060158.50679805
2021-06-02,60705235.09349167
2021-06-03,60327084.63554584
2021-06-04,60529336.5812457
2021-06-07,60616308.65899156
2021-06-08,61078740.4077059
2021-06-09,60607094.22247006
2021-06-10,60509470.13806486
2021-06-11,61218291.22894719
2021-06-14,60929001.020987146
2021-06-15,60882445.674933
2021-06-16,60502118.8407177
2021-06-17,59587362.73679347
2021-06-18,58605022.54550111
2021-06-21,59687992.180593714
2021-06-22,59846855.79680694
2021-06-23,60107160.94992775
2021-06-24,60576473.971088685
2021-06-25,60861610.756073706
2021-06-28,60344000.21001423
2021-06-29,60225591.38870288
2021-06-30,60313333.6163798
2021-07-01,60887773.65678262
2021-07-02,60774071.7626684
2021-07-06,60131288.656754345
2021-07-07,59971112.65634675
2021-07-08,59111173.23493969
2021-07-09,60389737.156281024
2021-07-12,60579519.35222618
2021-07-13,59933984.2297005
2021-07-14,59588024.64465247
2021-07-15,59425162.21211278
2021-07-16,58675798.71633265
2021-07-19,57601061.2687572
2021-07-20,59228386.28705962
2021-07-21,60174097.57898004
2021-07-22,59780967.06503071
2021-07-23,60320624.631909765
2021-07-26,60548435.56421892
2021-07-27,60168811.62159567
2021-07-28,60512641.44942008
2021-07-29,61280994.65775266
2021-07-30,61083959.38883343
2021-08-02,61191823.44739109
2021-08-03,61743840.61274865
2021-08-04,60514407.84399058
2021-08-05,61189257.13503584
2021-08-06,61516900.02576066
2021-08-09,61094283.36162957
2021-08-10,61669939.54396845
2021-08-11,62021032.36579707
2021-08-12,62063022.465745725
2021-08-13,62000431.90484219
2021-08-16,61892155.7878141
2021-08-17,61158821.96050596
2021-08-18,60919783.05642815
2021-08-19,60383739.43369882
2021-08-20,60794987.94033697
2021-08-23,61367607.02997108
2021-08-24,61735651.8015976
2021-08-25,62015262.638212346
2021-08-26,61523992.59008225
2021-08-27,62377365.647447206
2021-08-30,62303043.57505059
2021-08-31,62252812.61032298
2021-09-01,62337002.49376389
2021-09-02,62615962.82176264
2021-09-03,62446835.53678241
2021-09-07,62185637.15596775
2021-09-08,61701159.57192294
2021-09-09,61636912.7690646
2021-09-10,61247967.38396353
2021-09-13,61627028.12609019
2021-09-14,61321634.65445295
2021-09-15,61795785.96256396
2021-09-16,62271621.37891433
2021-09-17,61685011.71397343
2021-09-20,60899941.52080157
2021-09-21,60874510.70084895
2021-09-22,61906108.8260997
2021-09-23,62969052.08178927
2021-09-24,63042277.68051609
2021-09-27,63716549.48437792
2021-09-28,62495640.835906126
2021-09-29,62355138.43546061
2021-09-30,61661081.02985686
2021-10-01,62681587.61948931
2021-10-04,62004036.47801677
2021-10-05,62861677.83253107
2021-10-06,62843750.54504673
2021-10-07,63500599.10331895
2021-10-08,63761654.1892481
2021-10-11,63896499.74390396
2021-10-12,64296879.52960195
2021-10-13,64225441.906622
2021-10-14,65065033.45220885
2021-10-15,65513641.70990516
2021-10-18,66025919.506844014
2021-10-19,66231861.138885096
2021-10-20,66720677.54405993
2021-10-21,67427597.01386614
2021-10-22,67537982.11813414
2021-10-25,68127309.9359152
2021-10-26,67333929.37787314
2021-10-27,66249692.7907773
2021-10-28,67448769.14407595
2021-10-29,67422861.41465344
2021-11-01,68190899.06410226
2021-11-02,76154621.9974171
2021-11-03,74280246.17569765
2021-11-04,73361984.69872904
2021-11-05,74852484.99664593
2021-11-08,74879477.11590548
2021-11-09,73090395.87120895
2021-11-10,72510484.51571617
2021-11-11,73749554.64222844
2021-11-12,74117321.9350761
2021-11-15,73983699.59570588
2021-11-16,74101331.27661984
2021-11-17,73569232.8806603
2021-11-18,73518660.14631051
2021-11-19,73208078.9669812
2021-11-22,73224180.31526046
2021-11-23,73261918.09552217
2021-11-24,73280937.02839722
2021-11-26,71580950.85513037
2021-11-29,71580856.02398416
2021-11-30,71580671.83611545
2021-12-01,71580325.8878558
2021-12-02,71580448.67976826
2021-12-03,71580398.40925378
2021-12-06,71580498.89141801
2021-12-07,71580789.03587466
2021-12-08,71580828.12208265
2021-12-09,71580794.62802792
2021-12-10,71580950.85513037
2021-12-13,71580772.31827968
2021-12-14,71580766.72612643
2021-12-15,71580922.95322886
2021-12-16,71580883.92588565
2021-12-17,71580934.13753536
2021-12-20,71580744.41637817
2021-12-21,71581023.4353931
2021-12-22,71580995.53349161
2021-12-23,71580878.3337324
2021-12-27,71581073.64704284
2021-12-28,71581040.1529881
2021-12-29,71580956.44728363
2021-12-30,71580750.00853142
2021-12-31,71580671.83611545
2022-01-03,71580906.23563388
2022-01-04,71581073.64704284
2022-01-05,71580727.63991842
2022-01-06,71580844.83967763
2022-01-07,71580939.72968861
2022-01-10,71580950.85513037
2022-01-11,71581185.2546488
2022-01-12,71581447.49720398
2022-01-13,71581135.04299909
2022-01-14,71875381.23850325
2022-01-18,71681287.26727155
2022-01-19,71350597.99761009
2022-01-20,71185105.76154351
2022-01-21,70510343.02347472
2022-01-24,70636333.65273258
2022-01-25,70193624.66712129
2022-01-26,70281165.34525403
2022-01-27,69852410.31907666
2022-01-28,69875253.66895354
2022-01-31,70585350.31925145
2022-02-01,70752425.66713628
2022-02-02,70817179.76911646
2022-02-03,70435153.51941967
2022-02-04,70784980.86697432
2022-02-07,71146570.79578316
2022-02-08,71216481.05314878
2022-02-09,72033619.16602746
2022-02-10,71362649.25006059
2022-02-11,70778537.1932545
2022-02-14,71537092.0450215
2022-02-15,70239646.40363452
2022-02-16,70439334.53655168
2022-02-17,69817353.11136875
2022-02-18,69536343.33406302
2022-02-22,68962323.61866859
2022-02-23,68869110.57606956
2022-02-24,69928766.31453201
2022-02-25,70663096.3036668
2022-02-28,70854833.5502662
2022-03-01,70653454.50781843
2022-03-02,71169086.15863013
2022-03-03,70731735.52176571
2022-03-04,70321349.25357568
2022-03-07,69587890.7846821
2022-03-08,70345277.5397284
2022-03-09,71483250.63915563
2022-03-10,71871298.37915441
2022-03-11,72253863.6613755
2022-03-14,72546661.2993047
2022-03-15,73630118.06786391
2022-03-16,76537818.10048619
2022-03-17,77502316.48530453
2022-03-18,76646319.97305226
2022-03-21,75974475.68393633
2022-03-22,76448049.1783323
2022-03-23,75745830.57344526
2022-03-24,75815793.81235984
2022-03-25,75465310.36458579
2022-03-28,75264651.2979599
2022-03-29,75886805.96820015
2022-03-30,75101631.98300669
2022-03-31,75487055.64873463
2022-04-01,75328114.42316738
2022-04-04,76670683.97841772
2022-04-05,76256830.33801216
2022-04-06,74503775.48621142
2022-04-07,74814319.43628535
2022-04-08,74412453.21813977
2022-04-11,75094173.02983469
2022-04-12,75162691.81254059
2022-04-13,75861684.61394516
2022-04-14,75613267.6714122
2022-04-18,75666621.31195661
2022-04-19,76773435.16422746
2022-04-20,78756855.1775923
2022-04-21,78128470.83065993
2022-04-22,77484490.70190403
2022-04-25,77484490.70190403
2022-04-26,77484490.70190403
2022-04-27,77484490.70190403
2022-04-28,77484490.70190403
2022-04-29,77484490.70190403
2022-05-02,77484490.70190403
2022-05-03,77484490.70190403
2022-05-04,77484490.70190403
2022-05-05,77484490.70190403
2022-05-06,77484490.70190403
2022-05-09,77484490.70190403
2022-05-10,77484490.70190403
2022-05-11,77484490.70190403
2022-05-12,77484490.70190403
2022-05-13,77484490.70190403
2022-05-16,77484490.70190403
2022-05-17,77484490.70190403
2022-05-18,77484490.70190403
2022-05-19,77484490.70190403
2022-05-20,77484490.70190403
2022-05-23,77484490.70190403
2022-05-24,77484490.70190403
2022-05-25,77484490.70190403
2022-05-26,77484490.70190403
2022-05-27,77484490.70190403
2022-05-31,77484490.70190403
2022-06-01,77484490.70190403
2022-06-02,77484490.70190403
2022-06-03,77484490.70190403
2022-06-06,77484490.70190403
2022-06-07,77484490.70190403
2022-06-08,77484490.70190403
2022-06-09,77484490.70190403
2022-06-10,77484490.70190403
2022-06-13,77484490.70190403
2022-06-14,77484490.70190403
2022-06-15,77484490.70190403
2022-06-16,77484490.70190403
2022-06-17,77484490.70190403
2022-06-21,77484490.70190403
2022-06-22,77484490.70190403
2022-06-23,77484490.70190403
2022-06-24,77484490.70190403
2022-06-27,77484490.70190403
2022-06-28,77484490.70190403
2022-06-29,77484490.70190403
2022-06-30,77484490.70190403
2022-07-01,77484490.70190403
2022-07-05,77484490.70190403
2022-07-06,77484490.70190403
2022-07-07,77484490.70190403
2022-07-08,77484490.70190403
2022-07-11,77484490.70190403
2022-07-12,77484490.70190403
2022-07-13,77484490.70190403
2022-07-14,77484490.70190403
2022-07-15,77484490.70190403
2022-07-18,77484490.70190403
2022-07-19,77484490.70190403
2022-07-20,77484490.70190403
2022-07-21,77484490.70190403
2022-07-22,77484490.70190403
2022-07-25,77484490.70190403
2022-07-26,77484490.70190403
2022-07-27,77484490.70190403
2022-07-28,77484490.70190403
2022-07-29,77484490.70190403
2022-08-01,77484490.70190403
2022-08-02,77484490.70190403
2022-08-03,77484490.70190403
2022-08-04,77484490.70190403
2022-08-05,77484490.70190403
2022-08-08,77484490.70190403
2022-08-09,77484490.70190403
2022-08-10,77484490.70190403
2022-08-11,77484490.70190403
2022-08-12,77484490.70190403
2022-08-15,77484490.70190403
2022-08-16,77484490.70190403
2022-08-17,77484490.70190403
2022-08-18,77484490.70190403
2022-08-19,77484490.70190403
2022-08-22,77484490.70190403
2022-08-23,77484490.70190403
2022-08-24,77484490.70190403
2022-08-25,77484490.70190403
2022-08-26,77484490.70190403
2022-08-29,77484490.70190403
2022-08-30,77484490.70190403
2022-08-31,77484490.70190403
2022-09-01,77484490.70190403
2022-09-02,77484490.70190403
2022-09-06,77484490.70190403
2022-09-07,77484490.70190403
2022-09-08,77484490.70190403
2022-09-09,77484490.70190403
2022-09-12,77484490.70190403
2022-09-13,77484490.70190403
2022-09-14,77484490.70190403
2022-09-15,77484490.70190403
2022-09-16,77484490.70190403
2022-09-19,77484490.70190403
2022-09-20,77484490.70190403
2022-09-21,77484490.70190403
2022-09-22,77484490.70190403
2022-09-23,77484490.70190403
2022-09-26,77484490.70190403
2022-09-27,77484490.70190403
2022-09-28,77484490.70190403
2022-09-29,77484490.70190403
2022-09-30,76118101.80060665
2022-10-03,79280305.65912746
2022-10-04,82916541.66890329
2022-10-05,83257771.85501
2022-10-06,83319615.75862464
2022-10-07,80925032.43459313
2022-10-10,80724949.42526849
2022-10-11,80795301.89058013
2022-10-12,80632904.73056735
2022-10-13,81776132.53799921
2022-10-14,78354863.3128863
2022-10-17,81950726.45644568
2022-10-18,83102130.0022102
2022-10-19,81451354.1769389
2022-10-20,80804086.84777066
2022-10-21,83353255.24122627
2022-10-24,87365659.2486601
2022-10-25,90230648.11870508
2022-10-26,90697262.9496734
2022-10-27,91567686.37654114
2022-10-28,93082407.85699472
2022-10-31,91901505.47991158
2022-11-01,90700391.49362934
2022-11-02,88293271.75434451
2022-11-03,89301053.93078987
2022-11-04,90580726.9608114
2022-11-07,92267044.72595562
2022-11-08,92239006.68924332
2022-11-09,89330920.03116225
2022-11-10,94862605.8397096
2022-11-11,96119857.40356284
2022-11-14,95894828.11333804
2022-11-15,97272975.2862694
2022-11-16,95683932.6149898
2022-11-17,93961811.40860248
2022-11-18,94245830.86883035
2022-11-21,93727308.4173172
2022-11-22,94835157.40601014
2022-11-23,94887411.3483913
2022-11-25,95056122.44156584
2022-11-28,93255731.32403788
2022-11-29,94261641.0131097
2022-11-30,96211436.58207576
2022-12-01,95495855.0519703
2022-12-02,95504253.72083747
2022-12-05,91232994.45046242
2022-12-06,90095618.80827393
2022-12-07,89425914.67684986
2022-12-08,89542354.05084123
2022-12-09,88602214.24907075
2022-12-12,90095866.6165266
2022-12-13,90902076.437561
2022-12-14,90855830.14916052
2022-12-15,87995508.31827259
2022-12-16,86437755.62891926
2022-12-19,84947342.73021075
2022-12-20,85119616.75643961
2022-12-21,85981108.31272177
2022-12-22,83684194.99618673
2022-12-23,84716195.80966422
2022-12-27,83908720.94421591
2022-12-28,83047495.87445068
2022-12-29,85307561.2797733
2022-12-30,85160543.53795074
2023-01-03,85035478.45744894
2023-01-04,86816779.83883508
2023-01-05,86385989.20115244
2023-01-06,87986080.07932009
2023-01-09,88500422.67304945
2023-01-10,89867987.48844019
2023-01-11,91958460.58171178
2023-01-12,93449807.89574982
2023-01-13,93873229.37928218
2023-01-17,94202705.4239152
2023-01-18,93331534.5219231
2023-01-19,91745057.95840788
2023-01-20,93991632.682185
2023-01-23,95530166.4080286
2023-01-24,94695973.06049313
2023-01-25,95142965.23138082
2023-01-26,96002275.98340936
2023-01-27,97230978.7039298
2023-01-30,95590115.72427572
2023-01-31,98377229.13400713
2023-02-01,101274716.89792082
2023-02-02,103957850.26757614
2023-02-03,102163025.05914332
2023-02-06,100869773.00667268
2023-02-07,103551188.21383122
2023-02-08,102812636.783009
2023-02-09,100729101.41932324
2023-02-10,99328421.5002686
2023-02-13,101109144.03301676
2023-02-14,104074719.31791995
2023-02-15,105063070.2091232
2023-02-16,104244998.4034248
2023-02-17,103327131.60330224
2023-02-21,98748248.7023316
2023-02-22,98807932.06260248
2023-02-23,98804042.62970708
2023-02-24,97769615.86899094
2023-02-27,98544973.22635438
2023-02-28,98553271.65223554
2023-03-01,98456845.88855606
2023-03-02,99618347.24653412
2023-03-03,101662190.4762305
2023-03-06,100294700.46252143
2023-03-07,98849343.33502752
2023-03-08,99054545.55769186
2023-03-09,95733298.36010943
2023-03-10,91845033.16524996
2023-03-13,90529583.25328033
2023-03-14,91376812.46960324
2023-03-15,90286368.28193323
2023-03-16,90922740.34882434
2023-03-17,88513707.31940788
2023-03-20,89302664.32966468
2023-03-21,91160862.5057582
2023-03-22,89045945.47272861
2023-03-23,89737042.87861258
2023-03-24,89580277.55109067
2023-03-27,89845448.82025456
2023-03-28,89543920.15172555
2023-03-29,91042753.4940544
2023-03-30,91898239.62465005
2023-03-31,93621812.57041712
2023-04-03,93265762.06115732
2023-04-04,91861891.60248882
2023-04-05,90070586.7083897
2023-04-06,90336123.81221668
2023-04-10,92044884.47809036
2023-04-11,93024258.15635031
2023-04-12,91406568.32997364
2023-04-13,91536584.61992384
2023-04-14,91002480.01759234
2023-04-17,91924060.10108438
2023-04-18,91637775.86615556
2023-04-19,91720041.97122398
2023-04-20,91078159.98125704
2023-04-21,91723433.26511078
2023-04-24,91441897.4967685
2023-04-25,89328968.64522478
2023-04-26,89042031.0674789
2023-04-27,90868639.2277879
2023-04-28,91690096.1829668
2023-05-01,91885316.19695728
2023-05-02,90783567.67351924
2023-05-03,90263029.43087263
2023-05-04,89404876.76366492
2023-05-05,91123216.34266898
2023-05-08,90804110.63695356
2023-05-09,90231596.17743376
2023-05-10,90607608.91189858
2023-05-11,90395056.80771571
2023-05-12,89658425.8315531
2023-05-15,90846429.4215775
2023-05-16,89522117.41655904
2023-05-17,91383289.55354428
2023-05-18,92231652.64864486
2023-05-19,91472185.94138832
2023-05-22,92283826.33748862
2023-05-23,91658029.82029948
2023-05-24,90591399.90279987
2023-05-25,91287694.7076714
2023-05-26,92193445.22647253
2023-05-30,92364600.3297723
2023-05-31,91816611.46518102
2023-06-01,92949100.85537316
2023-06-02,95197003.0318548
2023-06-05,94796904.03601716
2023-06-06,96782968.7077334
2023-06-07,98344594.475899
2023-06-08,98996446.74910776
2023-06-09,98490671.024255
2023-06-12,100231852.89358328
2023-06-13,101125015.17767346
2023-06-14,101507928.4600052
2023-06-15,102646265.6526566
2023-06-16,101835424.05402528
2023-06-20,103660267.84149078
2023-06-21,103166748.23680425
2023-06-22,103281134.19190744
2023-06-23,102385150.91028333
2023-06-26,102767454.3362822
2023-06-27,104410405.98066074
2023-06-28,105175268.06007192
2023-06-29,105824609.41616136
2023-06-30,106437824.44045477
2023-07-03,106519190.15757938
2023-07-05,106297701.35078372
2023-07-06,104848301.8039102
2023-07-07,106417099.55094948
2023-07-10,107620257.29131392
2023-07-11,108401555.759838
2023-07-12,108782566.24581276
2023-07-13,109933445.14537758
2023-07-14,109217200.63385686
2023-07-17,110207036.39681213
2023-07-18,111971288.63947544
2023-07-19,112197820.66846412
2023-07-20,110093133.39506
2023-07-21,109253278.84243035
2023-07-24,109007521.28260258
2023-07-25,109184039.57709529
2023-07-26,110037006.62573914
2023-07-27,108917069.86374918
2023-07-28,110025060.43756016
2023-07-31,110106985.54632588
2023-08-01,110694496.25721791
2023-08-02,109011851.64036036
2023-08-03,108975233.17761128
2023-08-04,109359072.6388609
2023-08-07,109956435.66246444
2023-08-08,109503107.51241957
2023-08-09,108814674.3336608
2023-08-10,109201283.41476648
2023-08-11,109172245.32598956
2023-08-14,109476778.41219737
2023-08-15,107784492.61709148
2023-08-16,106840665.34482616
2023-08-17,106174547.90848368
2023-08-18,106777875.11858688
2023-08-21,107235768.02457286
2023-08-22,106501333.73997042
2023-08-23,108045598.49995828
2023-08-24,106857116.81175706
2023-08-25,105751864.15867704
2023-08-28,107111606.33197844
2023-08-29,107356708.70657478
2023-08-30,107656015.62162332
2023-08-31,107040360.58448108
2023-09-01,107412665.46748228
2023-09-05,106592556.95576856
2023-09-06,105790154.89865322
2023-09-07,104388745.82061031
2023-09-08,104530295.67218275
2023-09-11,104935786.47774644
2023-09-12,104035890.021197
2023-09-13,103462720.40141208
2023-09-14,104631565.94974644
2023-09-15,103644389.26159827
2023-09-18,103487118.09862272
2023-09-19,102871657.78983328
2023-09-20,102135699.42053977
2023-09-21,100942444.22878416
2023-09-22,100233882.3892638
2023-09-25,100450579.76588796
2023-09-26,99364040.37720288
2023-09-27,99754088.50521244
2023-09-28,100415962.40239102
2023-09-29,100075220.16389965
2023-10-02,99717330.763093
2023-10-03,98795088.295174
2023-10-04,99122322.81216112
2023-10-05,98930299.35945515
2023-10-06,99607239.62433474
2023-10-09,99875849.21336412
2023-10-10,100207525.60628498
2023-10-11,100393412.69080172
2023-10-12,99808489.341844
2023-10-13,99238680.68319614
2023-10-16,99749043.94046512
2023-10-17,99832315.1090416
2023-10-18,98980083.8611975
2023-10-19,98706267.30814745
2023-10-20,98249146.06004453
2023-10-23,98141835.29781535
2023-10-24,98387820.10289396
2023-10-25,97643267.31563409
2023-10-26,97581282.85399982
2023-10-27,97492625.23986682
2023-10-30,97824453.17290483
2023-10-31,98022674.6747914
2023-11-01,98531757.59847866
2023-11-02,99084203.65800332
2023-11-03,99727104.37056012
2023-11-06,99634203.2269128
2023-11-07,99711436.76543842
2023-11-08,99772649.59536712
2023-11-09,99597624.54435936
2023-11-10,100167895.65127409
2023-11-13,100180213.91162208
2023-11-14,101132607.94583176
2023-11-15,101132990.50538388
2023-11-16,101085845.67298657
2023-11-17,101327990.69509289
2023-11-20,101578702.25508808
2023-11-21,101431320.01480454
2023-11-22,101577172.92177518
2023-11-24,101718016.82127476
2023-11-27,101779574.70644689
2023-11-28,101574889.92639844
2023-11-29,101801258.52085268
2023-11-30,101958323.78064308
2023-12-01,102392092.7902558
2023-12-04,102239022.66217364
2023-12-05,102056638.14264113
2023-12-06,101840877.20334189
2023-12-07,102114718.17140734
2023-12-08,102335716.7627806
2023-12-11,102688002.39065345
2023-12-12,102775141.6047411
2023-12-13,103609203.87867674
2023-12-14,104060792.1479767
2023-12-15,103935841.27425092
2023-12-18,104051995.74994372
2023-12-19,104399411.12021324
2023-12-20,103813653.94609442
2023-12-21,104306365.58204588
2023-12-22,104433360.75682996
2023-12-26,104665311.89779072
2023-12-27,104756295.12939528
2023-12-28,104728820.47443973
2023-12-29,104521498.51144911
2024-01-02,103913638.94499686
2024-01-03,103278067.94331063
2024-01-04,103278258.71801284
2024-01-05,103309300.91482006
2024-01-08,103816443.27917977
2024-01-09,103719282.70783396
2024-01-10,103817490.41252926
2024-01-11,103946460.33851407
2024-01-12,103976760.23418516
2024-01-16,103914650.82484405
2024-01-17,103731940.05769542
2024-01-18,104171416.28537571
2024-01-19,104592025.0419541
2024-01-22,104971090.0798919
2024-01-23,104836134.53229572
2024-01-24,105009630.75550435
2024-01-25,105657695.82699911
2024-01-26,105635016.79503678
2024-01-29,106043587.99831092
2024-01-30,105872286.03017303
2024-01-31,105160394.225366
2024-02-01,105751040.88837744
2024-02-02,106362460.2642874
2024-02-05,106125190.95641424
2024-02-06,106201175.44698444
2024-02-07,107430035.35786526
2024-02-08,107774569.8138103
2024-02-09,108299974.40831208
2024-02-12,108251306.61889678
2024-02-13,107415717.65948044
2024-02-14,108353992.41676132
2024-02-15,108863444.0815728
2024-02-16,108596212.81182224
2024-02-20,108127873.91037089
2024-02-21,108216320.00722204
2024-02-22,108898613.77012464
2024-02-23,108788311.9104006
2024-02-26,108848091.08679268
2024-02-27,109006512.02156566
2024-02-28,108866727.2645954
2024-02-29,109338397.38921976
2024-03-01,109812253.4607199
2024-03-04,109883199.65848456
2024-03-05,109493119.80788484
2024-03-06,109881893.76392342
2024-03-07,110510664.1237501
2024-03-08,109911726.89828885
2024-03-11,109781473.36183052
2024-03-12,110135116.39495993
2024-03-13,110136525.75663696
2024-03-14,109807976.835647
2024-03-15,109654125.7001415
2024-03-18,109663924.58059952
2024-03-19,109993240.53404436
2024-03-20,110573027.43171912
2024-03-21,111040582.09246436
2024-03-22,110877005.1084678
2024-03-25,110886547.42077084
2024-03-26,110921454.01733556
2024-03-27,111322021.60069084
2024-03-28,111297760.90118448
2024-04-01,111092462.83406442
2024-04-02,110597059.63833608
2024-04-03,111037248.45574564
2024-04-04,110508788.78014567
2024-04-05,110952643.8009467
2024-04-08,110976898.3094996
2024-04-09,111042674.76400045
2024-04-10,110232709.71664566
2024-04-11,110464402.61464804
2024-04-12,109772835.05458146
2024-04-15,109205432.422176
2024-04-16,109065666.43629365
2024-04-17,108707035.84829028
2024-04-18,108593801.63080482
2024-04-19,107714965.72402257
2024-04-22,108637505.91810556
2024-04-23,110515069.03573884
2024-04-24,110369966.75958304
2024-04-25,109635576.83515722
2024-04-26,110174024.92594709
2024-04-29,111250469.00428852
2024-04-30,107670377.25740656
2024-05-01,107409974.689864
2024-05-02,112904612.55619004
2024-05-03,114689780.18908525
2024-05-06,116980961.24828088
2024-05-07,116695095.46426596
2024-05-08,116640890.8548407
2024-05-09,117851777.32773767
2024-05-10,117709755.70978063
2024-05-13,118292188.36265533
2024-05-14,120145199.69446266
2024-05-15,120286181.891418
2024-05-16,119287743.63498338
2024-05-17,118673989.35123004
2024-05-20,119321943.00759315
2024-05-21,118104760.42875248
2024-05-22,117288118.04178204
2024-05-23,115619927.20105264
2024-05-24,117227830.37631012
2024-05-28,116873961.21135464
2024-05-29,115442751.84687229
2024-05-30,116054676.48811816
2024-05-31,116965873.10161182
2024-06-03,115936488.57313336
2024-06-04,114507825.53977892
2024-06-05,116660559.11632062
2024-06-06,115516737.43498027
2024-06-07,115203919.6326622
2024-06-10,115327106.19980626
2024-06-11,114535714.06593172
2024-06-12,117376073.48088077
2024-06-13,116229768.16324206
2024-06-14,114658302.56732526
2024-06-17,115838039.00343974
2024-06-18,115871983.14432192
2024-06-20,116967984.738309
2024-06-21,117125714.72770488
2024-06-24,117215912.25860871
2024-06-25,117015140.48910348
2024-06-26,116257147.3566432
2024-06-27,116150669.39732862
2024-06-28,116276626.4583536
2024-07-01,115085185.45136268
2024-07-02,116497266.82532369
2024-07-03,117381664.730956
2024-07-05,116862086.11258152
2024-07-08,116399184.51381782
2024-07-09,116039029.21334314
2024-07-10,116209082.61581412
2024-07-11,118003780.64070123
2024-07-12,119599237.79532042
2024-07-15,120818262.1139462
2024-07-16,122994497.49125224
2024-07-17,120756789.87605213
2024-07-18,119181334.69265072
2024-07-19,117280663.41914798
2024-07-22,119191308.27259378
2024-07-23,119067713.7334668
2024-07-24,115828980.31722784
2024-07-25,117019121.45683812
2024-07-26,118298551.44457176
2024-07-29,117295648.19981275
2024-07-30,116314662.20367062
2024-07-31,118429971.58844674
2024-08-01,114830283.12016831
2024-08-02,111270182.31586562
2024-08-05,109194015.74157391
2024-08-06,110648297.58369622
2024-08-07,109465815.31410632
2024-08-08,111847909.33653836
2024-08-09,112035470.75990184
2024-08-12,111696290.37006336
2024-08-13,113333377.9607616
2024-08-14,113466071.59429204
2024-08-15,115542183.1367974
2024-08-16,115663014.12841332
2024-08-19,116465920.07307649
2024-08-20,115893564.20495464
2024-08-21,116982578.55720092
2024-08-22,116276305.39360414
2024-08-23,118327834.87633978
2024-08-26,117615722.09706576
2024-08-27,117420237.01076408
2024-08-28,116672893.17615911
2024-08-29,116832611.62925822
2024-08-30,117835608.87020922
2024-09-03,113226357.74928065
2024-09-04,113168052.88074118
2024-09-05,111263184.35199653
2024-09-06,109065361.01999626
2024-09-09,109910849.62664662
2024-09-10,109459123.64951909
2024-09-11,110686989.50227562
2024-09-12,112126718.09638768
2024-09-13,115294267.56688093
2024-09-16,116564991.7851574
2024-09-17,118145033.39849336
2024-09-18,118392902.3530975
2024-09-19,121330035.69360442
2024-09-20,120151219.42223296
2024-09-23,120674482.57252575
2024-09-24,121381684.81699152
2024-09-25,119570388.56501864
2024-09-26,121018329.07619175
2024-09-27,121531939.34413412
2024-09-30,121329834.18124384
2024-10-01,120181270.2980806
2024-10-02,120586198.14065
2024-10-03,119445336.67986163
2024-10-04,121433085.19585304
2024-10-07,120716667.89760517
2024-10-08,121236589.34516495
2024-10-09,121820994.06812932
2024-10-10,121029249.32560644
2024-10-11,122175483.70134102
2024-10-14,122390679.35724092
2024-10-15,121146649.65859535
2024-10-16,123101332.24014609
2024-10-17,122385400.42506965
2024-10-18,123085891.4294452
2024-10-21,121766132.239102
2024-10-22,121386668.01355135
2024-10-23,120375827.5356381
2024-10-24,121998197.1858906
2024-10-25,121892864.29107246
2024-10-28,123430949.4858462
2024-10-29,123718179.92720984
2024-10-30,123855516.00822058
2024-10-31,122186893.45709129
2024-11-01,124116403.07826763
2024-11-04,123942519.9584526
2024-11-05,125703012.12497965
2024-11-06,131657386.61382842
2024-11-07,131585923.17203468
2024-11-08,131546855.7174424
2024-11-11,133424453.5403828
2024-11-12,133051070.4307297
2024-11-13,133876514.37940691
2024-11-14,133429289.80802812
2024-11-15,131101931.25419776
2024-11-18,131619117.58110566
2024-11-19,132086609.85339706
2024-11-20,132226880.93218428
2024-11-21,134301620.08937806
2024-11-22,135653423.72159275
2024-11-25,137890930.73692694
2024-11-26,137403394.69779444
2024-11-27,137136579.34214112
2024-11-29,137701058.73415956
2024-12-02,137132425.50156793
2024-12-03,136374434.7630259
2024-12-04,136596482.82901505
2024-12-05,135166743.679873
2024-12-06,136124186.77612323
2024-12-09,134699680.3093097
2024-12-10,134135102.2046491
2024-12-11,135019970.92653424
2024-12-12,133708923.03424773
2024-12-13,132477696.44298908
2024-12-16,132494578.24563824
2024-12-17,131388701.88563292
2024-12-18,126826938.2980964
2024-12-19,126008499.6985258
2024-12-20,126240025.85155135
2024-12-23,126391598.77596304
2024-12-24,127250241.46665251
2024-12-26,127359893.37787002
2024-12-27,126263441.9523877
2024-12-30,125242750.23746815
2024-12-31,125446439.66317786
2025-01-02,125603656.0514914
2025-01-03,126404887.01785833
2025-01-06,128197093.15332045
2025-01-07,128079560.58920205
2025-01-08,127810782.43399322
2025-01-10,125646192.07222614
2025-01-13,125980008.58509102
2025-01-14,127360795.4890619
2025-01-15,130040833.4788178
2025-01-16,131098277.674263
2025-01-17,132341889.84370714
2025-01-21,133884876.0191734
2025-01-22,134510953.1893741
2025-01-23,135214261.83153483
2025-01-24,134624682.4035211
2025-01-27,132047448.3457491
2025-01-28,133667914.05514064
2025-01-29,133231617.43247464
2025-01-30,134643150.6379623
2025-01-31,132741890.11762214
2025-02-03,130768854.27745384
2025-02-04,131833246.27484988
2025-02-05,132817912.91360474
2025-02-06,134156452.12616052
2025-02-07,132425197.74940252
2025-02-10,133741621.4310885
2025-02-11,133317789.02691697
2025-02-12,131140137.28072888
2025-02-13,132792148.61391306
2025-02-14,134217352.47443657
2025-02-18,135852500.6431733
2025-02-19,134369004.92279327
2025-02-20,132360969.58191262
2025-02-21,127368155.88350885
2025-02-24,126603074.4268887
2025-02-25,125814832.91404514
2025-02-26,125894154.4957196
2025-02-27,124061491.31519702
2025-02-28,125209155.97849588
2025-03-03,122748628.49089524
2025-03-04,121208463.48572822
2025-03-05,122338439.65396576
2025-03-06,119475355.62206048
2025-03-07,119753361.13551506
2025-03-10,117411027.34183994
2025-03-11,117196735.66078748
2025-03-12,117544378.90913638
2025-03-13,115879115.76925792
2025-03-14,118123488.8115102
2025-03-17,119192092.20977949
2025-03-18,118016978.08758771
2025-03-19,119219118.4715444
2025-03-20,119066256.9878237
2025-03-21,118886234.57617348
2025-03-24,120260874.48819216
2025-03-25,120526155.09544356
2025-03-26,119659558.88578469
2025-03-27,119324027.69108376
2025-03-28,118266608.03840102
2025-03-31,118397105.87629692
2025-04-01,118503864.2275768
2025-04-02,119315830.47845876
2025-04-03,116243095.26804364
2025-04-04,115506878.29581772
2025-04-07,115816221.48289464
2025-04-08,112765338.7625666
2025-04-09,122663259.82510316
2025-04-10,118409720.3905105
2025-04-11,117832249.60031724
2025-04-14,119574491.92679092
2025-04-15,119333240.06675808
2025-04-16,118192785.0954708
2025-04-17,122133758.0794798
2025-04-21,118591271.17164467
2025-04-22,122639196.67044032
2025-04-23,125126034.29976413
2025-04-24,129766571.96784388
2025-04-25,129897513.24544989
2025-04-28,130461319.85212034
2025-04-29,130142426.87294991
2025-04-30,131145896.04750544
2025-05-01,131523337.67088668
2025-05-02,134920528.92570713
2025-05-05,134251712.45550078
2025-05-06,133621449.9124598
2025-05-07,135146188.57326934
2025-05-08,137016515.85789123
2025-05-09,137352786.4912439
2025-05-12,142529116.32782957
2025-05-13,144469763.0094323
2025-05-14,144488342.72844404
2025-05-15,144403013.2979325
2025-05-16,146311489.39716065
2025-05-19,146918475.48347935
2025-05-20,146326726.52532667
2025-05-21,142717226.44175223
2025-05-22,144897991.6589525
2025-05-23,144822598.38319367
2025-05-27,148281247.3305891
2025-05-28,146714867.2522376
2025-05-29,146604540.24319223
2025-05-30,146538586.06773216
2025-06-02,146178901.38437757
2025-06-03,147092851.06032273
2025-06-04,146374750.03544888
2025-06-05,147450999.45299017
2025-06-06,150351241.79156357
2025-06-09,151439656.34623867
2025-06-10,151993099.84154367
2025-06-11,151815555.50413248
2025-06-12,151052984.02278143
2025-06-13,148013675.59730986
2025-06-16,150976498.92625844
2025-06-17,149918669.33477253
2025-06-18,150969259.27952576
2025-06-20,152286882.7636325
2025-06-23,156672530.95923057
2025-06-24,164831141.0691716
2025-06-25,165106648.75047103
2025-06-26,167390369.6167553
2025-06-27,167087562.4049529
2025-06-30,166176020.8153692
2025-07-01,167719015.24313924
2025-07-02,170739807.2648774
2025-07-03,172582431.19392297
2025-07-07,171230347.87439513
2025-07-08,170790042.41363463
2025-07-09,171579044.87769714
2025-07-10,175089514.9081006
2025-07-11,174688369.93608296
2025-07-14,175752088.78869772
2025-07-15,173667677.45174766
2025-07-16,174234657.27412143
2025-07-17,176691973.3928999
2025-07-18,175206285.54002494
2025-07-21,174318307.26063707
2025-07-22,177492950.72637478
2025-07-23,180808860.24634716
2025-07-24,180419935.0040499
2025-07-25,181531503.5786552
2025-07-28,181361879.6993254
2025-07-29,180376170.1840461
2025-07-30,171986962.49074638
2025-07-31,170096675.64631662
2025-08-01,166848148.9461347
2025-08-04,168171439.47775227
2025-08-05,167965878.29727504
2025-08-06,168247506.85963753
2025-08-07,168074721.02293956
2025-08-08,168407563.8727309
2025-08-11,168236891.11295313
2025-08-12,171637011.87514693
2025-08-13,173407143.1119481
2025-08-14,172255373.0259383
2025-08-15,171478993.94954795
2025-08-18,171919815.44167054
2025-08-19,171362126.41904923
2025-08-20,170210911.9508993
2025-08-21,170243117.10455948
2025-08-22,173971478.1064611
2025-08-25,173418480.65086016
2025-08-26,174169268.695258
2025-08-27,174217962.02134958
2025-08-28,174405353.3746338
2025-08-29,173418889.92969933
2025-09-02,172640937.6607761
2025-09-03,172570142.3370994
2025-09-04,174693750.46281648
2025-09-05,174871648.62679586
2025-09-08,175487140.40246868
2025-09-09,174837937.48765224
2025-09-10,174796882.02903438
2025-09-11,176598559.92969817
2025-09-12,175494946.00256252
2025-09-15,176321913.50463226
2025-09-16,176082777.2407575
2025-09-17,175958860.50417897
2025-09-18,177877651.04681757
2025-09-19,177618768.57339033
2025-09-22,177907843.75840455
2025-09-23,177695500.62340322
2025-09-24,176134276.78103545
2025-09-25,175474628.91273335
2025-09-26,175949706.33797562
2025-09-29,176536887.68795505
2025-09-30,176696041.71618325
2025-10-01,177396905.80420315
2025-10-02,177801700.00660616
2025-10-03,177697405.68422678
2025-10-06,178282781.34788272
2025-10-07,177042671.35349748
2025-10-08,178575005.20835686
2025-10-09,177765450.25320068
2025-10-10,173424759.02499175
2025-10-13,175629487.97772902
2025-10-14,176602202.78422847
2025-10-15,177172922.99335632
2025-10-16,175955296.12873673
2025-10-17,175815700.26014546
2025-10-20,177503982.58409047
2025-10-21,178059130.65989944
2025-10-22,175626265.29474956
2025-10-23,176614135.1481783
2025-10-24,177512397.8945743
2025-10-27,178102221.04832444
2025-10-28,177572822.93907896
2025-10-29,177843491.08821377
2025-10-30,177100047.61332107
2025-10-31,177982738.1289584
2025-11-03,177897877.0421991
2025-11-04,176098629.59603283
2025-11-05,176907996.69755906
2025-11-06,175143991.77912435
2025-11-07,176405949.48663387
2025-11-10,176936117.08611393
2025-11-11,176268567.13275948
2025-11-12,176794488.37479728
2025-11-13,174763303.2062414
2025-11-14,173927973.44509783
2025-11-17,172289058.1031028
2025-11-18,172237892.5039442
2025-11-19,172602097.6604809
2025-11-20,170381131.4948935
2025-11-21,172384177.6235691
2025-11-24,174458802.5328029
2025-11-25,177892077.62252817
2025-11-26,178849091.0777498
2025-11-28,180308294.86442557
2025-12-01,178084864.5940834
2025-12-02,178433899.28182644
2025-12-03,181380490.9129442
2025-12-04,181404983.2418168
2025-12-05,182048716.66492948
2025-12-08,181559444.23530236
2025-12-09,182603484.01197785
2025-12-10,185639094.87435663
2025-12-11,186777429.09454444
2025-12-12,182898852.11522573
2025-12-15,181523772.9541368
2025-12-16,182607230.0450269
2025-12-17,180014292.13717386
2025-12-18,180161661.0988454
2025-12-19,181748750.91540387
2025-12-22,182704134.67824116
2025-12-23,183739405.48411125
2025-12-24,183325836.7257701
2025-12-26,183545427.0338162
2025-12-29,181794247.00359255
2025-12-30,181054056.8186168
2025-12-31,179475446.34842968
2026-01-02,181700949.98556983
2026-01-05,185274693.27795172
2026-01-06,188011416.02209017
2026-01-07,185436185.0795674
2026-01-08,185857348.59792155
2026-01-09,188223622.93165645
2026-01-12,188499276.22548625
2026-01-13,188055360.47298327
2026-01-14,187393469.22945425
2026-01-15,190232055.14056528
2026-01-16,190157607.7812126
2026-01-20,186625721.17424956
2026-01-21,191309699.24906963
2026-01-22,191478279.1784572
2026-01-23,188914506.82908425
2026-01-26,188728171.18080655
2026-01-27,189124591.7417552
2026-01-28,188067681.625119
2026-01-29,188481066.30442175
2026-01-30,185271752.05655715
2026-02-02,187488008.41901752
2026-02-03,187710993.78310296
2026-02-04,187479298.4550137
2026-02-05,186940356.00941077
2026-02-06,192994776.8699441
2026-02-09,193659988.573676
2026-02-10,192308443.55549595
2026-02-11,192580953.53913748
2026-02-12,189537553.1101878
2026-02-13,191326651.38228983
2026-02-17,193041443.0394294
2026-02-18,194426353.51279265
2026-02-19,185344184.30492023
2026-02-20,186587109.8372343
2026-02-23,181503759.48584223
2026-02-24,185433586.28688744
2026-02-25,185429649.620051
2026-02-26,187308070.94052443
2026-02-27,187180710.6718835
2026-03-02,187428938.91109115
2026-03-03,185245241.3468031
2026-03-04,185865777.33723396
2026-03-05,184061179.40375605
2026-03-06,179435681.01485518
