date,equity
2007-10-19,4181161.402268808
2007-10-22,4208876.1525707375
2007-10-23,4234750.071585922
2007-10-24,4225360.540008687
2007-10-25,4220015.11889403
2007-10-26,4252131.762958868
2007-10-29,4260657.208087056
2007-10-30,4249118.450399535
2007-10-31,4294236.989260337
2007-11-01,4214500.249698093
2007-11-02,4217042.145606891
2007-11-05,4196985.323516653
2007-11-06,4232180.686911368
2007-11-07,4149014.612241288
2007-11-08,4164396.697066813
2007-11-09,4127564.640171255
2007-11-12,4127564.640171255
2007-11-13,4127564.640171255
2007-11-14,4127564.640171255
2007-11-15,4127564.640171255
2007-11-16,4127564.640171255
2007-11-19,4127564.640171255
2007-11-20,4127564.640171255
2007-11-21,4127564.640171255
2007-11-23,4127564.640171255
2007-11-26,4127564.640171255
2007-11-27,4127564.640171255
2007-11-28,4127564.640171255
2007-11-29,4127564.640171255
2007-11-30,4127564.640171255
2007-12-03,4127564.640171255
2007-12-04,4127564.640171255
2007-12-05,4127564.640171255
2007-12-06,4127564.640171255
2007-12-07,4127564.640171255
2007-12-10,4127564.640171255
2007-12-11,4127564.640171255
2007-12-12,4127564.640171255
2007-12-13,4127564.640171255
2007-12-14,4127564.640171255
2007-12-17,4127564.640171255
2007-12-18,4127564.640171255
2007-12-19,4127564.640171255
2007-12-20,4127564.640171255
2007-12-21,4127564.640171255
2007-12-24,4127564.640171255
2007-12-26,4127564.640171255
2007-12-27,4127564.640171255
2007-12-28,4127564.640171255
2007-12-31,4127564.640171255
2008-01-02,4127564.640171255
2008-01-03,4127564.640171255
2008-01-04,4127564.640171255
2008-01-07,4127564.640171255
2008-01-08,4127564.640171255
2008-01-09,4127564.640171255
2008-01-10,4127564.640171255
2008-01-11,4127564.640171255
2008-01-14,4127564.640171255
2008-01-15,4127564.640171255
2008-01-16,4127564.640171255
2008-01-17,4127564.640171255
2008-01-18,4127564.640171255
2008-01-22,4127564.640171255
2008-01-23,4127564.640171255
2008-01-24,4127564.640171255
2008-01-25,4127564.640171255
2008-01-28,4127564.640171255
2008-01-29,4127564.640171255
2008-01-30,4127564.640171255
2008-01-31,4127564.640171255
2008-02-01,4127564.640171255
2008-02-04,4127564.640171255
2008-02-05,4127564.640171255
2008-02-06,4127564.640171255
2008-02-07,4127564.640171255
2008-02-08,4127564.640171255
2008-02-11,4127564.640171255
2008-02-12,4127564.640171255
2008-02-13,4127564.640171255
2008-02-14,4127564.640171255
2008-02-15,4127564.640171255
2008-02-19,4127564.640171255
2008-02-20,4127564.640171255
2008-02-21,4127564.640171255
2008-02-22,4127564.640171255
2008-02-25,4127564.640171255
2008-02-26,4127564.640171255
2008-02-27,4127564.640171255
2008-02-28,4127564.640171255
2008-02-29,4127564.640171255
2008-03-03,4127564.640171255
2008-03-04,4127564.640171255
2008-03-05,4127564.640171255
2008-03-06,4127564.640171255
2008-03-07,4127564.640171255
2008-03-10,4127564.640171255
2008-03-11,4127564.640171255
2008-03-12,4127564.640171255
2008-03-13,4127564.640171255
2008-03-14,4127564.640171255
2008-03-17,4127564.640171255
2008-03-18,4127564.640171255
2008-03-19,4127564.640171255
2008-03-20,4127564.640171255
2008-03-24,4127564.640171255
2008-03-25,4127564.640171255
2008-03-26,4127564.640171255
2008-03-27,4127564.640171255
2008-03-28,4127564.640171255
2008-03-31,4127564.640171255
2008-04-01,4127564.640171255
2008-04-02,4127564.640171255
2008-04-03,4127564.640171255
2008-04-04,4127564.640171255
2008-04-07,4127564.640171255
2008-04-08,4127564.640171255
2008-04-09,4127564.640171255
2008-04-10,4127564.640171255
2008-04-11,4127564.640171255
2008-04-14,4127564.640171255
2008-04-15,4127564.640171255
2008-04-16,4127564.640171255
2008-04-17,4127564.640171255
2008-04-18,4127564.640171255
2008-04-21,4127564.640171255
2008-04-22,4127564.640171255
2008-04-23,4127564.640171255
2008-04-24,4127564.640171255
2008-04-25,4127564.640171255
2008-04-28,4127564.640171255
2008-04-29,4127564.640171255
2008-04-30,4127564.640171255
2008-05-01,4127564.640171255
2008-05-02,4127564.640171255
2008-05-05,4127564.640171255
2008-05-06,4127564.640171255
2008-05-07,4127564.640171255
2008-05-08,4127564.640171255
2008-05-09,4127564.640171255
2008-05-12,4127564.640171255
2008-05-13,4127564.640171255
2008-05-14,4127564.640171255
2008-05-15,4127564.640171255
2008-05-16,4127564.640171255
2008-05-19,4127564.640171255
2008-05-20,4127564.640171255
2008-05-21,4127564.640171255
2008-05-22,4127564.640171255
2008-05-23,4127564.640171255
2008-05-27,4127564.640171255
2008-05-28,4127564.640171255
2008-05-29,4127564.640171255
2008-05-30,4127564.640171255
2008-06-02,4127564.640171255
2008-06-03,4127564.640171255
2008-06-04,4127564.640171255
2008-06-05,4127564.640171255
2008-06-06,4127564.640171255
2008-06-09,4127564.640171255
2008-06-10,4127564.640171255
2008-06-11,4127564.640171255
2008-06-12,4127564.640171255
2008-06-13,4127564.640171255
2008-06-16,4127564.640171255
2008-06-17,4127564.640171255
2008-06-18,4127564.640171255
2008-06-19,4127564.640171255
2008-06-20,4127564.640171255
2008-06-23,4127564.640171255
2008-06-24,4127564.640171255
2008-06-25,4127564.640171255
2008-06-26,4127564.640171255
2008-06-27,4127564.640171255
2008-06-30,4127564.640171255
2008-07-01,4127564.640171255
2008-07-02,4127564.640171255
2008-07-03,4127564.640171255
2008-07-07,4127564.640171255
2008-07-08,4127564.640171255
2008-07-09,4127564.640171255
2008-07-10,4127564.640171255
2008-07-11,4127564.640171255
2008-07-14,4127564.640171255
2008-07-15,4127564.640171255
2008-07-16,4127564.640171255
2008-07-17,4127564.640171255
2008-07-18,4127564.640171255
2008-07-21,4127564.640171255
2008-07-22,4127564.640171255
2008-07-23,4127564.640171255
2008-07-24,4127564.640171255
2008-07-25,4127564.640171255
2008-07-28,4127564.640171255
2008-07-29,4127564.640171255
2008-07-30,4127564.640171255
2008-07-31,4127564.640171255
2008-08-01,4127564.640171255
2008-08-04,4127564.640171255
2008-08-05,4127564.640171255
2008-08-06,4127564.640171255
2008-08-07,4127564.640171255
2008-08-08,4127564.640171255
2008-08-11,4127564.640171255
2008-08-12,4127564.640171255
2008-08-13,4127564.640171255
2008-08-14,4127564.640171255
2008-08-15,4127564.640171255
2008-08-18,4127564.640171255
2008-08-19,4127564.640171255
2008-08-20,4127564.640171255
2008-08-21,4127564.640171255
2008-08-22,4127564.640171255
2008-08-25,4127564.640171255
2008-08-26,4127564.640171255
2008-08-27,4127564.640171255
2008-08-28,4127564.640171255
2008-08-29,4126909.9805036606
2008-09-02,4126950.5109700775
2008-09-03,4125932.35814035
2008-09-04,4124227.113331256
2008-09-05,4124348.711720122
2008-09-08,4125576.915617693
2008-09-09,4124213.099337464
2008-09-10,4124534.98547978
2008-09-11,4125544.470768204
2008-09-12,4125833.9995589
2008-09-15,4124877.3057808513
2008-09-16,4125883.632046088
2008-09-17,4123770.485688893
2008-09-18,4125013.254303179
2008-09-19,4126262.108086096
2008-09-22,4124526.384761221
2008-09-23,4123674.202208676
2008-09-24,4123526.681095537
2008-09-25,4124250.029272008
2008-09-26,4124898.53423436
2008-09-29,4124898.53423436
2008-09-30,4124898.53423436
2008-10-01,4124898.53423436
2008-10-02,4124898.53423436
2008-10-03,4124898.53423436
2008-10-06,4124898.53423436
2008-10-07,4124898.53423436
2008-10-08,4124898.53423436
2008-10-09,4124898.53423436
2008-10-10,4124898.53423436
2008-10-13,4124898.53423436
2008-10-14,4124898.53423436
2008-10-15,4124898.53423436
2008-10-16,4124898.53423436
2008-10-17,4124898.53423436
2008-10-20,4124898.53423436
2008-10-21,4124898.53423436
2008-10-22,4124898.53423436
2008-10-23,4124898.53423436
2008-10-24,4124898.53423436
2008-10-27,4124898.53423436
2008-10-28,4124898.53423436
2008-10-29,4124898.53423436
2008-10-30,4124898.53423436
2008-10-31,4124898.53423436
2008-11-03,4124898.53423436
2008-11-04,4124898.53423436
2008-11-05,4124898.53423436
2008-11-06,4124898.53423436
2008-11-07,4124898.53423436
2008-11-10,4124898.53423436
2008-11-11,4124898.53423436
2008-11-12,4124898.53423436
2008-11-13,4124898.53423436
2008-11-14,4124898.53423436
2008-11-17,4124898.53423436
2008-11-18,4124898.53423436
2008-11-19,4124898.53423436
2008-11-20,4124898.53423436
2008-11-21,4124898.53423436
2008-11-24,4124898.53423436
2008-11-25,4124898.53423436
2008-11-26,4124898.53423436
2008-11-28,4124898.53423436
2008-12-01,4124898.53423436
2008-12-02,4124898.53423436
2008-12-03,4124898.53423436
2008-12-04,4124898.53423436
2008-12-05,4124898.53423436
2008-12-08,4124898.53423436
2008-12-09,4124898.53423436
2008-12-10,4124898.53423436
2008-12-11,4124898.53423436
2008-12-12,4124898.53423436
2008-12-15,4124898.53423436
2008-12-16,4124898.53423436
2008-12-17,4124898.53423436
2008-12-18,4124898.53423436
2008-12-19,4124898.53423436
2008-12-22,4124898.53423436
2008-12-23,4124898.53423436
2008-12-24,4124898.53423436
2008-12-26,4124898.53423436
2008-12-29,4124898.53423436
2008-12-30,4124898.53423436
2008-12-31,4124898.53423436
2009-01-02,4124898.53423436
2009-01-05,4124898.53423436
2009-01-06,4124898.53423436
2009-01-07,4124898.53423436
2009-01-08,4124898.53423436
2009-01-09,4124898.53423436
2009-01-12,4124898.53423436
2009-01-13,4124898.53423436
2009-01-14,4124898.53423436
2009-01-15,4124898.53423436
2009-01-16,4124898.53423436
2009-01-20,4124898.53423436
2009-01-21,4124898.53423436
2009-01-22,4124898.53423436
2009-01-23,4124898.53423436
2009-01-26,4124898.53423436
2009-01-27,4124898.53423436
2009-01-28,4124898.53423436
2009-01-29,4124898.53423436
2009-01-30,4124898.53423436
2009-02-02,4124898.53423436
2009-02-03,4124898.53423436
2009-02-04,4124898.53423436
2009-02-05,4124898.53423436
2009-02-06,4124898.53423436
2009-02-09,4124898.53423436
2009-02-10,4124898.53423436
2009-02-11,4124898.53423436
2009-02-12,4124898.53423436
2009-02-13,4124898.53423436
2009-02-17,4124898.53423436
2009-02-18,4124898.53423436
2009-02-19,4124898.53423436
2009-02-20,4124898.53423436
2009-02-23,4124898.53423436
2009-02-24,4124898.53423436
2009-02-25,4124898.53423436
2009-02-26,4124898.53423436
2009-02-27,4124898.53423436
2009-03-02,4124898.53423436
2009-03-03,4124898.53423436
2009-03-04,4124898.53423436
2009-03-05,4124898.53423436
2009-03-06,4124898.53423436
2009-03-09,4124898.53423436
2009-03-10,4124898.53423436
2009-03-11,4124898.53423436
2009-03-12,4124898.53423436
2009-03-13,4124898.53423436
2009-03-16,4124898.53423436
2009-03-17,4124898.53423436
2009-03-18,4124898.53423436
2009-03-19,4124898.53423436
2009-03-20,4124898.53423436
2009-03-23,4124898.53423436
2009-03-24,4124898.53423436
2009-03-25,4124898.53423436
2009-03-26,4124898.53423436
2009-03-27,4124898.53423436
2009-03-30,4124898.53423436
2009-03-31,4124898.53423436
2009-04-01,4124898.53423436
2009-04-02,4124898.53423436
2009-04-03,4169814.359321494
2009-04-06,4135885.098540431
2009-04-07,4036751.7709206017
2009-04-08,4085605.014493384
2009-04-09,4254648.617991917
2009-04-13,4281203.450581547
2009-04-14,4196226.870537022
2009-04-15,4253863.978665212
2009-04-16,4328087.884855415
2009-04-17,4369507.170958973
2009-04-20,4178771.184182318
2009-04-21,4288238.013661922
2009-04-22,4281535.775557989
2009-04-23,4313420.656881536
2009-04-24,4379083.915406227
2009-04-27,4324836.332974352
2009-04-28,4312413.722812283
2009-04-29,4412211.000921982
2009-04-30,4426258.680786435
2009-05-01,4429074.309855023
2009-05-04,4582822.161303756
2009-05-05,4580670.031296352
2009-05-06,4640395.817479603
2009-05-07,4563462.827518231
2009-05-08,4691056.63678525
2009-05-11,4592732.84229702
2009-05-12,4550288.440689767
2009-05-13,4404925.654435708
2009-05-14,4466096.902917312
2009-05-15,4426192.691874671
2009-05-18,4560686.542812097
2009-05-19,4565532.903476629
2009-05-20,4547585.110692996
2009-05-21,4481237.570145256
2009-05-22,4473592.607475477
2009-05-26,4581879.638239757
2009-05-27,4516366.095265446
2009-05-28,4559311.876289301
2009-05-29,4619311.637776622
2009-06-01,4737687.805131407
2009-06-02,4739541.899609244
2009-06-03,4673138.737541292
2009-06-04,4729697.519241186
2009-06-05,4727727.183488833
2009-06-08,4714985.331347922
2009-06-09,4739202.52454152
2009-06-10,4724730.502519478
2009-06-11,4742169.817280121
2009-06-12,4737169.832181619
2009-06-15,4639879.198855321
2009-06-16,4585332.613175898
2009-06-17,4579309.694851569
2009-06-18,4617710.702759194
2009-06-19,4642379.984236364
2009-06-22,4504798.53103931
2009-06-23,4508930.364110557
2009-06-24,4556472.507293817
2009-06-25,4628247.506447584
2009-06-26,4633340.970266776
2009-06-29,4655009.770788983
2009-06-30,4630168.12344094
2009-07-01,4652813.227903748
2009-07-02,4532738.449863707
2009-07-06,4533064.7564098425
2009-07-07,4449842.482664519
2009-07-08,4436477.138270471
2009-07-09,4457987.322136707
2009-07-10,4450750.888124766
2009-07-13,4543708.93762084
2009-07-14,4564431.587276473
2009-07-15,4678664.662202726
2009-07-16,4717443.076264074
2009-07-17,4706262.7486048965
2009-07-20,4765119.859853465
2009-07-21,4767402.334363462
2009-07-22,4787217.07183552
2009-07-23,4900005.630151863
2009-07-24,4922644.367908955
2009-07-27,4944529.5587971695
2009-07-28,4938650.686254432
2009-07-29,4915144.571658148
2009-07-30,4981341.761657103
2009-07-31,4977837.125441334
2009-08-03,5060744.420018955
2009-08-04,5088410.771944999
2009-08-05,5086833.775222011
2009-08-06,5053468.516490681
2009-08-07,5143551.781366432
2009-08-10,5120645.442901624
2009-08-11,5065533.072803966
2009-08-12,5129650.13111214
2009-08-13,5166452.19056634
2009-08-14,5118998.829162288
2009-08-17,5003223.483599822
2009-08-18,5063395.513343736
2009-08-19,5089028.716071175
2009-08-20,5147290.994019326
2009-08-21,5230745.151736151
2009-08-24,5214749.322773293
2009-08-25,5241925.846373497
2009-08-26,5242939.218972942
2009-08-27,5262120.972805901
2009-08-28,5266789.559986059
2009-08-31,5220510.235580054
2009-09-01,5105933.430349066
2009-09-02,5088557.150956377
2009-09-03,5140273.882315576
2009-09-04,5202625.401330622
2009-09-08,5240663.139671532
2009-09-09,5292869.579787048
2009-09-10,5343703.20634166
2009-09-11,5342640.811192085
2009-09-14,5383518.991116701
2009-09-15,5417272.566375387
2009-09-16,5498402.513508737
2009-09-17,5467666.966997597
2009-09-18,5469668.327996779
2009-09-21,5455040.447258286
2009-09-22,5487325.568327201
2009-09-23,5437064.26885534
2009-09-24,5365328.819386872
2009-09-25,5332722.001724351
2009-09-28,5429256.848834654
2009-09-29,5423733.703391843
2009-09-30,5410648.0021675015
2009-10-01,5270341.791958861
2009-10-02,5242623.00880271
2009-10-05,5318505.581141535
2009-10-06,5372959.497403796
2009-10-07,5380578.268748711
2009-10-08,5421738.170183983
2009-10-09,5456445.622770981
2009-10-12,5473913.265880947
2009-10-13,5457927.202440353
2009-10-14,5543210.338820065
2009-10-15,5554334.665697944
2009-10-16,5507252.520663882
2009-10-19,5551313.485803585
2009-10-20,5519036.025325196
2009-10-21,5467103.37910448
2009-10-22,5528810.676313051
2009-10-23,5461106.60363292
2009-10-26,5400195.281775927
2009-10-27,5357831.1861639805
2009-10-28,5244497.879528152
2009-10-29,5357088.935801704
2009-10-30,5230792.595806077
2009-11-02,5254997.711454227
2009-11-03,5286377.878678282
2009-11-04,5274256.127085199
2009-11-05,5368891.928888896
2009-11-06,5378711.594764484
2009-11-09,5482386.156933925
2009-11-10,5481667.564682804
2009-11-11,5512503.420808472
2009-11-12,5456016.335397426
2009-11-13,5492182.9741944885
2009-11-16,5566363.704030806
2009-11-17,5567997.400381415
2009-11-18,5559782.0175893605
2009-11-19,5489495.753663243
2009-11-20,5474648.303041275
2009-11-23,5527395.620632668
2009-11-24,5515284.831744553
2009-11-25,5542610.881853424
2009-11-27,5455451.694614127
2009-11-30,5479562.700091108
2009-12-01,5540589.647719889
2009-12-02,5567761.233928418
2009-12-03,5525588.474714831
2009-12-04,5564700.500577882
2009-12-07,5559191.901555385
2009-12-08,5524791.259978097
2009-12-09,5535847.087275664
2009-12-10,5561590.694747445
2009-12-11,5589686.702936827
2009-12-14,5642582.410509952
2009-12-15,5623468.939143145
2009-12-16,5642480.76265803
2009-12-17,5593581.440588576
2009-12-18,5617572.305607023
2009-12-21,5664970.033166472
2009-12-22,5698701.342614228
2009-12-23,5720686.089229711
2009-12-24,5746911.69502722
2009-12-28,5738725.407945046
2009-12-29,5728892.871463498
2009-12-30,5724390.271806603
2009-12-31,5681952.935440382
2010-01-04,5746181.86541664
2010-01-05,5780311.016169117
2010-01-06,5793236.861883418
2010-01-07,5821165.569822648
2010-01-08,5836910.153756516
2010-01-11,5844614.006994108
2010-01-12,5792727.50304601
2010-01-13,5845438.043298288
2010-01-14,5852327.734722009
2010-01-15,5794277.248915336
2010-01-19,5850029.929273613
2010-01-20,5801016.999543327
2010-01-21,5731252.575714308
2010-01-22,5630411.6047804
2010-01-25,5654488.772013072
2010-01-26,5639099.380087256
2010-01-27,5662832.190673792
2010-01-28,5612516.667195865
2010-01-29,5567941.306133177
2010-02-01,5644726.088597213
2010-02-02,5708523.879671122
2010-02-03,5673002.495314406
2010-02-04,5506325.61169922
2010-02-05,5518924.114464871
2010-02-08,5486109.9695018055
2010-02-09,5548464.067645348
2010-02-10,5537710.887293492
2010-02-11,5598189.330843185
2010-02-12,5601828.607543657
2010-02-16,5690422.472991142
2010-02-17,5714899.705918899
2010-02-18,5745079.756749407
2010-02-19,5764228.976010507
2010-02-22,5766059.562254068
2010-02-23,5701719.669457918
2010-02-24,5752565.351245035
2010-02-25,5751418.796559839
2010-02-26,5763549.550862261
2010-03-01,5832117.020201305
2010-03-02,5857056.016782912
2010-03-03,5854097.88041179
2010-03-04,5867507.219278555
2010-03-05,5947971.315024093
2010-03-08,5949692.778893722
2010-03-09,5961798.736826454
2010-03-10,5998789.403139922
2010-03-11,6016629.386236747
2010-03-12,6019803.812181628
2010-03-15,6011685.264544381
2010-03-16,6063092.411111342
2010-03-17,6099493.981288196
2010-03-18,6086808.8583425805
2010-03-19,6054006.848196294
2010-03-22,6108125.738841902
2010-03-23,6149470.944760357
2010-03-24,6112018.613601788
2010-03-25,6096696.035867106
2010-03-26,6097230.314537132
2010-03-29,6135898.217228211
2010-03-30,6136867.38296707
2010-03-31,6113979.011980196
2010-04-01,6150380.836742452
2010-04-05,6212834.970104696
2010-04-06,6230458.268714423
2010-04-07,6200968.746868183
2010-04-08,6213858.934016183
2010-04-09,6247629.605065248
2010-04-12,6265464.831237701
2010-04-13,6270596.839888488
2010-04-14,6346254.374016847
2010-04-15,6345879.166879745
2010-04-16,6261662.75982082
2010-04-19,6259994.607543606
2010-04-20,6330480.665858385
2010-04-21,6341025.507890068
2010-04-22,6398129.814670679
2010-04-23,6452506.514869164
2010-04-26,6434837.174307154
2010-04-27,6292703.937472721
2010-04-28,6314172.681898896
2010-04-29,6413341.741210041
2010-04-30,6304284.178689274
2010-05-03,6384744.090628933
2010-05-04,6246673.079604924
2010-05-05,6194536.227947504
2010-05-06,6036318.237129198
2010-05-07,5923373.353872979
2010-05-10,6131563.162899312
2010-05-11,6126363.961506253
2010-05-12,6207603.668782552
2010-05-13,6154893.87211262
2010-05-14,6061850.510344598
2010-05-17,6069030.556868757
2010-05-18,5996598.958698401
2010-05-19,5963039.276843172
2010-05-20,5799748.229144707
2010-05-21,5868243.398444324
2010-05-24,5822411.750894376
2010-05-25,5823242.16069211
2010-05-26,5821939.490284166
2010-05-27,5963201.520222428
2010-05-28,5916429.057701368
2010-06-01,5830803.129149604
2010-06-02,5932131.672861629
2010-06-03,5952654.997837218
2010-06-04,5806305.918787382
2010-06-07,5756429.969158252
2010-06-08,5784554.5360320015
2010-06-09,5783308.730638743
2010-06-10,5873402.859615183
2010-06-11,5897887.411600126
2010-06-14,5905212.100925988
2010-06-15,5977479.888800591
2010-06-16,5974170.180925586
2010-06-17,5972074.999047112
2010-06-18,5969001.067666874
2010-06-21,5960242.710055182
2010-06-22,5900150.005878191
2010-06-23,5897625.227522896
2010-06-24,5841361.263205532
2010-06-25,5870459.481732395
2010-06-28,5859344.268677284
2010-06-29,5749240.451122981
2010-06-30,5724163.84241504
2010-07-01,5711247.543923168
2010-07-02,5680267.131849225
2010-07-06,5678621.126445174
2010-07-07,5768318.351383412
2010-07-08,5791828.628824648
2010-07-09,5821568.270200204
2010-07-12,5812567.258243963
2010-07-13,5871089.901382112
2010-07-14,5864734.042786264
2010-07-15,5858267.121652856
2010-07-16,5773510.74374132
2010-07-19,5788254.293426595
2010-07-20,5828148.172076875
2010-07-21,5787782.356479031
2010-07-22,5860953.834050903
2010-07-23,5894656.1623913385
2010-07-26,5937713.348348851
2010-07-27,5922158.390508669
2010-07-28,5901513.555423701
2010-07-29,5896455.54791637
2010-07-30,5902037.915666729
2010-08-02,5957426.936048388
2010-08-03,5930648.740220197
2010-08-04,5944727.3624766525
2010-08-05,5933814.580510466
2010-08-06,5924026.83960011
2010-08-09,5949416.589622647
2010-08-10,5923101.341178386
2010-08-11,5833950.987750133
2010-08-12,5822326.922983694
2010-08-13,5814585.968808604
2010-08-16,5816505.318611637
2010-08-17,5856644.265353123
2010-08-18,5864568.99468069
2010-08-19,5813880.994893495
2010-08-20,5812839.309731061
2010-08-23,5794296.081617083
2010-08-24,5756897.018572293
2010-08-25,5771641.096730196
2010-08-26,5757980.263185234
2010-08-27,5810636.178327042
2010-08-30,5769191.245460196
2010-08-31,5776084.825758724
2010-09-01,5851100.060378937
2010-09-02,5880901.729038325
2010-09-03,5918560.19456661
2010-09-07,5887504.216035347
2010-09-08,5902786.974950568
2010-09-09,5904364.526681611
2010-09-10,5910509.264408118
2010-09-13,5946576.676819017
2010-09-14,5947063.982028099
2010-09-15,5957184.736038613
2010-09-16,5950192.662142325
2010-09-17,5956171.1924555935
2010-09-20,6001712.701114259
2010-09-21,5993803.102586645
2010-09-22,5975189.153960848
2010-09-23,5940419.248280406
2010-09-24,6009853.886815213
2010-09-27,5999139.994733468
2010-09-28,6019735.454184129
2010-09-29,6013818.801785975
2010-09-30,6008306.698337958
2010-10-01,6020462.361087994
2010-10-04,6003875.93698161
2010-10-05,6059137.721631518
2010-10-06,6050074.217479569
2010-10-07,6046997.076422597
2010-10-08,6063805.812871385
2010-10-11,6066740.84637276
2010-10-12,6082403.696373816
2010-10-13,6104489.00977565
2010-10-14,6095208.846429418
2010-10-15,6090412.840498978
2010-10-18,6107481.504976018
2010-10-19,6064733.127889566
2010-10-20,6105286.410011224
2010-10-21,6111856.748745527
2010-10-22,6122260.001415455
2010-10-25,6134147.346910811
2010-10-26,6134395.47132224
2010-10-27,6131764.241655367
2010-10-28,6135593.908698094
2010-10-29,6141220.434198879
2010-11-01,6145653.310091772
2010-11-02,6173533.720181811
2010-11-03,6184200.924683744
2010-11-04,6237817.3531420855
2010-11-05,6237302.273590104
2010-11-08,6234186.126410565
2010-11-09,6200582.172331819
2010-11-10,6212408.7499713525
2010-11-11,6207112.377175638
2010-11-12,6172059.166071912
2010-11-15,6173542.536599156
2010-11-16,6120203.265798084
2010-11-17,6124287.415108355
2010-11-18,6166897.115783093
2010-11-19,6186627.637496257
2010-11-22,6196663.596322268
2010-11-23,6160866.671509003
2010-11-24,6216404.532050203
2010-11-26,6197808.41212437
2010-11-29,6191234.984606714
2010-11-30,6175987.909360726
2010-12-01,6237248.3197077885
2010-12-02,6272069.64360883
2010-12-03,6280607.280747642
2010-12-06,6279403.731314117
2010-12-07,6280859.159314809
2010-12-08,6286775.023663142
2010-12-09,6304874.921697285
2010-12-10,6325717.96179806
2010-12-13,6321016.116313846
2010-12-14,6321470.901322412
2010-12-15,6303801.772973376
2010-12-16,6326726.234036526
2010-12-17,6331952.38679444
2010-12-20,6344181.968055187
2010-12-21,6371901.042130859
2010-12-22,6377657.3595815925
2010-12-23,6365579.828902622
2010-12-27,6372465.665183254
2010-12-28,6370807.470542436
2010-12-29,6374797.044227896
2010-12-30,6369818.067808907
2010-12-31,6361233.424825873
2011-01-03,6399256.727413455
2011-01-04,6382061.328993843
2011-01-05,6400553.201302587
2011-01-06,6393255.138746286
2011-01-07,6394593.041916383
2011-01-10,6392584.685959494
2011-01-11,6401357.001433147
2011-01-12,6427757.541664732
2011-01-13,6428073.127288357
2011-01-14,6452908.05851377
2011-01-18,6466565.609997969
2011-01-19,6425789.040312997
2011-01-20,6409711.963871539
2011-01-21,6419077.462476567
2011-01-24,6442646.93013132
2011-01-25,6439648.5039251335
2011-01-26,6469930.2878220165
2011-01-27,6493728.933833202
2011-01-28,6423211.264153623
2011-01-31,6451183.889554318
2011-02-01,6509272.500005387
2011-02-02,6502468.253807662
2011-02-03,6522197.413161662
2011-02-04,6530690.924377674
2011-02-07,6553567.91911219
2011-02-08,6568195.516718554
2011-02-09,6565910.968692895
2011-02-10,6583378.052991445
2011-02-11,6611634.864264807
2011-02-14,6620000.695317621
2011-02-15,6611447.36049607
2011-02-16,6638373.534734901
2011-02-17,6648100.956627704
2011-02-18,6654413.516418365
2011-02-22,6561093.30525614
2011-02-23,6518676.790978083
2011-02-24,6521558.360960175
2011-02-25,6571328.0573810255
2011-02-28,6583243.642663921
2011-03-01,6507829.163945299
2011-03-02,6521308.94410704
2011-03-03,6588755.134504424
2011-03-04,6564427.904535563
2011-03-07,6526564.860413054
2011-03-08,6570847.077990957
2011-03-09,6564288.411349585
2011-03-10,6498861.790081497
2011-03-11,6529275.149048827
2011-03-14,6498435.547334314
2011-03-15,6465584.228863916
2011-03-16,6406470.895632665
2011-03-17,6440550.415682782
2011-03-18,6438333.9869403625
2011-03-21,6521940.721579621
2011-03-22,6495934.820964282
2011-03-23,6517515.010322916
2011-03-24,6579378.702952679
2011-03-25,6599875.5312612085
2011-03-28,6589807.759790385
2011-03-29,6629257.485337939
2011-03-30,6677777.182602739
2011-03-31,6675066.866829909
2011-04-01,6715189.500835377
2011-04-04,6718816.310366582
2011-04-05,6717297.9687999645
2011-04-06,6726249.625807711
2011-04-07,6707485.194524226
2011-04-08,6675263.638937061
2011-04-11,6645929.2120680325
2011-04-12,6614570.96097701
2011-04-13,6624262.076007783
2011-04-14,6627038.143242135
2011-04-15,6664230.002180503
2011-04-18,6596486.47301087
2011-04-19,6625051.320127881
2011-04-20,6718516.819450264
2011-04-21,6752225.926899702
2011-04-25,6743437.112206478
2011-04-26,6804658.223650167
2011-04-27,6848457.219899192
2011-04-28,6867663.442550386
2011-04-29,6876879.062639509
2011-05-02,6864835.775073468
2011-05-03,6825615.042172669
2011-05-04,6768014.638715248
2011-05-05,6756569.713168276
2011-05-06,6786300.016998228
2011-05-09,6816296.544001659
2011-05-10,6877732.926484603
2011-05-11,6821505.952469729
2011-05-12,6855162.862463884
2011-05-13,6800892.757460455
2011-05-16,6760229.357880631
2011-05-17,6744519.355682756
2011-05-18,6809868.034469224
2011-05-19,6828553.693749545
2011-05-20,6794165.263090597
2011-05-23,6713446.030409925
2011-05-24,6697962.244853579
2011-05-25,6734572.979518834
2011-05-26,6770683.208190683
2011-05-27,6799345.614172392
2011-05-31,6859615.515966384
2011-06-01,6711102.480834193
2011-06-02,6708171.888498556
2011-06-03,6640956.459229546
2011-06-06,6573009.222970737
2011-06-07,6582996.664308965
2011-06-08,6542279.632214928
2011-06-09,6577337.1598762525
2011-06-10,6504128.385274922
2011-06-13,6503361.90024598
2011-06-14,6583268.0518547455
2011-06-15,6500568.11178222
2011-06-16,6497772.506346821
2011-06-17,6516370.144670448
2011-06-20,6553975.970855574
2011-06-21,6636288.936622095
2011-06-22,6606885.876316823
2011-06-23,6604790.285615659
2011-06-24,6555723.179401111
2011-06-27,6588910.596521875
2011-06-28,6650356.92373989
2011-06-29,6677386.654088112
2011-06-30,6708850.186937552
2011-07-01,6776010.772931851
2011-07-05,6783438.098075778
2011-07-06,6794892.727361311
2011-07-07,6840051.952274595
2011-07-08,6818078.726188095
2011-07-11,6727451.193708778
2011-07-12,6704049.017455132
2011-07-13,6716660.377681063
2011-07-14,6679577.167364505
2011-07-15,6707412.478201164
2011-07-18,6642037.391593996
2011-07-19,6739956.228731423
2011-07-20,6738370.857681164
2011-07-21,6803327.597327451
2011-07-22,6811024.10817063
2011-07-25,6771074.221950777
2011-07-26,6740888.017310313
2011-07-27,6611247.820955917
2011-07-28,6598360.757625752
2011-07-29,6582816.729286377
2011-08-01,6549819.0496306615
2011-08-02,6374513.435269255
2011-08-03,6412437.085405317
2011-08-04,6138113.632084592
2011-08-05,6112265.721572896
2011-08-08,5858306.205347174
2011-08-09,6035648.019412608
2011-08-10,5902236.705561227
2011-08-11,6066971.488773246
2011-08-12,6087224.380260441
2011-08-15,6104596.231953376
2011-08-16,6099378.708068018
2011-08-17,6100566.487959448
2011-08-18,6073848.401121732
2011-08-19,6065485.699064841
2011-08-22,6065485.699064841
2011-08-23,6065485.699064841
2011-08-24,6065485.699064841
2011-08-25,6063421.610490675
2011-08-26,6063299.52840633
2011-08-29,6063299.52840633
2011-08-30,6063299.52840633
2011-08-31,6063299.52840633
2011-09-01,6063299.52840633
2011-09-02,6063299.52840633
2011-09-06,6063299.52840633
2011-09-07,6063299.52840633
2011-09-08,6063299.52840633
2011-09-09,6063299.52840633
2011-09-12,6063299.52840633
2011-09-13,6063299.52840633
2011-09-14,6063299.52840633
2011-09-15,6063299.52840633
2011-09-16,6063299.52840633
2011-09-19,6063299.52840633
2011-09-20,6063299.52840633
2011-09-21,6063299.52840633
2011-09-22,6063299.52840633
2011-09-23,6063299.52840633
2011-09-26,6063299.52840633
2011-09-27,6063299.52840633
2011-09-28,6063299.52840633
2011-09-29,6063299.52840633
2011-09-30,6063299.52840633
2011-10-03,6063299.52840633
2011-10-04,6063299.52840633
2011-10-05,6063299.52840633
2011-10-06,6063299.52840633
2011-10-07,6063299.52840633
2011-10-10,6063299.52840633
2011-10-11,6063299.52840633
2011-10-12,6063299.52840633
2011-10-13,6063299.52840633
2011-10-14,6063299.52840633
2011-10-17,6063299.52840633
2011-10-18,6063299.52840633
2011-10-19,6063299.52840633
2011-10-20,6063299.52840633
2011-10-21,6063299.52840633
2011-10-24,6063299.52840633
2011-10-25,6063299.52840633
2011-10-26,6063299.52840633
2011-10-27,6063299.52840633
2011-10-28,6063299.52840633
2011-10-31,6063299.52840633
2011-11-01,6063299.52840633
2011-11-02,6063299.52840633
2011-11-03,6063299.52840633
2011-11-04,6063299.52840633
2011-11-07,6063299.52840633
2011-11-08,6063299.52840633
2011-11-09,6063299.52840633
2011-11-10,6063299.52840633
2011-11-11,6063299.52840633
2011-11-14,6063299.52840633
2011-11-15,6063299.52840633
2011-11-16,6063299.52840633
2011-11-17,6063299.52840633
2011-11-18,6063299.52840633
2011-11-21,6063299.52840633
2011-11-22,6063299.52840633
2011-11-23,6063299.52840633
2011-11-25,6063299.52840633
2011-11-28,6063299.52840633
2011-11-29,6063299.52840633
2011-11-30,6063299.52840633
2011-12-01,6063299.52840633
2011-12-02,6063299.52840633
2011-12-05,6063299.52840633
2011-12-06,6063299.52840633
2011-12-07,6063299.52840633
2011-12-08,6063299.52840633
2011-12-09,6063299.52840633
2011-12-12,6063299.52840633
2011-12-13,6063299.52840633
2011-12-14,6063299.52840633
2011-12-15,6063299.52840633
2011-12-16,6063299.52840633
2011-12-19,6063299.52840633
2011-12-20,6063299.52840633
2011-12-21,6063299.52840633
2011-12-22,6063299.52840633
2011-12-23,6063299.52840633
2011-12-27,6063299.52840633
2011-12-28,6063299.52840633
2011-12-29,6063299.52840633
2011-12-30,6063299.52840633
2012-01-03,6063299.52840633
2012-01-04,6063299.52840633
2012-01-05,6063299.52840633
2012-01-06,6063299.52840633
2012-01-09,6063299.52840633
2012-01-10,6063299.52840633
2012-01-11,6063299.52840633
2012-01-12,6063299.52840633
2012-01-13,6063299.52840633
2012-01-17,6063299.52840633
2012-01-18,6063299.52840633
2012-01-19,6063299.52840633
2012-01-20,6063215.583994948
2012-01-23,6062943.935470357
2012-01-24,6062616.629557428
2012-01-25,6064688.813818962
2012-01-26,6064650.964118295
2012-01-27,6065242.803591444
2012-01-30,6064317.142678714
2012-01-31,6064787.266065407
2012-02-01,6066842.356488536
2012-02-02,6067255.106380594
2012-02-03,6069555.933426061
2012-02-06,6067175.8577339
2012-02-07,6068844.820531552
2012-02-08,6068416.825173663
2012-02-09,6068828.492274413
2012-02-10,6067730.482638758
2012-02-13,6070734.759624399
2012-02-14,6071477.771373796
2012-02-15,6068660.526917351
2012-02-16,6071876.857086055
2012-02-17,6072613.800291137
2012-02-21,6072440.051264784
2012-02-22,6072124.235532914
2012-02-23,6073453.539596422
2012-02-24,6074922.202431568
2012-02-27,6076815.470277107
2012-02-28,6077461.217819495
2012-02-29,6075035.136984912
2012-03-01,6078258.21870537
2012-03-02,6077439.591093586
2012-03-05,6078819.02290098
2012-03-06,6069115.29559066
2012-03-07,6071081.6885377765
2012-03-08,6076371.661711518
2012-03-09,6080507.303893636
2012-03-12,6081661.22460851
2012-03-13,6094439.217322037
2012-03-14,6093452.72885619
2012-03-15,6101533.765443536
2012-03-16,6102055.27555138
2012-03-19,6104196.757211752
2012-03-20,6100524.214705741
2012-03-21,6099767.0967855705
2012-03-22,6092527.620389406
2012-03-23,6093668.844718627
2012-03-26,6107506.75415605
2012-03-27,6106561.793965028
2012-03-28,6101162.016854838
2012-03-29,6099716.257333077
2012-03-30,6105257.648995696
2012-04-02,6113973.448011314
2012-04-03,6110519.272219484
2012-04-04,6098724.490688522
2012-04-05,6096224.786107614
2012-04-09,6081425.768708034
2012-04-10,6054484.864632704
2012-04-11,6069920.183954316
2012-04-12,6092002.582753837
2012-04-13,6073757.884777866
2012-04-16,6077690.388973928
2012-04-17,6108223.121914311
2012-04-18,6102105.6224520905
2012-04-19,6097054.797502111
2012-04-20,6105492.634235853
2012-04-23,6079614.51571638
2012-04-24,6089991.080227371
2012-04-25,6115887.981759921
2012-04-26,6132789.979726827
2012-04-27,6144085.618445196
2012-04-30,6130794.274664814
2012-05-01,6143683.705419825
2012-05-02,6142429.809277614
2012-05-03,6114548.637372446
2012-05-04,6076259.435990804
2012-05-07,6066505.706561853
2012-05-08,6057339.041891355
2012-05-09,6041295.668780714
2012-05-10,6047677.66739973
2012-05-11,6071482.959517105
2012-05-14,6005725.120665429
2012-05-15,5986094.67181183
2012-05-16,5960299.631739941
2012-05-17,5848259.247094043
2012-05-18,5796483.55375912
2012-05-21,5887771.77054313
2012-05-22,5897011.124986618
2012-05-23,5923038.417276918
2012-05-24,5936576.250051741
2012-05-25,5935568.959897956
2012-05-29,5989451.338803385
2012-05-30,5912890.189317129
2012-05-31,5906456.782134431
2012-06-01,5771639.709498174
2012-06-04,5760324.688925684
2012-06-05,5798140.696608037
2012-06-06,5891333.936999435
2012-06-07,5881260.248073671
2012-06-08,5918763.463329473
2012-06-11,5856910.297296488
2012-06-12,5901355.11524256
2012-06-13,5864474.828274649
2012-06-14,5904146.979219959
2012-06-15,5945091.246058584
2012-06-18,5971451.917396392
2012-06-19,6012138.023554879
2012-06-20,6005746.000343511
2012-06-21,5920813.328224505
2012-06-22,5942800.900323273
2012-06-25,5880994.610980033
2012-06-26,5901885.695427729
2012-06-27,5922316.697338633
2012-06-28,5911563.680959072
2012-06-29,6005265.092604582
2012-07-02,6018805.325565397
2012-07-03,6041349.2068946175
2012-07-05,6034554.882220025
2012-07-06,5995652.681898555
2012-07-09,5983089.322780193
2012-07-10,5948394.815210354
2012-07-11,5940937.981480691
2012-07-12,5926009.155209476
2012-07-13,5987566.560909579
2012-07-16,5978019.417729422
2012-07-17,6001518.292226884
2012-07-18,6015200.281345191
2012-07-19,6025459.948148061
2012-07-20,5974652.285621569
2012-07-23,5937169.042274446
2012-07-24,5903469.679472477
2012-07-25,5901561.735497361
2012-07-26,5946928.074505026
2012-07-27,6011320.676340377
2012-07-30,6003650.474605272
2012-07-31,5971463.13103337
2012-08-01,5950084.98727791
2012-08-02,5940659.3281870885
2012-08-03,6002613.196187814
2012-08-06,6003427.243683444
2012-08-07,6021216.776443172
2012-08-08,6013643.722381915
2012-08-09,6012437.954448192
2012-08-10,6011306.366301563
2012-08-13,6010179.797723803
2012-08-14,6011805.904524603
2012-08-15,6023694.109230585
2012-08-16,6046384.624504326
2012-08-17,6058895.091298818
2012-08-20,6052838.777369988
2012-08-21,6044997.876608876
2012-08-22,6049014.0310049895
2012-08-23,6030983.585185591
2012-08-24,6047428.418850354
2012-08-27,6049025.247038219
2012-08-28,6050335.253990831
2012-08-29,6054109.6911113085
2012-08-30,6033606.076271351
2012-08-31,6043397.188645111
2012-09-04,6051622.023778472
2012-09-05,6043246.765595666
2012-09-06,6091176.2846778575
2012-09-07,6098708.651576706
2012-09-10,6083865.9070053175
2012-09-11,6088556.479576143
2012-09-12,6098505.027511653
2012-09-13,6134768.677943534
2012-09-14,6148108.364878463
2012-09-17,6136170.132268752
2012-09-18,6127979.396061191
2012-09-19,6136522.956628602
2012-09-20,6127108.020663286
2012-09-21,6129584.854084931
2012-09-24,6131312.752910147
2012-09-25,6103673.333818461
2012-09-26,6091563.91197257
2012-09-27,6113357.607544409
2012-09-28,6110361.539348951
2012-10-01,6114484.319387561
2012-10-02,6115763.830215911
2012-10-03,6134323.137101064
2012-10-04,6156944.954493968
2012-10-05,6159122.125716739
2012-10-08,6151755.765981572
2012-10-09,6120698.2182711335
2012-10-10,6113973.757930873
2012-10-11,6114814.748526803
2012-10-12,6101570.335935489
2012-10-15,6121748.656698909
2012-10-16,6140805.494682748
2012-10-17,6149955.652724263
2012-10-18,6148572.249766598
2012-10-19,6122005.765422591
2012-10-22,6119743.127571561
2012-10-23,6070434.270023729
2012-10-24,6043321.534848321
2012-10-25,6067611.847696964
2012-10-26,6068113.809013883
2012-10-31,6094262.996247953
2012-11-01,6166216.789842445
2012-11-02,6120081.783126571
2012-11-05,6135880.115585438
2012-11-06,6179962.662317624
2012-11-07,6083663.897254375
2012-11-08,6019879.39223974
2012-11-09,6024610.248096379
2012-11-12,6025870.280911051
2012-11-13,6014499.729530848
2012-11-14,5930759.770085856
2012-11-15,5919517.937749974
2012-11-16,5957852.492252891
2012-11-19,6045034.703869055
2012-11-20,6060809.376184323
2012-11-21,6080348.112496266
2012-11-23,6135344.396709544
2012-11-26,6127935.837191208
2012-11-27,6112426.759818782
2012-11-28,6145604.69754946
2012-11-29,6170498.963044012
2012-11-30,6171637.465365937
2012-12-03,6153129.38828021
2012-12-04,6153543.835586689
2012-12-05,6160105.640698363
2012-12-06,6180444.902941461
2012-12-07,6190665.741600012
2012-12-10,6203228.835472136
2012-12-11,6235316.623144178
2012-12-12,6237424.386332951
2012-12-13,6213920.122692438
2012-12-14,6205816.973102834
2012-12-17,6266541.785281104
2012-12-18,6329804.170528463
2012-12-19,6308732.988088787
2012-12-20,6332340.131798651
2012-12-21,6295582.786247656
2012-12-24,6285626.337797103
2012-12-26,6255372.963004283
2012-12-27,6254422.914009523
2012-12-28,6209134.887709689
2012-12-31,6295274.146452934
2013-01-02,6417150.266903941
2013-01-03,6420975.300959065
2013-01-04,6452019.12955608
2013-01-07,6437454.625128735
2013-01-08,6419273.2895713495
2013-01-09,6445260.41131145
2013-01-10,6470405.651651994
2013-01-11,6471245.758000819
2013-01-14,6474978.133339801
2013-01-15,6490146.433107594
2013-01-16,6480523.534796448
2013-01-17,6526080.555415852
2013-01-18,6541346.784844684
2013-01-22,6569318.187242488
2013-01-23,6567166.222623433
2013-01-24,6608715.47369637
2013-01-25,6656334.03606846
2013-01-28,6639336.797504536
2013-01-29,6647016.85739599
2013-01-30,6627550.12313754
2013-01-31,6622990.892838017
2013-02-01,6678098.743686538
2013-02-04,6630372.98786244
2013-02-05,6679642.555513723
2013-02-06,6693498.916968529
2013-02-07,6686151.830173282
2013-02-08,6718501.692751535
2013-02-11,6710519.22940958
2013-02-12,6723309.615517394
2013-02-13,6730462.883840675
2013-02-14,6727264.683181381
2013-02-15,6722653.793847042
2013-02-19,6748422.459641393
2013-02-20,6664352.329036688
2013-02-21,6627726.813936804
2013-02-22,6681723.203283701
2013-02-25,6602449.445265238
2013-02-26,6632992.656740947
2013-02-27,6701400.750376165
2013-02-28,6703825.50879222
2013-03-01,6719685.870654789
2013-03-04,6743433.822889497
2013-03-05,6794228.44445679
2013-03-06,6794944.853031462
2013-03-07,6800703.07025791
2013-03-08,6832620.936046884
2013-03-11,6845667.036967811
2013-03-12,6828895.9677021885
2013-03-13,6841224.217574566
2013-03-14,6862565.3079163935
2013-03-15,6832996.240661901
2013-03-18,6811376.2846484585
2013-03-19,6799411.789500928
2013-03-20,6844365.155086283
2013-03-21,6801744.270231235
2013-03-22,6825084.575412241
2013-03-25,6811321.756602198
2013-03-26,6846327.572211746
2013-03-27,6857393.362577987
2013-03-28,6879155.435818998
2013-04-01,6848542.226272555
2013-04-02,6845514.525866872
2013-04-03,6790480.761432558
2013-04-04,6813941.966045366
2013-04-05,6800465.314024847
2013-04-08,6841411.290334953
2013-04-09,6851751.322667381
2013-04-10,6908470.18567866
2013-04-11,6929666.552434527
2013-04-12,6919097.354870011
2013-04-15,6802393.819903498
2013-04-16,6873254.933359638
2013-04-17,6811271.833663872
2013-04-18,6777708.343208098
2013-04-19,6821408.328376248
2013-04-22,6847027.404328271
2013-04-23,6932803.554530516
2013-04-24,6953454.917144052
2013-04-25,6997778.7974419845
2013-04-26,6975275.579074224
2013-04-29,7017531.393339246
2013-04-30,7043085.532267981
2013-05-01,6980896.247481535
2013-05-02,7048168.037866751
2013-05-03,7117266.826781984
2013-05-06,7138352.6454439815
2013-05-07,7160322.260369288
2013-05-08,7194845.302179713
2013-05-09,7181661.708035449
2013-05-10,7225973.709788774
2013-05-13,7234366.575375097
2013-05-14,7306767.014010832
2013-05-15,7344966.173624437
2013-05-16,7306650.645083756
2013-05-17,7376452.489773348
2013-05-20,7376930.896518729
2013-05-21,7379553.6670996
2013-05-22,7297660.309518471
2013-05-23,7291816.193004942
2013-05-24,7291775.411013411
2013-05-28,7334760.838944009
2013-05-29,7291047.812461141
2013-05-30,7328832.045187823
2013-05-31,7258139.935798323
2013-06-03,7259823.543756424
2013-06-04,7221543.133881178
2013-06-05,7141941.841594735
2013-06-06,7200070.9867414655
2013-06-07,7281795.754608689
2013-06-10,7282332.973379921
2013-06-11,7212508.181648727
2013-06-12,7178081.325069029
2013-06-13,7264069.158114943
2013-06-14,7235127.521724241
2013-06-17,7278578.869035404
2013-06-18,7324825.864447569
2013-06-19,7246460.500624276
2013-06-20,7097605.071029148
2013-06-21,7108457.28531902
2013-06-24,7049930.786268607
2013-06-25,7114450.3498997055
2013-06-26,7161653.922540005
2013-06-27,7222861.965915931
2013-06-28,7207951.880892233
2013-07-01,7250922.520859345
2013-07-02,7240844.737929341
2013-07-03,7238983.364612777
2013-07-05,7301339.515301361
2013-07-08,7323108.831214044
2013-07-09,7362621.6508809
2013-07-10,7363428.781500407
2013-07-11,7445267.184363459
2013-07-12,7472239.822401398
2013-07-15,7488264.291539941
2013-07-16,7466604.86128945
2013-07-17,7481234.990923445
2013-07-18,7518794.597386092
2013-07-19,7524183.43061359
2013-07-22,7540373.553646179
2013-07-23,7524522.833865185
2013-07-24,7481477.129153786
2013-07-25,7502011.637113579
2013-07-26,7498595.858328293
2013-07-29,7475469.775810796
2013-07-30,7484865.613307597
2013-07-31,7489952.098110184
2013-08-01,7580920.629657223
2013-08-02,7579387.14146014
2013-08-05,7573427.695237056
2013-08-06,7537468.1171705155
2013-08-07,7507324.600336088
2013-08-08,7542554.575307005
2013-08-09,7539368.460017733
2013-08-12,7530099.356760098
2013-08-13,7534339.01192925
2013-08-14,7504239.106714788
2013-08-15,7417295.935823111
2013-08-16,7408527.970130714
2013-08-19,7408542.535290214
2013-08-20,7408836.918667634
2013-08-21,7409064.947974879
2013-08-22,7409627.749007265
2013-08-23,7409462.202805983
2013-08-26,7408904.36519616
2013-08-27,7408097.223585728
2013-08-28,7408167.618529064
2013-08-29,7408527.599805689
2013-08-30,7408231.111171295
2013-09-03,7408820.908430118
2013-09-04,7409310.146161497
2013-09-05,7409346.584691155
2013-09-06,7409647.935059335
2013-09-09,7410429.658739149
2013-09-10,7411049.344260749
2013-09-11,7411439.152349757
2013-09-12,7411248.522409739
2013-09-13,7411794.136184538
2013-09-16,7412175.125306499
2013-09-17,7412685.7487323
2013-09-18,7413049.51189524
2013-09-19,7412666.791368048
2013-09-20,7412703.822275684
2013-09-23,7412197.29499478
2013-09-24,7411363.455800759
2013-09-25,7410915.018840654
2013-09-26,7411615.170598401
2013-09-27,7412688.625854525
2013-09-30,7410964.361326154
2013-10-01,7413877.393834086
2013-10-02,7412931.034475962
2013-10-03,7410165.695144969
2013-10-04,7413333.466502478
2013-10-07,7410250.736915345
2013-10-08,7405748.664153113
2013-10-09,7406522.4107449725
2013-10-10,7415743.222658228
2013-10-11,7447104.74008732
2013-10-14,7474428.169905031
2013-10-15,7431076.819554358
2013-10-16,7515327.467596609
2013-10-17,7572504.7534737
2013-10-18,7609477.21059578
2013-10-21,7614606.787698704
2013-10-22,7634197.345790813
2013-10-23,7614277.801880665
2013-10-24,7644411.716553094
2013-10-25,7667159.072645567
2013-10-28,7652531.757448628
2013-10-29,7693291.663835808
2013-10-30,7640510.119141991
2013-10-31,7625003.662301963
2013-11-01,7645316.767771367
2013-11-04,7683694.62218582
2013-11-05,7675507.442464065
2013-11-06,7663525.930450873
2013-11-07,7587727.861872446
2013-11-08,7664429.580595543
2013-11-11,7680963.47592396
2013-11-12,7670938.211074462
2013-11-13,7720640.589426358
2013-11-14,7744923.979836279
2013-11-15,7774629.249815025
2013-11-18,7735193.512418754
2013-11-19,7709561.525383515
2013-11-20,7691745.459933058
2013-11-21,7761163.242943657
2013-11-22,7793005.647692008
2013-11-25,7791005.788630169
2013-11-26,7806838.48950553
2013-11-27,7831874.315107785
2013-11-29,7822608.707853852
2013-12-02,7810763.458084152
2013-12-03,7784916.274878902
2013-12-04,7774998.019597297
2013-12-05,7758854.85604351
2013-12-06,7805529.064168348
2013-12-09,7811798.502266671
2013-12-10,7800428.917400429
2013-12-11,7730693.824481065
2013-12-12,7726986.121439653
2013-12-13,7744637.980716833
2013-12-16,7783344.011226249
2013-12-17,7773907.71355606
2013-12-18,7851144.840874071
2013-12-19,7841880.784598564
2013-12-20,7901354.117780725
2013-12-23,7937616.856554309
2013-12-24,7957171.655310683
2013-12-26,7977333.045933464
2013-12-27,7970405.840170215
2013-12-30,7979357.253053776
2013-12-31,7998312.733966998
2014-01-02,7949408.902977071
2014-01-03,7958851.2899375055
2014-01-06,7945791.074114208
2014-01-07,7979177.799250608
2014-01-08,7992926.326999803
2014-01-09,8009263.68539773
2014-01-10,8039454.820179981
2014-01-13,7978838.093723716
2014-01-14,8054944.307517784
2014-01-15,8077164.625705798
2014-01-16,8073571.083944135
2014-01-17,8060228.845817066
2014-01-21,8077373.936267847
2014-01-22,8088923.1551928595
2014-01-23,8059262.896454954
2014-01-24,7930249.676467386
2014-01-27,7899482.415513162
2014-01-28,7952389.511026927
2014-01-29,7906178.482518596
2014-01-30,7978209.355805174
2014-01-31,7961941.945495788
2014-02-03,7776990.930928228
2014-02-04,7836225.746784589
2014-02-05,7825472.613199019
2014-02-06,7913980.440540876
2014-02-07,8003530.493679428
2014-02-10,8020187.414491581
2014-02-11,8083877.126523755
2014-02-12,8098560.032350478
2014-02-13,8155138.967485293
2014-02-14,8185192.868821257
2014-02-18,8225626.021482883
2014-02-19,8175784.010847842
2014-02-20,8236667.986425558
2014-02-21,8237666.580332544
2014-02-24,8296177.739489251
2014-02-25,8293398.905107879
2014-02-26,8306904.385960643
2014-02-27,8344370.765063618
2014-02-28,8347533.924426256
2014-03-03,8295307.348484729
2014-03-04,8415076.269105636
2014-03-05,8417061.99475717
2014-03-06,8418071.187088441
2014-03-07,8415405.62562587
2014-03-10,8389776.229560424
2014-03-11,8348021.361189391
2014-03-12,8370788.305579913
2014-03-13,8286371.848051256
2014-03-14,8283766.080935491
2014-03-17,8344207.375367776
2014-03-18,8396375.91651954
2014-03-19,8356412.197779881
2014-03-20,8386816.035403984
2014-03-21,8350644.07115616
2014-03-24,8285828.878675575
2014-03-25,8291780.963218265
2014-03-26,8218625.824449305
2014-03-27,8198100.325340915
2014-03-28,8226704.510423111
2014-03-31,8314950.281313924
2014-04-01,8398260.892275015
2014-04-02,8420797.001594476
2014-04-03,8379648.948785864
2014-04-04,8250812.111220651
2014-04-07,8138532.335806491
2014-04-08,8177237.873596253
2014-04-09,8267157.225620169
2014-04-10,8081620.8551729405
2014-04-11,7993824.6529236175
2014-04-14,8033489.033108882
2014-04-15,8067179.965248899
2014-04-16,8159226.905382212
2014-04-17,8177248.178014032
2014-04-21,8208103.172158489
2014-04-22,8269356.355146774
2014-04-23,8252650.993740859
2014-04-24,8250112.520600066
2014-04-25,8156769.793115703
2014-04-28,8143793.743197307
2014-04-29,8181767.762820736
2014-04-30,8212877.711887852
2014-05-01,8228375.506969618
2014-05-02,8227268.538877047
2014-05-05,8240723.435271743
2014-05-06,8179970.864869546
2014-05-07,8218504.197929911
2014-05-08,8191034.065356867
2014-05-09,8207495.642650588
2014-05-12,8291970.012024511
2014-05-13,8279527.941012159
2014-05-14,8242764.644460503
2014-05-15,8189712.260259582
2014-05-16,8216130.037484495
2014-05-19,8246638.005993325
2014-05-20,8197937.680421741
2014-05-21,8242586.824748757
2014-05-22,8270299.23022578
2014-05-23,8307583.852474904
2014-05-27,8355039.464495817
2014-05-28,8351307.339528368
2014-05-29,8380567.114811206
2014-05-30,8385882.90869279
2014-06-02,8394361.786754802
2014-06-03,8395074.603248267
2014-06-04,8426690.336639391
2014-06-05,8477188.640340954
2014-06-06,8514309.11224651
2014-06-09,8520730.060724989
2014-06-10,8510726.223072393
2014-06-11,8487999.686352689
2014-06-12,8437172.166132811
2014-06-13,8458524.452465246
2014-06-16,8469223.461902756
2014-06-17,8496266.537855458
2014-06-18,8542055.276838524
2014-06-19,8552148.070262214
2014-06-20,8569136.583303012
2014-06-23,8562777.878448788
2014-06-24,8516981.776831497
2014-06-25,8555385.866254563
2014-06-26,8549509.856444811
2014-06-27,8565891.306053832
2014-06-30,8580154.052018939
2014-07-01,8622743.678199533
2014-07-02,8598559.888065882
2014-07-03,8630467.538106084
2014-07-07,8583764.092111778
2014-07-08,8538033.150797294
2014-07-09,8564568.878228042
2014-07-10,8547557.640460663
2014-07-11,8556264.931518713
2014-07-14,8578438.6974789
2014-07-15,8563051.208039057
2014-07-16,8578937.805854969
2014-07-17,8501684.444280567
2014-07-18,8570150.33938124
2014-07-21,8558249.296266403
2014-07-22,8591623.237841582
2014-07-23,8595115.44556601
2014-07-24,8594270.946146684
2014-07-25,8560030.094539588
2014-07-28,8557248.945814906
2014-07-29,8525402.334697444
2014-07-30,8543181.460866852
2014-07-31,8426338.83089798
2014-08-01,8414971.788847862
2014-08-04,8456508.738935158
2014-08-05,8417396.04355176
2014-08-06,8417028.317636639
2014-08-07,8406034.115894439
2014-08-08,8454569.100598557
2014-08-11,8493143.6698104
2014-08-12,8477757.843217282
2014-08-13,8544078.943555493
2014-08-14,8578352.040441537
2014-08-15,8583282.873156466
2014-08-18,8663393.463413412
2014-08-19,8694579.475524962
2014-08-20,8714063.050874306
2014-08-21,8727322.647415921
2014-08-22,8719717.586244086
2014-08-25,8753706.32480916
2014-08-26,8765490.516248452
2014-08-27,8762380.915254332
2014-08-28,8746276.924896682
2014-08-29,8790972.487747435
2014-09-02,8814266.28036185
2014-09-03,8808985.420456154
2014-09-04,8792075.090465631
2014-09-05,8824744.00170578
2014-09-08,8822256.359833539
2014-09-09,8769641.218915718
2014-09-10,8800783.934244059
2014-09-11,8814292.908420157
2014-09-12,8771456.99319111
2014-09-15,8733305.362765914
2014-09-16,8794556.691082077
2014-09-17,8812635.836556323
2014-09-18,8850078.478455694
2014-09-19,8828697.561819276
2014-09-22,8747122.037104866
2014-09-23,8694518.709479518
2014-09-24,8758825.693478813
2014-09-25,8643854.15900071
2014-09-26,8706473.36632144
2014-09-29,8704931.86478131
2014-09-30,8668495.861005884
2014-10-01,8564453.033392482
2014-10-02,8578595.864472656
2014-10-03,8656386.26031801
2014-10-06,8626460.456256613
2014-10-07,8503390.360214157
2014-10-08,8631209.84185698
2014-10-09,8471918.574496156
2014-10-10,8351798.917895381
2014-10-13,8326690.311647629
2014-10-14,8336698.838861699
2014-10-15,8338694.764643557
2014-10-16,8356749.135815655
2014-10-17,8369055.172641776
2014-10-20,8384216.199873183
2014-10-21,8404974.376067208
2014-10-22,8391613.052435666
2014-10-23,8411067.689515548
2014-10-24,8419009.874253167
2014-10-27,8420964.696074298
2014-10-28,8440587.773454877
2014-10-29,8437210.626552474
2014-10-30,8439944.68477228
2014-10-31,8454343.205473673
2014-11-03,8448588.988264915
2014-11-04,8436628.472510304
2014-11-05,8435303.328188948
2014-11-06,8444635.463875296
2014-11-07,8445136.994125614
2014-11-10,8450848.651114056
2014-11-11,8454544.740417955
2014-11-12,8453986.163475286
2014-11-13,8451505.901535071
2014-11-14,8448117.816039708
2014-11-17,8445011.599844808
2014-11-18,8456279.216918476
2014-11-19,8450267.12379685
2014-11-20,8457861.689401865
2014-11-21,8465487.353999423
2014-11-24,8473442.16947141
2014-11-25,8474023.617120164
2014-11-26,8476219.02169886
2014-11-28,8471802.848396244
2014-12-01,8452432.26580581
2014-12-02,8459181.92083479
2014-12-03,8473077.28519522
2014-12-04,8469766.752831345
2014-12-05,8478626.111031359
2014-12-08,8458820.621599544
2014-12-09,8463637.314660182
2014-12-10,8429521.602153508
2014-12-11,8433371.759138959
2014-12-12,8418717.290016541
2014-12-15,8414431.727448046
2014-12-16,8404089.208677938
2014-12-17,8435964.954384264
2014-12-18,8466036.47031594
2014-12-19,8469854.73224644
2014-12-22,8479153.453119684
2014-12-23,8489841.58801288
2014-12-24,8489655.508141087
2014-12-26,8495582.150379434
2014-12-29,8497206.122610027
2014-12-30,8487955.27830943
2014-12-31,8474924.690915674
2015-01-02,8473728.32234585
2015-01-05,8442720.759013968
2015-01-06,8426647.671915153
2015-01-07,8442397.999504674
2015-01-08,8468691.24951354
2015-01-09,8453162.465696633
2015-01-12,8446719.266683409
2015-01-13,8442735.390005656
2015-01-14,8436730.403393475
2015-01-15,8422424.4602954
2015-01-16,8434549.732686574
2015-01-20,8432019.992331175
2015-01-21,8438443.723800885
2015-01-22,8459213.132853653
2015-01-23,8462860.352184895
2015-01-26,8472457.784625396
2015-01-27,8463679.16399959
2015-01-28,8447962.28665381
2015-01-29,8462543.209979057
2015-01-30,8439423.029953167
2015-02-02,8454923.398354989
2015-02-03,8479945.722214738
2015-02-04,8480801.672868967
2015-02-05,8496702.654716903
2015-02-06,8483711.420073235
2015-02-09,8472027.263893748
2015-02-10,8492185.978012858
2015-02-11,8489607.211635092
2015-02-12,8514319.051372834
2015-02-13,8519305.373520244
2015-02-17,8519400.961934665
2015-02-18,8535403.802023266
2015-02-19,8533868.080101008
2015-02-20,8549503.382270623
2015-02-23,8553692.300592268
2015-02-24,8554854.564438805
2015-02-25,8548979.082774913
2015-02-26,8543591.267455785
2015-02-27,8535710.0720016
2015-03-02,8549688.417880582
2015-03-03,8537820.509070693
2015-03-04,8525249.445632305
2015-03-05,8536474.523724848
2015-03-06,8493983.382775044
2015-03-09,8507555.69213871
2015-03-10,8474243.269138632
2015-03-11,8475599.310622798
2015-03-12,8519060.344710909
2015-03-13,8487677.584282018
2015-03-16,8595028.079937441
2015-03-17,8577883.556206958
2015-03-18,8657244.582808165
2015-03-19,8649312.67893065
2015-03-20,8714589.075512689
2015-03-23,8692910.243667591
2015-03-24,8661783.714261236
2015-03-25,8528640.777991524
2015-03-26,8505022.980956452
2015-03-27,8541901.930730727
2015-03-30,8647831.355009478
2015-03-31,8593596.174005058
2015-04-01,8564643.979135403
2015-04-02,8586913.086190784
2015-04-06,8633788.194579815
2015-04-07,8598941.019909998
2015-04-08,8647053.506167194
2015-04-09,8665370.350837022
2015-04-10,8704588.857847089
2015-04-13,8676350.943407334
2015-04-14,8681124.32281162
2015-04-15,8722621.25953528
2015-04-16,8742134.479432993
2015-04-17,8646334.751020445
2015-04-20,8713018.366857557
2015-04-21,8721913.309800256
2015-04-22,8741036.442678243
2015-04-23,8761687.861032393
2015-04-24,8753314.559601307
2015-04-27,8694222.767491614
2015-04-28,8693057.778008094
2015-04-29,8674719.105910014
2015-04-30,8589217.747183826
2015-05-01,8691872.228407733
2015-05-04,8714597.328298775
2015-05-05,8621168.88731857
2015-05-06,8598243.355602399
2015-05-07,8648758.047580004
2015-05-08,8739901.696416272
2015-05-11,8727546.322272494
2015-05-12,8704681.588308142
2015-05-13,8703315.278586254
2015-05-14,8785327.49346881
2015-05-15,8806031.85811685
2015-05-18,8853641.817890108
2015-05-19,8852283.762564713
2015-05-20,8842450.46525418
2015-05-21,8857645.776797194
2015-05-22,8846216.230828486
2015-05-26,8775104.332450736
2015-05-27,8844871.408935433
2015-05-28,8825078.780912157
2015-05-29,8787592.694435304
2015-06-01,8807117.232591737
2015-06-02,8804241.601254366
2015-06-03,8824352.288994106
2015-06-04,8761426.600940691
2015-06-05,8784846.90059442
2015-06-08,8733258.683937052
2015-06-09,8735183.157195868
2015-06-10,8827145.228649098
2015-06-11,8853359.46911171
2015-06-12,8816704.865458952
2015-06-15,8787249.499876393
2015-06-16,8817960.472926581
2015-06-17,8841521.981800197
2015-06-18,8921865.293024778
2015-06-19,8894041.659085752
2015-06-22,8934188.38474625
2015-06-23,8930235.756213462
2015-06-24,8868628.048471022
2015-06-25,8858829.229002448
2015-06-26,8856191.358624605
2015-06-29,8720228.857440284
2015-06-30,8755576.993596984
2015-07-01,8790133.217106985
2015-07-02,8790014.13220133
2015-07-06,8782308.439233826
2015-07-07,8828901.847829359
2015-07-08,8706227.505631328
2015-07-09,8733383.93441949
2015-07-10,8824887.773255322
2015-07-13,8898974.563187204
2015-07-14,8931708.965504978
2015-07-15,8910888.619838515
2015-07-16,8963080.91353185
2015-07-17,8955183.563322783
2015-07-20,8959611.29750948
2015-07-21,8925337.297497403
2015-07-22,8936801.453145431
2015-07-23,8896321.998491775
2015-07-24,8837231.575776398
2015-07-27,8789633.736967083
2015-07-28,8857930.591015004
2015-07-29,8904058.095820108
2015-07-30,8914670.651045121
2015-07-31,8938882.89088544
2015-08-03,8932641.11871403
2015-08-04,8932271.517034879
2015-08-05,8965511.683179552
2015-08-06,8902379.223938713
2015-08-07,8897268.061004832
2015-08-10,8947673.682231268
2015-08-11,8910688.260865383
2015-08-12,8905819.748706594
2015-08-13,8919410.308757996
2015-08-14,8953531.649734445
2015-08-17,8991262.604107944
2015-08-18,8972988.036972607
2015-08-19,8937511.121634226
2015-08-20,8799883.242208036
2015-08-21,8641030.868568229
2015-08-24,8641030.868568229
2015-08-25,8641030.868568229
2015-08-26,8641030.868568229
2015-08-27,8641030.868568229
2015-08-28,8641030.868568229
2015-08-31,8641030.868568229
2015-09-01,8641030.868568229
2015-09-02,8641030.868568229
2015-09-03,8641030.868568229
2015-09-04,8641030.868568229
2015-09-08,8641030.868568229
2015-09-09,8641030.868568229
2015-09-10,8641030.868568229
2015-09-11,8641030.868568229
2015-09-14,8641030.868568229
2015-09-15,8641030.868568229
2015-09-16,8641030.868568229
2015-09-17,8641030.868568229
2015-09-18,8641030.868568229
2015-09-21,8641030.868568229
2015-09-22,8641030.868568229
2015-09-23,8641030.868568229
2015-09-24,8641030.868568229
2015-09-25,8641030.868568229
2015-09-28,8641030.868568229
2015-09-29,8641030.868568229
2015-09-30,8641030.868568229
2015-10-01,8641030.868568229
2015-10-02,8641030.868568229
2015-10-05,8641030.868568229
2015-10-06,8641030.868568229
2015-10-07,8641030.868568229
2015-10-08,8641030.868568229
2015-10-09,8641030.868568229
2015-10-12,8641030.868568229
2015-10-13,8641030.868568229
2015-10-14,8641030.868568229
2015-10-15,8641030.868568229
2015-10-16,8641030.868568229
2015-10-19,8641030.868568229
2015-10-20,8641030.868568229
2015-10-21,8641030.868568229
2015-10-22,8641030.868568229
2015-10-23,8641030.868568229
2015-10-26,8641030.868568229
2015-10-27,8641030.868568229
2015-10-28,8641030.868568229
2015-10-29,8641030.868568229
2015-10-30,8641030.868568229
2015-11-02,8641030.868568229
2015-11-03,8641030.868568229
2015-11-04,8641030.868568229
2015-11-05,8641030.868568229
2015-11-06,8641030.868568229
2015-11-09,8641030.868568229
2015-11-10,8641030.868568229
2015-11-11,8641030.868568229
2015-11-12,8641030.868568229
2015-11-13,8641030.868568229
2015-11-16,8641030.868568229
2015-11-17,8641030.868568229
2015-11-18,8641030.868568229
2015-11-19,8641030.868568229
2015-11-20,8641030.868568229
2015-11-23,8641030.868568229
2015-11-24,8641030.868568229
2015-11-25,8641030.868568229
2015-11-27,8641030.868568229
2015-11-30,8641030.868568229
2015-12-01,8641030.868568229
2015-12-02,8641030.868568229
2015-12-03,8641030.868568229
2015-12-04,8641030.868568229
2015-12-07,8641030.868568229
2015-12-08,8641030.868568229
2015-12-09,8641030.868568229
2015-12-10,8641030.868568229
2015-12-11,8641030.868568229
2015-12-14,8641030.868568229
2015-12-15,8641030.868568229
2015-12-16,8641030.868568229
2015-12-17,8641030.868568229
2015-12-18,8641030.868568229
2015-12-21,8641030.868568229
2015-12-22,8641030.868568229
2015-12-23,8641030.868568229
2015-12-24,8641030.868568229
2015-12-28,8641030.868568229
2015-12-29,8641030.868568229
2015-12-30,8641030.868568229
2015-12-31,8641030.868568229
2016-01-04,8641030.868568229
2016-01-05,8641030.868568229
2016-01-06,8641030.868568229
2016-01-07,8641030.868568229
2016-01-08,8641030.868568229
2016-01-11,8641030.868568229
2016-01-12,8641030.868568229
2016-01-13,8641030.868568229
2016-01-14,8641030.868568229
2016-01-15,8641030.868568229
2016-01-19,8641030.868568229
2016-01-20,8641030.868568229
2016-01-21,8641030.868568229
2016-01-22,8641030.868568229
2016-01-25,8641030.868568229
2016-01-26,8641030.868568229
2016-01-27,8641030.868568229
2016-01-28,8641030.868568229
2016-01-29,8641030.868568229
2016-02-01,8641030.868568229
2016-02-02,8641030.868568229
2016-02-03,8641030.868568229
2016-02-04,8641030.868568229
2016-02-05,8641030.868568229
2016-02-08,8641030.868568229
2016-02-09,8641030.868568229
2016-02-10,8641030.868568229
2016-02-11,8641030.868568229
2016-02-12,8641030.868568229
2016-02-16,8641030.868568229
2016-02-17,8641030.868568229
2016-02-18,8641030.868568229
2016-02-19,8641030.868568229
2016-02-22,8641030.868568229
2016-02-23,8641030.868568229
2016-02-24,8641030.868568229
2016-02-25,8641030.868568229
2016-02-26,8641030.868568229
2016-02-29,8641030.868568229
2016-03-01,8641030.868568229
2016-03-02,8641030.868568229
2016-03-03,8641030.868568229
2016-03-04,8641030.868568229
2016-03-07,8641030.868568229
2016-03-08,8641030.868568229
2016-03-09,8641030.868568229
2016-03-10,8641030.868568229
2016-03-11,8641131.156297006
2016-03-14,8640947.290809786
2016-03-15,8641379.102540806
2016-03-16,8641365.184695913
2016-03-17,8641273.251952304
2016-03-18,8641702.276854895
2016-03-21,8641728.743576333
2016-03-22,8641751.03820375
2016-03-23,8641837.397290505
2016-03-24,8641731.53040476
2016-03-28,8641826.249976797
2016-03-29,8642076.983049024
2016-03-30,8642362.543327969
2016-03-31,8642246.93069135
2016-04-01,8642582.63758474
2016-04-04,8642703.823878214
2016-04-05,8642855.648987142
2016-04-06,8642831.969094133
2016-04-07,8642616.063228624
2016-04-08,8642618.85005705
2016-04-11,8642471.197042141
2016-04-12,8642567.301879771
2016-04-13,8642696.848658524
2016-04-14,8642557.556128897
2016-04-15,8642801.330278678
2016-04-18,8642928.090229005
2016-04-19,8642760.929415107
2016-04-20,8642759.544149514
2016-04-21,8642539.449892743
2016-04-22,8642643.915215652
2016-04-25,8642641.128387226
2016-04-26,8643036.727645935
2016-04-27,8643514.513897382
2016-04-28,8643320.902659288
2016-04-29,8643411.450137306
2016-05-02,8643696.994119009
2016-05-03,8643876.687512208
2016-05-04,8644009.02111939
2016-05-05,8644201.247091891
2016-05-06,8644503.5283414
2016-05-09,8644577.354848854
2016-05-10,8644967.380450709
2016-05-11,8644534.167156855
2016-05-12,8645043.99378659
2016-05-13,8644486.807370836
2016-05-16,8644730.581520617
2016-05-17,8644433.873927964
2016-05-18,8644509.101998253
2016-05-19,8644081.462361252
2016-05-20,8644311.302368898
2016-05-23,8644233.28747018
2016-05-24,8644584.3137713
2016-05-25,8644535.568719689
2016-05-26,8644482.635276817
2016-05-27,8644548.10129899
2016-05-31,8644304.327149209
2016-06-01,8644513.274092272
2016-06-02,8644528.65868897
2016-06-03,8645932.207940467
2016-06-06,8644563.547413763
2016-06-07,8644574.335050661
2016-06-08,8644198.648109052
2016-06-09,8645243.943603683
2016-06-10,8644947.843102895
2016-06-13,8643016.868555056
2016-06-14,8642535.705187267
2016-06-15,8643842.675129285
2016-06-16,8645347.190586375
2016-06-17,8637640.754966
2016-06-20,8642712.245557968
2016-06-21,8643737.473018408
2016-06-22,8642296.422686186
2016-06-23,8653588.579505347
2016-06-24,8692310.62924307
2016-06-27,8489658.435350355
2016-06-28,8641964.472936528
2016-06-29,8797483.597120715
2016-06-30,8903850.756546993
2016-07-01,8925373.590349164
2016-07-05,8863521.65447693
2016-07-06,8892773.164189635
2016-07-07,8895367.30871967
2016-07-08,9043943.174199697
2016-07-11,9084447.900214791
2016-07-12,9174408.634895634
2016-07-13,9169663.48393745
2016-07-14,9208977.193498662
2016-07-15,9201498.07802526
2016-07-18,9237106.235736294
2016-07-19,9191130.917216493
2016-07-20,9249019.522650888
2016-07-21,9215753.577041728
2016-07-22,9281768.887418743
2016-07-25,9263903.92604965
2016-07-26,9316068.87403772
2016-07-27,9298082.17079814
2016-07-28,9329262.488886518
2016-07-29,9342261.905053956
2016-08-01,9323538.996443853
2016-08-02,9245588.773689486
2016-08-03,9290091.89216584
2016-08-04,9314275.140687969
2016-08-05,9433239.77358995
2016-08-08,9427385.130472578
2016-08-09,9425513.612821575
2016-08-10,9395312.34924478
2016-08-11,9441417.01251014
2016-08-12,9440250.091957573
2016-08-15,9486364.9899874
2016-08-16,9430292.241603613
2016-08-17,9437950.164044132
2016-08-18,9478737.112101514
2016-08-19,9478942.296312485
2016-08-22,9480571.495788245
2016-08-23,9508812.725232828
2016-08-24,9447010.271214925
2016-08-25,9447747.682757612
2016-08-26,9427446.0810755
2016-08-29,9467348.788523436
2016-08-30,9461654.269399004
2016-08-31,9435200.803937688
2016-09-01,9445855.115632152
2016-09-02,9481193.92565323
2016-09-06,9505095.96589616
2016-09-07,9529142.385106605
2016-09-08,9517666.1307926
2016-09-09,9290537.49041692
2016-09-12,9413023.235961623
2016-09-13,9283773.017342376
2016-09-14,9286355.052945362
2016-09-15,9369429.164516872
2016-09-16,9341247.152738314
2016-09-19,9368125.020486152
2016-09-20,9361557.249841332
2016-09-21,9464652.315955386
2016-09-22,9532031.459065031
2016-09-23,9488032.328970006
2016-09-26,9424819.070883565
2016-09-27,9482198.018631896
2016-09-28,9501835.477710037
2016-09-29,9408880.003279218
2016-09-30,9489220.92925459
2016-10-03,9463340.610825364
2016-10-04,9422548.326357543
2016-10-05,9478556.052674703
2016-10-06,9447511.092137374
2016-10-07,9397532.092109114
2016-10-10,9442365.215838777
2016-10-11,9314304.525184205
2016-10-12,9309144.385252552
2016-10-13,9284332.580569975
2016-10-14,9277923.3854902
2016-10-17,9247829.21857014
2016-10-18,9337117.435345056
2016-10-19,9382494.75830801
2016-10-20,9369521.113307863
2016-10-21,9368686.900799353
2016-10-24,9411290.889798878
2016-10-25,9371643.00884162
2016-10-26,9347104.922855986
2016-10-27,9308845.721420033
2016-10-28,9314567.367296249
2016-10-31,9330470.571415516
2016-11-01,9253051.191588538
2016-11-02,9176989.652336588
2016-11-03,9145875.206315918
2016-11-04,9147103.55209024
2016-11-07,9344930.66003038
2016-11-08,9386661.461323414
2016-11-09,9472210.513216691
2016-11-10,9509150.21391316
2016-11-11,9534663.046696668
2016-11-14,9598223.9485174
2016-11-15,9653003.910984492
2016-11-16,9629040.904221348
2016-11-17,9689381.02479769
2016-11-18,9683378.468809929
2016-11-21,9735141.949605376
2016-11-22,9761699.049096623
2016-11-23,9806871.060358452
2016-11-25,9840174.023153944
2016-11-28,9768795.683288705
2016-11-29,9778325.196156418
2016-11-30,9762129.441812187
2016-12-01,9722564.045182468
2016-12-02,9725089.96902685
2016-12-05,9784482.547568165
2016-12-06,9840229.786492549
2016-12-07,9967210.641008005
2016-12-08,10005498.892675703
2016-12-09,10014192.768216874
2016-12-12,9974148.01348812
2016-12-13,10014525.419304991
2016-12-14,9937264.448241271
2016-12-15,9984652.795992097
2016-12-16,9963147.59640184
2016-12-19,9980675.670257978
2016-12-20,10022507.438564643
2016-12-21,10003244.703518754
2016-12-22,9968384.498229925
2016-12-23,9997089.565533
2016-12-27,10024331.931737524
2016-12-28,9934910.905671887
2016-12-29,9931805.032653635
2016-12-30,9894834.81464942
2017-01-03,9962763.711312689
2017-01-04,10053950.435547331
2017-01-05,10046188.670221535
2017-01-06,10078022.456693435
2017-01-09,10049032.185770448
2017-01-10,10070939.833403148
2017-01-11,10088008.884760924
2017-01-12,10073286.384223504
2017-01-13,10124243.429458778
2017-01-17,10091856.396733616
2017-01-18,10117957.968530206
2017-01-19,10094763.848977424
2017-01-20,10113950.417826634
2017-01-23,10096617.82934825
2017-01-24,10181956.31656636
2017-01-25,10241029.69054515
2017-01-26,10225260.99135052
2017-01-27,10224060.51522782
2017-01-30,10139821.055980723
2017-01-31,10151851.434543809
2017-02-01,10152130.506274858
2017-02-02,10172824.231978582
2017-02-03,10228039.893098203
2017-02-06,10212723.383735709
2017-02-07,10215894.28169363
2017-02-08,10229447.96658864
2017-02-09,10290829.276055807
2017-02-10,10324036.85001705
2017-02-13,10354773.809811467
2017-02-14,10373375.429323014
2017-02-15,10411475.87280172
2017-02-16,10385507.188452171
2017-02-17,10404051.965435954
2017-02-21,10444666.144923272
2017-02-22,10415929.017540332
2017-02-23,10387029.839808108
2017-02-24,10412947.6872077
2017-02-27,10442883.702201774
2017-02-28,10410766.58218718
2017-03-01,10510837.957466638
2017-03-02,10448448.595056096
2017-03-03,10462624.332192538
2017-03-06,10439910.964055443
2017-03-07,10409186.83454363
2017-03-08,10391637.41186948
2017-03-09,10385075.221532008
2017-03-10,10419377.652871532
2017-03-13,10438140.900969826
2017-03-14,10395512.904712245
2017-03-15,10480291.29205318
2017-03-16,10462744.87512058
2017-03-17,10469955.411930678
2017-03-20,10458654.053969448
2017-03-21,10331424.769348182
2017-03-22,10361657.699433306
2017-03-23,10364315.928247644
2017-03-24,10396516.356058251
2017-03-27,10396814.548027784
2017-03-28,10468689.252418904
2017-03-29,10484724.0818348
2017-03-30,10519877.287968118
2017-03-31,10514980.8758943
2017-04-03,10485433.066316986
2017-04-04,10479091.550163455
2017-04-05,10430285.098491186
2017-04-06,10470637.04056548
2017-04-07,10458379.736102646
2017-04-10,10473985.403090082
2017-04-11,10466077.40290145
2017-04-12,10405222.964619396
2017-04-13,10348936.866893409
2017-04-17,10427095.84870251
2017-04-18,10402323.259616
2017-04-19,10402410.489463376
2017-04-20,10478338.104802618
2017-04-21,10452694.653817313
2017-04-24,10546416.499648828
2017-04-25,10615317.95150922
2017-04-26,10609914.004428856
2017-04-27,10633962.359150724
2017-04-28,10601842.409777774
2017-05-01,10635224.154291164
2017-05-02,10635954.16170548
2017-05-03,10602105.341494543
2017-05-04,10630443.376760466
2017-05-05,10686709.61337098
2017-05-08,10656492.378364105
2017-05-09,10674958.14789233
2017-05-10,10705437.581156604
2017-05-11,10678738.517907614
2017-05-12,10655812.213974545
2017-05-15,10707833.433703892
2017-05-16,10707893.287793463
2017-05-17,10538941.686982725
2017-05-18,10572779.658690628
2017-05-19,10630120.327563705
2017-05-22,10683313.58057425
2017-05-23,10697551.814706117
2017-05-24,10721921.50211876
2017-05-25,10774060.312566264
2017-05-26,10769992.570171092
2017-05-30,10749463.927963968
2017-05-31,10756948.06085241
2017-06-01,10833908.817041457
2017-06-02,10869161.205725024
2017-06-05,10861055.047540564
2017-06-06,10851529.664857209
2017-06-07,10873768.451933932
2017-06-08,10892634.049176857
2017-06-09,10864295.324770434
2017-06-12,10845721.566444583
2017-06-13,10904524.554348849
2017-06-14,10887328.108791016
2017-06-15,10876008.639823958
2017-06-16,10883146.196284767
2017-06-19,10947498.076037392
2017-06-20,10896625.6698308
2017-06-21,10899044.885573111
2017-06-22,10895571.685129743
2017-06-23,10922500.819394289
2017-06-26,10916422.499975637
2017-06-27,10846082.173390446
2017-06-28,10938741.979959058
2017-06-29,10873337.332902309
2017-06-30,10886022.004972575
2017-07-03,10886944.121723289
2017-07-05,10904810.842708107
2017-07-06,10845690.950908748
2017-07-07,10906707.995410448
2017-07-10,10907342.36042704
2017-07-11,10914267.033150677
2017-07-12,11007467.726671696
2017-07-13,11018969.861240938
2017-07-14,11077129.82791458
2017-07-17,11053440.35269134
2017-07-18,11096185.961798117
2017-07-19,11145258.772143606
2017-07-20,11142550.810479335
2017-07-21,11156067.064394686
2017-07-24,11171835.647848569
2017-07-25,11191830.656823788
2017-07-26,11196559.13557806
2017-07-27,11127659.271231793
2017-07-28,11126948.61827436
2017-07-31,11099359.414217548
2017-08-01,11106566.95379051
2017-08-02,11101459.329550862
2017-08-03,11084281.10606156
2017-08-04,11108570.140386324
2017-08-07,11133490.382663157
2017-08-08,11096373.28626818
2017-08-09,11064999.62346213
2017-08-10,10901538.362775998
2017-08-11,10918795.101508226
2017-08-14,11033518.019973723
2017-08-15,11029743.948014172
2017-08-16,11054943.352296343
2017-08-17,10899078.648864338
2017-08-18,10899035.624668283
2017-08-21,10914567.444500117
2017-08-22,11022414.20532392
2017-08-23,11001745.633821093
2017-08-24,10991512.32139341
2017-08-25,11008308.804790176
2017-08-28,11011793.848248072
2017-08-29,11022346.615061669
2017-08-30,11095941.303586747
2017-08-31,11166494.338192135
2017-09-01,11207112.644171786
2017-09-05,11213537.04164761
2017-09-06,11239043.998001186
2017-09-07,11232455.168304326
2017-09-08,11231535.638297277
2017-09-11,11357413.894350892
2017-09-12,11385408.68910706
2017-09-13,11352332.55661676
2017-09-14,11347936.078562586
2017-09-15,11362928.160340697
2017-09-18,11403452.107067663
2017-09-19,11409068.304407172
2017-09-20,11446432.749977509
2017-09-21,11431980.65670324
2017-09-22,11442793.326365642
2017-09-25,11383268.577107595
2017-09-26,11389469.0200043
2017-09-27,11466646.032114744
2017-09-28,11479482.465157634
2017-09-29,11531775.747986935
2017-10-02,11574750.179922927
2017-10-03,11602544.987681763
2017-10-04,11638637.956891268
2017-10-05,11694481.559146656
2017-10-06,11704267.148430774
2017-10-09,11674647.882708086
2017-10-10,11699129.717553472
2017-10-11,11709260.280713871
2017-10-12,11699529.647314427
2017-10-13,11712729.365494668
2017-10-16,11714485.803332474
2017-10-17,11693671.376940612
2017-10-18,11710404.233205518
2017-10-19,11714801.097074188
2017-10-20,11786272.204769818
2017-10-23,11754540.632825242
2017-10-24,11787883.21177882
2017-10-25,11730131.263687484
2017-10-26,11769991.60109035
2017-10-27,11814486.29493604
2017-10-30,11766766.28363762
2017-10-31,11805185.8578958
2017-11-01,11803050.686648928
2017-11-02,11815541.302563537
2017-11-03,11868155.312207349
2017-11-06,11891762.641600396
2017-11-07,11871771.552806469
2017-11-08,11886560.765618432
2017-11-09,11805565.357022855
2017-11-10,11817515.949481748
2017-11-13,11840361.717407536
2017-11-14,11849722.353468666
2017-11-15,11786929.26229904
2017-11-16,11878665.634106573
2017-11-17,11865244.242377236
2017-11-20,11912153.33921452
2017-11-21,11966600.88077156
2017-11-22,11961425.839508483
2017-11-24,11977427.817035375
2017-11-27,11952256.671733242
2017-11-28,12039834.663480245
2017-11-29,12009967.873459626
2017-11-30,12082580.50983406
2017-12-01,12043718.089545729
2017-12-04,12029662.7529086
2017-12-05,11989967.840888254
2017-12-06,11985216.249829303
2017-12-07,12040548.739064235
2017-12-08,12091143.693911256
2017-12-11,12090282.23733461
2017-12-12,12071014.547039991
2017-12-13,12078602.194326611
2017-12-14,12035828.302187735
2017-12-15,12108863.160863107
2017-12-18,12164668.233826129
2017-12-19,12143208.700239943
2017-12-20,12158372.078473406
2017-12-21,12161685.265610438
2017-12-22,12221351.781147571
2017-12-26,12215111.176078182
2017-12-27,12239349.55783938
2017-12-28,12264730.877891084
2017-12-29,12226605.18137684
2018-01-02,12308125.60230202
2018-01-03,12355592.603156472
2018-01-04,12381575.11854604
2018-01-05,12431995.910262566
2018-01-08,12468550.024077758
2018-01-09,12487049.488230698
2018-01-10,12480478.561708797
2018-01-11,12573294.681101268
2018-01-12,12626920.406648036
2018-01-16,12567874.287165135
2018-01-17,12633863.366849829
2018-01-18,12627793.73693451
2018-01-19,12693275.917282607
2018-01-22,12749496.708719108
2018-01-23,12809377.110955693
2018-01-24,12817506.612353137
2018-01-25,12817569.319250606
2018-01-26,12907948.253906794
2018-01-29,12879583.676980086
2018-01-30,12776110.58042168
2018-01-31,12756873.078769188
2018-02-01,12764987.650064437
2018-02-02,12606048.210769683
2018-02-05,12339993.209581804
2018-02-06,12439692.96879783
2018-02-07,12417742.793088457
2018-02-08,12150278.310533589
2018-02-09,12231379.209259707
2018-02-12,12231379.209259707
2018-02-13,12231379.209259707
2018-02-14,12231379.209259707
2018-02-15,12231379.209259707
2018-02-16,12231379.209259707
2018-02-20,12231379.209259707
2018-02-21,12231379.209259707
2018-02-22,12231379.209259707
2018-02-23,12231379.209259707
2018-02-26,12231379.209259707
2018-02-27,12231379.209259707
2018-02-28,12231379.209259707
2018-03-01,12231379.209259707
2018-03-02,12231379.209259707
2018-03-05,12231379.209259707
2018-03-06,12231379.209259707
2018-03-07,12231379.209259707
2018-03-08,12231379.209259707
2018-03-09,12231379.209259707
2018-03-12,12231379.209259707
2018-03-13,12231379.209259707
2018-03-14,12231379.209259707
2018-03-15,12231379.209259707
2018-03-16,12231379.209259707
2018-03-19,12231379.209259707
2018-03-20,12231379.209259707
2018-03-21,12231379.209259707
2018-03-22,12231379.209259707
2018-03-23,12231379.209259707
2018-03-26,12231379.209259707
2018-03-27,12231379.209259707
2018-03-28,12231379.209259707
2018-03-29,12231379.209259707
2018-04-02,12231379.209259707
2018-04-03,12231379.209259707
2018-04-04,12231379.209259707
2018-04-05,12231379.209259707
2018-04-06,12231379.209259707
2018-04-09,12231379.209259707
2018-04-10,12231379.209259707
2018-04-11,12231379.209259707
2018-04-12,12231379.209259707
2018-04-13,12231379.209259707
2018-04-16,12231379.209259707
2018-04-17,12231379.209259707
2018-04-18,12231379.209259707
2018-04-19,12231379.209259707
2018-04-20,12231379.209259707
2018-04-23,12231379.209259707
2018-04-24,12231379.209259707
2018-04-25,12231379.209259707
2018-04-26,12231379.209259707
2018-04-27,12231379.209259707
2018-04-30,12231379.209259707
2018-05-01,12231379.209259707
2018-05-02,12231379.209259707
2018-05-03,12231379.209259707
2018-05-04,12230593.406062605
2018-05-07,12231092.166680092
2018-05-08,12233673.068174068
2018-05-09,12238084.730565617
2018-05-10,12242215.31941504
2018-05-11,12242928.099013656
2018-05-14,12243231.038489826
2018-05-15,12241965.296535732
2018-05-16,12242323.822024006
2018-05-17,12243537.564940147
2018-05-18,12243405.55923029
2018-05-21,12248282.503125696
2018-05-22,12245032.71455299
2018-05-23,12246872.571103811
2018-05-24,12247705.50129524
2018-05-25,12244524.259071665
2018-05-29,12236185.831749812
2018-05-30,12247382.467319692
2018-05-31,12239431.917001912
2018-06-01,12242818.462932711
2018-06-04,12247358.108972428
2018-06-05,12248260.372092351
2018-06-06,12253753.777684748
2018-06-07,12255057.964430964
2018-06-08,12257467.197802102
2018-06-11,12259202.5907844
2018-06-12,12262555.100686865
2018-06-13,12258395.097357385
2018-06-14,12259833.891914433
2018-06-15,12258325.25526004
2018-06-18,12259148.281770216
2018-06-19,12250615.162744123
2018-06-20,12249694.282249652
2018-06-21,12243806.855346048
2018-06-22,12249424.446064254
2018-06-25,12227967.443489848
2018-06-26,12229665.28290818
2018-06-27,12213663.323485812
2018-06-28,12221636.024545802
2018-06-29,12280960.226500824
2018-07-02,12320073.5250823
2018-07-03,12264231.064917857
2018-07-05,12352884.64346437
2018-07-06,12447783.860504089
2018-07-09,12590209.936748909
2018-07-10,12598971.470647516
2018-07-11,12510663.386841826
2018-07-12,12599340.170025997
2018-07-13,12592719.211209957
2018-07-16,12563292.268138848
2018-07-17,12603458.698036376
2018-07-18,12670773.93250195
2018-07-19,12629922.308797857
2018-07-20,12607839.321116054
2018-07-23,12622007.092960034
2018-07-24,12577757.17690748
2018-07-25,12687671.743856516
2018-07-26,12703840.832697926
2018-07-27,12616437.734149534
2018-07-30,12482603.989550114
2018-07-31,12575075.864042295
2018-08-01,12539436.974188972
2018-08-02,12633592.830783645
2018-08-03,12662283.752609758
2018-08-06,12727882.434360094
2018-08-07,12784476.224356592
2018-08-08,12767723.95287324
2018-08-09,12748378.23998365
2018-08-10,12674694.457703557
2018-08-13,12610888.96543888
2018-08-14,12681209.090525929
2018-08-15,12568488.681766974
2018-08-16,12650097.11929126
2018-08-17,12674922.839261468
2018-08-20,12748992.596011044
2018-08-21,12825426.984907623
2018-08-22,12820344.701137025
2018-08-23,12810790.731384614
2018-08-24,12907982.052643009
2018-08-27,12987123.37158114
2018-08-28,12996927.92497297
2018-08-29,13042152.50840519
2018-08-30,12986987.295233984
2018-08-31,13003604.046493314
2018-09-04,13012591.04492376
2018-09-05,12942188.730055504
2018-09-06,12916755.99433477
2018-09-07,12899606.82038293
2018-09-10,12974070.387990551
2018-09-11,13003896.370238956
2018-09-12,13013302.357009493
2018-09-13,13057398.55923432
2018-09-14,13097132.540116653
2018-09-17,13017435.356559826
2018-09-18,13091568.595878685
2018-09-19,13092789.480427733
2018-09-20,13147697.82276199
2018-09-21,13144627.996500077
2018-09-24,13107934.841099188
2018-09-25,13096842.748302875
2018-09-26,13072506.847156497
2018-09-27,13086087.24084757
2018-09-28,13070212.800801806
2018-10-01,13080641.128998503
2018-10-02,13026753.103557711
2018-10-03,13064685.794907505
2018-10-04,12960794.993382411
2018-10-05,12874789.241029058
2018-10-08,12877567.154799242
2018-10-09,12880332.639406208
2018-10-10,12876345.638379978
2018-10-11,12865673.736805134
2018-10-12,12867202.99281134
2018-10-15,12868363.314293634
2018-10-16,12876052.598353576
2018-10-17,12875768.370421495
2018-10-18,12874474.91069437
2018-10-19,12879266.56874433
2018-10-22,12877203.339792125
2018-10-23,12876256.511033772
2018-10-24,12883575.641287273
2018-10-25,12880339.134240411
2018-10-26,12873430.152837418
2018-10-29,12877555.500953646
2018-10-30,12881464.224364623
2018-10-31,12879107.766242923
2018-11-01,12879381.378966115
2018-11-02,12877144.070431111
2018-11-05,12881228.054050582
2018-11-06,12885325.865498936
2018-11-07,12888519.361697964
2018-11-08,12890152.846226756
2018-11-09,12893288.39325409
2018-11-12,12895648.532891115
2018-11-13,12895637.495150762
2018-11-14,12894484.83929039
2018-11-15,12895498.0627598
2018-11-16,12896296.704243813
2018-11-19,12896660.298820725
2018-11-20,12893567.621474678
2018-11-21,12889089.3948212
2018-11-23,12890071.636188371
2018-11-26,12891104.355669305
2018-11-27,12892915.45125468
2018-11-28,12893310.215208616
2018-11-29,12893578.530197958
2018-11-30,12898633.932371495
2018-12-03,12899959.333778434
2018-12-04,12899581.229557678
2018-12-06,12903762.757891892
2018-12-07,12903308.955107052
2018-12-10,12903667.693856051
2018-12-11,12904031.464446936
2018-12-12,12902344.259634577
2018-12-13,12905732.242255757
2018-12-14,12904325.109820051
2018-12-17,12904325.109820051
2018-12-18,12904325.109820051
2018-12-19,12904325.109820051
2018-12-20,12904325.109820051
2018-12-21,13012766.503260184
2018-12-24,12709690.585505264
2018-12-26,13345501.172547052
2018-12-27,13455511.389170652
2018-12-28,13443378.040783416
2018-12-31,13584334.429535376
2019-01-02,13613425.988472702
2019-01-03,13305043.957070094
2019-01-04,13786157.19510748
2019-01-07,14072979.054563036
2019-01-08,14230876.324740818
2019-01-09,14321517.8326834
2019-01-10,14433820.120670578
2019-01-11,14478903.690708317
2019-01-14,14360505.861136544
2019-01-15,14508123.924213627
2019-01-16,14556236.884729415
2019-01-17,14701135.797444968
2019-01-18,14881781.831234485
2019-01-22,14645941.716037543
2019-01-23,14625195.034619996
2019-01-24,14730479.597089602
2019-01-25,14920290.74782915
2019-01-28,14804580.908510448
2019-01-29,14801646.53027536
2019-01-30,15006594.902842166
2019-01-31,15093780.065005952
2019-02-01,15136602.087354545
2019-02-04,15244786.228892436
2019-02-05,15317354.283398008
2019-02-06,15283392.24673126
2019-02-07,15175886.390702598
2019-02-08,15193218.486487444
2019-02-11,15235973.381799033
2019-02-12,15459282.73070442
2019-02-13,15506435.21112908
2019-02-14,15507102.5898444
2019-02-15,15609184.808723267
2019-02-19,15668477.790288216
2019-02-20,15700743.96938558
2019-02-21,15630101.404755495
2019-02-22,15745739.782801816
2019-02-25,15766141.131234854
2019-02-26,15731275.146733891
2019-02-27,15722992.765524603
2019-02-28,15685527.310323903
2019-03-01,15781478.06234791
2019-03-04,15657631.55021299
2019-03-05,15617290.558433205
2019-03-06,15493716.822822506
2019-03-07,15376197.134342218
2019-03-08,15331905.263959073
2019-03-11,15583409.48557906
2019-03-12,15608288.60594978
2019-03-13,15738430.211412083
2019-03-14,15713122.834548628
2019-03-15,15766998.420841258
2019-03-18,15856573.717751982
2019-03-19,15811987.163591737
2019-03-20,15738326.728044791
2019-03-21,15934703.184137251
2019-03-22,15551973.74895452
2019-03-25,15565715.790612051
2019-03-26,15659747.1941368
2019-03-27,15583034.400022928
2019-03-28,15689913.573241487
2019-03-29,15813733.116955783
2019-04-01,16039311.504201155
2019-04-02,16039966.12382334
2019-04-03,16116113.996796604
2019-04-04,16151336.12208207
2019-04-05,16253881.43588417
2019-04-08,16264935.96502306
2019-04-09,16170312.805648208
2019-04-10,16286287.339977158
2019-04-11,16326257.867358545
2019-04-12,16410066.503418026
2019-04-15,16357847.607363077
2019-04-16,16394908.044528998
2019-04-17,16296834.340785615
2019-04-18,16362594.173082972
2019-04-22,16394865.883077435
2019-04-23,16536632.28459154
2019-04-24,16523914.856873645
2019-04-25,16427580.433219628
2019-04-26,16529732.339073962
2019-04-29,16537920.234254569
2019-04-30,16563050.46596586
2019-05-01,16429917.568476046
2019-05-02,16417341.299893664
2019-05-03,16566839.591697551
2019-05-06,16506343.896624528
2019-05-07,16193235.336119758
2019-05-08,16159229.259815697
2019-05-09,16125670.544660537
2019-05-10,16177797.02092032
2019-05-13,15751788.45734259
2019-05-14,15922404.711517615
2019-05-15,15989175.80285616
2019-05-16,16115978.038071295
2019-05-17,15993156.73700584
2019-05-20,15870931.270282652
2019-05-21,15998147.245711802
2019-05-22,15927999.266186878
2019-05-23,15733960.907554056
2019-05-24,15744171.877645615
2019-05-28,15632411.163099725
2019-05-29,15552067.495478364
2019-05-30,15569235.871820116
2019-05-31,15391947.85345614
2019-06-03,15382900.05558988
2019-06-04,15704791.248252047
2019-06-05,15811754.65339826
2019-06-06,15867713.091414908
2019-06-07,15991443.733970065
2019-06-10,16024951.450706333
2019-06-11,15990239.073337974
2019-06-12,15969865.687819105
2019-06-13,16054705.309539188
2019-06-14,16003696.631464371
2019-06-17,16029785.742083589
2019-06-18,16175994.553721216
2019-06-19,16258663.052786026
2019-06-20,16374000.323557924
2019-06-21,16342219.641633216
2019-06-24,16279148.571970668
2019-06-25,16150692.475783054
2019-06-26,16106341.38656117
2019-06-27,16220280.21794821
2019-06-28,16331049.5323115
2019-07-01,16443719.489497513
2019-07-02,16452141.839689847
2019-07-03,16568274.366969297
2019-07-05,16549724.443429708
2019-07-08,16452714.212505026
2019-07-09,16483068.794106731
2019-07-10,16503168.706433536
2019-07-11,16545783.736478824
2019-07-12,16601832.920048231
2019-07-15,16576066.365813889
2019-07-16,16547151.83556602
2019-07-17,16446655.212009631
2019-07-18,16444649.463118715
2019-07-19,16353437.367570331
2019-07-22,16366231.082422417
2019-07-23,16450902.652754718
2019-07-24,16595740.829760436
2019-07-25,16531689.919446344
2019-07-26,16627968.925717011
2019-07-29,16575800.288383346
2019-07-30,16564840.659346208
2019-07-31,16431891.276046526
2019-08-01,16233055.78031839
2019-08-02,16148890.71713018
2019-08-05,15696489.86191298
2019-08-06,15917160.923034651
2019-08-07,15937056.390898118
2019-08-08,16269890.639329378
2019-08-09,16158651.271014392
2019-08-12,15933582.103025554
2019-08-13,16153830.425609866
2019-08-14,15696452.74005392
2019-08-15,15724993.338181118
2019-08-16,15984120.296013748
2019-08-19,16153296.213958858
2019-08-20,16069322.1853026
2019-08-21,16204910.928314583
2019-08-22,16213880.708551887
2019-08-23,15839727.29923732
2019-08-26,15971728.272350766
2019-08-27,15897688.806714382
2019-08-28,15998982.593123214
2019-08-29,16194351.869241877
2019-08-30,16179886.838225553
2019-09-03,16044056.850726534
2019-09-04,16178699.49269735
2019-09-05,16391617.63318997
2019-09-06,16392571.60403668
2019-09-09,16386625.424616318
2019-09-10,16365065.92174462
2019-09-11,16467272.5898582
2019-09-12,16506544.32622134
2019-09-13,16501822.499194631
2019-09-16,16495654.946239742
2019-09-17,16559120.07984827
2019-09-18,16546601.45883835
2019-09-19,16530805.60434096
2019-09-20,16452001.68461164
2019-09-23,16457066.369157586
2019-09-24,16348212.76850333
2019-09-25,16436465.964824991
2019-09-26,16407038.481895836
2019-09-27,16280018.071732242
2019-09-30,16337758.794170309
2019-10-01,16085150.512041025
2019-10-02,15843418.88593684
2019-10-03,15952318.749694062
2019-10-04,16146966.844040338
2019-10-07,16081244.751595736
2019-10-08,15804861.453489842
2019-10-09,15945180.924142314
2019-10-10,16071710.788332954
2019-10-11,16305615.88065165
2019-10-14,16295323.528919157
2019-10-15,16446230.870385049
2019-10-16,16411425.565910054
2019-10-17,16491075.355096277
2019-10-18,16426581.727658227
2019-10-21,16543560.271514054
2019-10-22,16466173.587754823
2019-10-23,16517679.811184142
2019-10-24,16596770.468706615
2019-10-25,16688608.395987188
2019-10-28,16767562.333945176
2019-10-29,16763370.765278451
2019-10-30,16803241.05370814
2019-10-31,16709293.748788225
2019-11-01,16902730.824164454
2019-11-04,16967363.93097791
2019-11-05,16936350.2758994
2019-11-06,16929260.471506212
2019-11-07,16991131.211636037
2019-11-08,17042021.02406079
2019-11-11,17041820.9184938
2019-11-12,17076097.233095333
2019-11-13,17056713.541192725
2019-11-14,17102945.20059472
2019-11-15,17239826.785681996
2019-11-18,17259975.64545333
2019-11-19,17285777.63638473
2019-11-20,17242355.780440293
2019-11-21,17216199.83052279
2019-11-22,17245118.275650468
2019-11-25,17409256.874106925
2019-11-26,17429318.919842616
2019-11-27,17495652.48825957
2019-11-29,17418733.703619752
2019-12-02,17264448.13076103
2019-12-03,17151670.09508497
2019-12-04,17241717.099865373
2019-12-05,17265217.211041808
2019-12-06,17401190.492257435
2019-12-09,17344536.34771386
2019-12-10,17325728.410051055
2019-12-11,17374557.6485366
2019-12-12,17515582.163862824
2019-12-13,17498046.671646655
2019-12-16,17626215.03726631
2019-12-17,17638761.325120382
2019-12-18,17628075.043098345
2019-12-19,17699543.2028483
2019-12-20,17802513.266763166
2019-12-23,17803920.491754927
2019-12-24,17822758.72498584
2019-12-26,17859690.28943129
2019-12-27,17835075.03990455
2019-12-30,17740483.71051827
2019-12-31,17781180.047684252
2020-01-02,17902095.485293947
2020-01-03,17800761.897390485
2020-01-06,17832102.61578395
2020-01-07,17841007.595010407
2020-01-08,17958320.084384844
2020-01-09,18031660.089283828
2020-01-10,17971842.956167925
2020-01-13,18095417.664667163
2020-01-14,18103394.370819837
2020-01-15,18113411.867976632
2020-01-16,18319032.935063984
2020-01-17,18346310.6157178
2020-01-21,18279789.27944333
2020-01-22,18284274.129636392
2020-01-23,18346308.267281502
2020-01-24,18193510.49874703
2020-01-27,17936944.666625842
2020-01-28,18116272.89908697
2020-01-29,18089566.80805464
2020-01-30,18126242.22743006
2020-01-31,17881284.2397562
2020-02-03,18160904.86966364
2020-02-04,18505968.960745644
2020-02-05,18608922.776653472
2020-02-06,18624350.73526844
2020-02-07,18520401.63819441
2020-02-10,18597053.757009573
2020-02-11,18648335.44842144
2020-02-12,18776923.874922324
2020-02-13,18792365.40182416
2020-02-14,18829494.31125518
2020-02-18,18846612.009247355
2020-02-19,18944710.049670808
2020-02-20,18932063.70994029
2020-02-21,18802211.323067665
2020-02-24,18312396.637266062
2020-02-25,17793373.8167792
2020-02-26,17706539.18767743
2020-02-27,17164908.302412394
2020-02-28,17045119.714651823
2020-03-02,17045040.333157334
2020-03-03,17041292.94991434
2020-03-04,17043436.58950267
2020-03-05,17039768.587754164
2020-03-06,17039641.543439265
2020-03-09,17031384.511063896
2020-03-10,17037291.478041552
2020-03-11,17029749.048735153
2020-03-12,17022635.24557527
2020-03-13,17030352.382016975
2020-03-16,17030352.382016975
2020-03-17,17030352.382016975
2020-03-18,17030352.382016975
2020-03-19,17030352.382016975
2020-03-20,17118737.53386522
2020-03-23,16801196.869546227
2020-03-24,18691540.398291323
2020-03-25,19473233.40770133
2020-03-26,20609746.254869387
2020-03-27,19761116.880163167
2020-03-30,20145748.11309572
2020-03-31,19788187.307008788
2020-04-01,18632899.543264598
2020-04-02,18914057.83433819
2020-04-03,18572432.1410956
2020-04-06,20128218.616200376
2020-04-07,20316472.589825336
2020-04-08,21259498.305272557
2020-04-09,21654329.316642582
2020-04-13,21292302.46544472
2020-04-14,21874408.56999937
2020-04-15,21276718.490199395
2020-04-16,21221213.747751296
2020-04-17,22089412.203042515
2020-04-20,21735080.423812907
2020-04-21,21073138.59436945
2020-04-22,21543789.51114637
2020-04-23,21706408.64534017
2020-04-24,22024047.345511083
2020-04-27,22586212.09270921
2020-04-28,22643097.97496254
2020-04-29,23470330.93745415
2020-04-30,23034627.083127014
2020-05-01,22241379.46882456
2020-05-04,22426803.417100087
2020-05-05,22625397.5814798
2020-05-06,22417436.046727236
2020-05-07,22794454.975724824
2020-05-08,23358945.581561677
2020-05-11,23297000.58052631
2020-05-12,22735390.688677
2020-05-13,22167995.4252376
2020-05-14,22492426.00792573
2020-05-15,22635415.796087563
2020-05-18,23699439.330855828
2020-05-19,23444971.434100576
2020-05-20,23901184.82912752
2020-05-21,23793683.76658768
2020-05-22,23893221.077822223
2020-05-26,24512091.001712207
2020-05-27,24944438.99780481
2020-05-28,24710344.133164216
2020-05-29,24804148.991116658
2020-06-01,25045788.766005788
2020-06-02,25371879.78244316
2020-06-03,25909834.860324007
2020-06-04,25872418.61583621
2020-06-05,26690653.086313065
2020-06-08,27191334.605478
2020-06-09,26703957.048357174
2020-06-10,26424740.986660197
2020-06-11,24658369.781300902
2020-06-12,25096876.00198827
2020-06-15,25525727.704452656
2020-06-16,25989771.04221769
2020-06-17,25906172.68590046
2020-06-18,25939322.27226778
2020-06-19,25759875.98328949
2020-06-22,25868772.045009624
2020-06-23,25858946.374501176
2020-06-24,24984107.36150202
2020-06-25,25242157.015026763
2020-06-26,24577680.921205048
2020-06-29,25069828.505499206
2020-06-30,25492856.381144423
2020-07-01,25613488.30192856
2020-07-02,25732973.78763641
2020-07-06,26173300.84632142
2020-07-07,25810350.43772252
2020-07-08,26073926.541365955
2020-07-09,25768115.69678606
2020-07-10,26233198.36236133
2020-07-13,25808027.80585655
2020-07-14,26244762.955949634
2020-07-15,26785667.075879827
2020-07-16,26635869.33157328
2020-07-17,26713429.83384295
2020-07-20,26751573.465786807
2020-07-21,26884049.927193116
2020-07-22,27052140.37500608
2020-07-23,26842022.915596616
2020-07-24,26670247.767466985
2020-07-27,26937573.512082845
2020-07-28,26664369.909069423
2020-07-29,27134822.27485428
2020-07-30,27062864.92099032
2020-07-31,26880428.160182893
2020-08-03,27112112.169857945
2020-08-04,27278733.3538279
2020-08-05,27522604.14533622
2020-08-06,27698986.17618642
2020-08-07,27796641.751628637
2020-08-10,27949019.990314044
2020-08-11,27816869.57624285
2020-08-12,28113071.17080093
2020-08-13,28044097.667343587
2020-08-14,27980011.361653376
2020-08-17,28077388.63424378
2020-08-18,27979879.32809263
2020-08-19,27919466.52950823
2020-08-20,27878303.41653043
2020-08-21,27884725.64296064
2020-08-24,28168384.295106392
2020-08-25,28220116.915175885
2020-08-26,28373950.49343177
2020-08-27,28454050.50963369
2020-08-28,28737771.819067344
2020-08-31,28557840.48483519
2020-09-01,28870965.629237887
2020-09-02,29233216.110461727
2020-09-03,28300443.684345715
2020-09-04,28146295.33439312
2020-09-08,27635795.327751365
2020-09-09,28003029.792657577
2020-09-10,27627923.671007466
2020-09-11,27709686.308905967
2020-09-14,28144264.11650038
2020-09-15,28339333.755755376
2020-09-16,28464808.41064172
2020-09-17,28210224.441349383
2020-09-18,27936920.366289176
2020-09-21,27461883.604154248
2020-09-22,27629757.303061426
2020-09-23,27107695.814559
2020-09-24,27161046.94450841
2020-09-25,27559237.317826584
2020-09-28,27967245.663158476
2020-09-29,27848035.998250943
2020-09-30,27927511.645916272
2020-10-01,28145021.287178684
2020-10-02,28091669.033608746
2020-10-05,28641726.65666303
2020-10-06,28402776.71219229
2020-10-07,28856040.47040932
2020-10-08,29149092.04514249
2020-10-09,29301162.84710175
2020-10-12,29483491.97011228
2020-10-13,29351078.038595784
2020-10-14,29256637.464543693
2020-10-15,29387261.11610428
2020-10-16,29364793.14725504
2020-10-19,29126190.312463243
2020-10-20,29285786.327194184
2020-10-21,28966109.12562529
2020-10-22,29153404.316141717
2020-10-23,29282203.43332594
2020-10-26,28746300.917237453
2020-10-27,28448970.120449807
2020-10-28,27711654.80728217
2020-10-29,27863071.341350056
2020-10-30,27676862.691526297
2020-11-02,28056747.378422245
2020-11-03,28715086.5080564
2020-11-04,29099732.701026924
2020-11-05,29813879.718034618
2020-11-06,29769354.01150088
2020-11-09,30422211.78914165
2020-11-10,30487286.3065982
2020-11-11,30667349.582808435
2020-11-12,30316299.16050112
2020-11-13,30804325.04083205
2020-11-16,31293266.229393844
2020-11-17,31418292.90367782
2020-11-18,31280336.46751944
2020-11-19,31486583.68429405
2020-11-20,31289313.55473028
2020-11-23,31691482.26038908
2020-11-24,32273083.67985799
2020-11-25,32196595.027854048
2020-11-27,32313688.90723544
2020-11-30,32059876.4274848
2020-12-01,32430984.18143581
2020-12-02,32409670.41464814
2020-12-03,32695196.84239781
2020-12-04,33162353.636376087
2020-12-07,33196096.995767675
2020-12-08,33272620.156339444
2020-12-09,32966494.55494321
2020-12-10,33132196.98806545
2020-12-11,33023589.049736
2020-12-14,32949477.41380528
2020-12-15,33368818.709300697
2020-12-16,33232824.56060546
2020-12-17,33552889.93274165
2020-12-18,33560032.26364798
2020-12-21,33319378.26423489
2020-12-22,33266105.45537427
2020-12-23,33295047.0684282
2020-12-24,33408798.66256041
2020-12-28,33357290.430649526
2020-12-29,33203190.062063307
2020-12-30,33467721.20517949
2020-12-31,33631729.042602465
2021-01-04,33160352.820945278
2021-01-05,33517653.053297967
2021-01-06,34061337.54608605
2021-01-07,34674745.13202066
2021-01-08,34890037.56970135
2021-01-11,34673452.25346716
2021-01-12,35043835.65308119
2021-01-13,34912112.3423817
2021-01-14,34994473.2076827
2021-01-15,34640551.17230841
2021-01-19,34916758.039397135
2021-01-20,35351055.26903053
2021-01-21,35177508.9742844
2021-01-22,35012288.1212018
2021-01-25,34950468.50408816
2021-01-26,34668562.78865379
2021-01-27,33687936.24347835
2021-01-28,34122817.6668587
2021-01-29,33560996.36205806
2021-02-01,34029073.76034668
2021-02-02,34675361.32795233
2021-02-03,34651414.097596936
2021-02-04,35112111.21811642
2021-02-05,35263020.61555982
2021-02-08,35688716.68655741
2021-02-09,35728531.64967288
2021-02-10,35758732.56578622
2021-02-11,35763079.867984705
2021-02-12,36014914.27412059
2021-02-16,36062927.50487399
2021-02-17,35957247.82166577
2021-02-18,35753779.627757706
2021-02-19,36085787.48115432
2021-02-22,35904788.98212739
2021-02-23,35950763.912414886
2021-02-24,36404040.08272535
2021-02-25,35515390.85232915
2021-02-26,35442684.88994097
2021-03-01,36351634.190639615
2021-03-02,36176572.33322196
2021-03-03,35789653.75694611
2021-03-04,35089215.14347655
2021-03-05,35566538.16475012
2021-03-08,35338703.3922585
2021-03-09,35960951.606548585
2021-03-10,36150660.3472665
2021-03-11,36775381.03036541
2021-03-12,36910491.807635024
2021-03-15,37259862.795277886
2021-03-16,36838582.70267892
2021-03-17,37184076.50731273
2021-03-18,36472592.47234698
2021-03-19,36549923.85838999
2021-03-22,36633250.86192803
2021-03-23,35992935.16633415
2021-03-24,35681602.14071251
2021-03-25,36046400.87226947
2021-03-26,36639586.39211586
2021-03-29,36308559.44732896
2021-03-30,36498503.78724924
2021-03-31,36743311.018171005
2021-04-01,37290424.72921769
2021-04-05,37638714.55475107
2021-04-06,37641533.42022925
2021-04-07,37472060.62962501
2021-04-08,37703547.48437001
2021-04-09,37871788.3168272
2021-04-12,37929317.13506988
2021-04-13,38099435.44549112
2021-04-14,38047596.4514479
2021-04-15,38359902.37951976
2021-04-16,38438002.546108
2021-04-19,38140572.35134455
2021-04-20,37756277.06876699
2021-04-21,38154819.2379749
2021-04-22,37983014.21982543
2021-04-23,38440124.88186233
2021-04-26,38646864.61909361
2021-04-27,38643705.33021556
2021-04-28,38626185.67262189
2021-04-29,38705181.14189351
2021-04-30,38450116.28592005
2021-05-03,38454610.59433308
2021-05-04,38186803.42142217
2021-05-05,38244133.86702402
2021-05-06,38311258.39791162
2021-05-07,38759298.39124148
2021-05-10,38128056.08559059
2021-05-11,37881821.48732173
2021-05-12,36836365.7941854
2021-05-13,37165305.27162394
2021-05-14,37882461.15401657
2021-05-17,37693565.16466157
2021-05-18,37390468.95787956
2021-05-19,37184287.37359316
2021-05-20,37608696.297063015
2021-05-21,37607223.22734294
2021-05-24,37998654.52061238
2021-05-25,37900815.08880689
2021-05-26,38137422.785488985
2021-05-27,38439398.68378024
2021-05-28,38482829.61262199
2021-06-01,38652438.97370478
2021-06-02,38572147.48385427
2021-06-03,38321351.66928556
2021-06-04,38568696.00972688
2021-06-07,38558915.900496885
2021-06-08,38668847.65562814
2021-06-09,38413133.62348282
2021-06-10,38475780.25467965
2021-06-11,38709863.2860158
2021-06-14,38677778.261622354
2021-06-15,38709110.28528556
2021-06-16,38589154.58683654
2021-06-17,38322609.93752551
2021-06-18,37837757.91224247
2021-06-21,38451332.862770624
2021-06-22,38639916.82269566
2021-06-23,38683681.67900976
2021-06-24,38920443.99455702
2021-06-25,39076755.13555851
2021-06-28,38854737.1194077
2021-06-29,38840798.511538126
2021-06-30,38855399.51784487
2021-07-01,39127216.50386372
2021-07-02,39281417.24111068
2021-07-06,39031241.593376085
2021-07-07,39044834.85367277
2021-07-08,38644394.54552333
2021-07-09,39199833.10462349
2021-07-12,39378496.58236877
2021-07-13,39060757.86507451
2021-07-14,38890238.27135517
2021-07-15,38776312.91997309
2021-07-16,38467943.4107901
2021-07-19,37871562.48499849
2021-07-20,38700634.44673103
2021-07-21,39113862.262883626
2021-07-22,39019885.094429694
2021-07-23,39328633.466554895
2021-07-26,39374829.5048378
2021-07-27,39152008.68190518
2021-07-28,39203372.37626374
2021-07-29,39604638.67933711
2021-07-30,39518525.65744858
2021-08-02,39591973.13437919
2021-08-03,39862702.30599346
2021-08-04,39642652.40506083
2021-08-05,39956927.08212147
2021-08-06,40028720.45203639
2021-08-09,40015720.15939174
2021-08-10,40108119.93503325
2021-08-11,40249574.45407966
2021-08-12,40291864.74210603
2021-08-13,40288885.21527454
2021-08-16,40228653.747486174
2021-08-17,39862900.78553542
2021-08-18,39639945.05885853
2021-08-19,39466448.91145658
2021-08-20,39743660.04412996
2021-08-23,40125085.85342073
2021-08-24,40292875.20375668
2021-08-25,40490524.90930589
2021-08-26,40231135.10231845
2021-08-27,40633158.36600135
2021-08-30,40659336.011818014
2021-08-31,40584929.29915509
2021-09-01,40591636.52942464
2021-09-02,40753527.73640788
2021-09-03,40729175.31771737
2021-09-07,40534472.02575985
2021-09-08,40414332.60320614
2021-09-09,40351496.72985903
2021-09-10,40161896.73321956
2021-09-13,40273994.4623146
2021-09-14,40039330.3949136
2021-09-15,40341797.59241452
2021-09-16,40403697.02312546
2021-09-17,40198934.10163794
2021-09-20,39673768.53925204
2021-09-21,39691945.001555614
2021-09-22,40144877.01760157
2021-09-23,40577580.59839714
2021-09-24,40641342.16047305
2021-09-27,40701201.10293376
2021-09-28,39829072.38401394
2021-09-29,39878581.06654275
2021-09-30,39486690.19677641
2021-10-01,39944782.26943394
2021-10-04,39444466.48184863
2021-10-05,39855923.55033978
2021-10-06,39936239.677320704
2021-10-07,40319815.71605633
2021-10-08,40180560.66980641
2021-10-11,40008588.66627252
2021-10-12,40060147.45062593
2021-10-13,40143822.36541612
2021-10-14,40778704.26340164
2021-10-15,41012559.87955962
2021-10-18,41260712.67954861
2021-10-19,41415698.49783003
2021-10-20,41639200.89790614
2021-10-21,42030424.53488352
2021-10-22,42175075.783380285
2021-10-25,42554259.9032954
2021-10-26,42513657.98087023
2021-10-27,42051998.434519626
2021-10-28,42645183.93167122
2021-10-29,42771798.15815424
2021-11-01,43181562.03903365
2021-11-02,43241135.233898245
2021-11-03,43418355.34078141
2021-11-04,43597517.53671747
2021-11-05,43767307.11725073
2021-11-08,43735860.89998324
2021-11-09,43391242.24226216
2021-11-10,42989436.99338335
2021-11-11,43086595.65680565
2021-11-12,43309008.27388618
2021-11-15,43239072.63754943
2021-11-16,43465113.47104998
2021-11-17,43291578.75719935
2021-11-18,43303110.30749143
2021-11-19,43243297.968794815
2021-11-22,43086447.62167674
2021-11-23,43160309.332228936
2021-11-24,43297878.73497415
2021-11-26,42270734.738744974
2021-11-29,42271557.02178311
2021-11-30,42269778.62003151
2021-12-01,42269893.39616622
2021-12-02,42274520.88507212
2021-12-03,42271346.7384998
2021-12-06,42273622.15442601
2021-12-07,42276241.89875636
2021-12-08,42275916.83933833
2021-12-09,42274539.944612734
2021-12-10,42275209.33243492
2021-12-13,42271614.40985047
2021-12-14,42272838.19991461
2021-12-15,42272895.58798197
2021-12-16,42273449.99022393
2021-12-17,42272838.19991461
2021-12-20,42269893.39616622
2021-12-21,42274693.04927419
2021-12-22,42274081.04951937
2021-12-23,42273966.27338465
2021-12-27,42275955.16786508
2021-12-28,42276509.57010704
2021-12-29,42275706.55605502
2021-12-30,42274712.10881481
2021-12-31,42275783.003663
2022-01-03,42278976.41922144
2022-01-04,42283087.62496661
2022-01-05,42283909.90800474
2022-01-06,42287562.21865654
2022-01-07,42289053.68007136
2022-01-10,42288135.88988463
2022-01-11,42292419.25983187
2022-01-12,42293164.88581652
2022-01-13,42293241.54287
2022-01-14,42335908.96679788
2022-01-18,42290928.60603693
2022-01-19,42270441.56719219
2022-01-20,42228187.22920559
2022-01-21,42195197.253146686
2022-01-24,42238015.39719721
2022-01-25,42172194.73549476
2022-01-26,42154730.981274776
2022-01-27,42133264.23067411
2022-01-28,42193329.00795532
2022-01-31,42240304.47394493
2022-02-01,42258902.807209015
2022-02-02,42295729.09737075
2022-02-03,42257650.15965211
2022-02-04,42239899.823401526
2022-02-07,42230323.54648147
2022-02-08,42251354.90258759
2022-02-09,42297935.80421534
2022-02-10,42248382.832239136
2022-02-11,42186840.19877246
2022-02-14,42166080.844926886
2022-02-15,42212290.57293282
2022-02-16,42215147.256128766
2022-02-17,42168032.42790856
2022-02-18,42170775.97522508
2022-02-22,42149182.44023463
2022-02-23,42113689.765736006
2022-02-24,42135963.22234504
2022-02-25,42175351.65986183
2022-02-28,42163745.47623594
2022-03-01,42143299.252324216
2022-03-02,42179580.95531377
2022-03-03,42180273.90607804
2022-03-04,42163939.68120534
2022-03-07,42143936.98062983
2022-03-08,42132390.83685373
2022-03-09,42159661.96502877
2022-03-10,42170576.64378508
2022-03-11,42157025.13128213
2022-03-14,42145143.210284166
2022-03-15,42168506.73964615
2022-03-16,42187087.86516608
2022-03-17,42204650.030734085
2022-03-18,42214798.35397091
2022-03-21,42213548.07196944
2022-03-22,42217240.53012297
2022-03-23,42210885.52587325
2022-03-24,42225269.39380123
2022-03-25,42228398.47830404
2022-03-28,42233885.26916162
2022-03-29,42243088.40114858
2022-03-30,42242807.58862299
2022-03-31,42236681.75633687
2022-04-01,42226590.57991423
2022-04-04,42231330.83489583
2022-04-05,42225988.60412231
2022-04-06,42225516.78451579
2022-04-07,42240737.25281013
2022-04-08,42242226.649770826
2022-04-11,42238259.634247646
2022-04-12,42237280.02285808
2022-04-13,42250330.058199085
2022-04-14,42245320.30139682
2022-04-18,42238315.07815906
2022-04-19,42252348.57233772
2022-04-20,42259134.40972308
2022-04-21,42249292.71243312
2022-04-22,42211103.65085878
2022-04-25,42211103.65085878
2022-04-26,42211103.65085878
2022-04-27,42211103.65085878
2022-04-28,42211103.65085878
2022-04-29,42211103.65085878
2022-05-02,42211103.65085878
2022-05-03,42211103.65085878
2022-05-04,42211103.65085878
2022-05-05,42211103.65085878
2022-05-06,42211103.65085878
2022-05-09,42211103.65085878
2022-05-10,42211103.65085878
2022-05-11,42211103.65085878
2022-05-12,42211103.65085878
2022-05-13,42211103.65085878
2022-05-16,42211103.65085878
2022-05-17,42211103.65085878
2022-05-18,42211103.65085878
2022-05-19,42211103.65085878
2022-05-20,42211103.65085878
2022-05-23,42211103.65085878
2022-05-24,42211103.65085878
2022-05-25,42211103.65085878
2022-05-26,42211103.65085878
2022-05-27,42211103.65085878
2022-05-31,42211103.65085878
2022-06-01,42211103.65085878
2022-06-02,42211103.65085878
2022-06-03,42211103.65085878
2022-06-06,42211103.65085878
2022-06-07,42211103.65085878
2022-06-08,42211103.65085878
2022-06-09,42211103.65085878
2022-06-10,42211103.65085878
2022-06-13,42211103.65085878
2022-06-14,42211103.65085878
2022-06-15,42211103.65085878
2022-06-16,42211103.65085878
2022-06-17,42211103.65085878
2022-06-21,42211103.65085878
2022-06-22,42211103.65085878
2022-06-23,42211103.65085878
2022-06-24,42211103.65085878
2022-06-27,42211103.65085878
2022-06-28,42211103.65085878
2022-06-29,42211103.65085878
2022-06-30,42211103.65085878
2022-07-01,42211103.65085878
2022-07-05,42211103.65085878
2022-07-06,42211103.65085878
2022-07-07,42211103.65085878
2022-07-08,42211103.65085878
2022-07-11,42211103.65085878
2022-07-12,42211103.65085878
2022-07-13,42211103.65085878
2022-07-14,42211103.65085878
2022-07-15,42211103.65085878
2022-07-18,42211103.65085878
2022-07-19,42211103.65085878
2022-07-20,42211103.65085878
2022-07-21,42211103.65085878
2022-07-22,42211103.65085878
2022-07-25,42211103.65085878
2022-07-26,42211103.65085878
2022-07-27,42211103.65085878
2022-07-28,42211103.65085878
2022-07-29,42211103.65085878
2022-08-01,42211103.65085878
2022-08-02,42211103.65085878
2022-08-03,42211103.65085878
2022-08-04,42211103.65085878
2022-08-05,42211103.65085878
2022-08-08,42211103.65085878
2022-08-09,42211103.65085878
2022-08-10,42211103.65085878
2022-08-11,42211103.65085878
2022-08-12,42211103.65085878
2022-08-15,42211103.65085878
2022-08-16,42211103.65085878
2022-08-17,42211103.65085878
2022-08-18,42211103.65085878
2022-08-19,42211103.65085878
2022-08-22,42211103.65085878
2022-08-23,42211103.65085878
2022-08-24,42211103.65085878
2022-08-25,42211103.65085878
2022-08-26,42211103.65085878
2022-08-29,42211103.65085878
2022-08-30,42211103.65085878
2022-08-31,42211103.65085878
2022-09-01,42211103.65085878
2022-09-02,42211103.65085878
2022-09-06,42211103.65085878
2022-09-07,42211103.65085878
2022-09-08,42211103.65085878
2022-09-09,42211103.65085878
2022-09-12,42211103.65085878
2022-09-13,42211103.65085878
2022-09-14,42211103.65085878
2022-09-15,42211103.65085878
2022-09-16,42211103.65085878
2022-09-19,42211103.65085878
2022-09-20,42211103.65085878
2022-09-21,42211103.65085878
2022-09-22,42211103.65085878
2022-09-23,42211103.65085878
2022-09-26,42211103.65085878
2022-09-27,42211103.65085878
2022-09-28,42211103.65085878
2022-09-29,42211103.65085878
2022-09-30,41781833.37713194
2022-10-03,42817096.94427872
2022-10-04,44542176.328745805
2022-10-05,44332520.81127963
2022-10-06,44069543.42241826
2022-10-07,42653748.40361659
2022-10-10,42322548.99119956
2022-10-11,41872808.47876715
2022-10-12,41819524.55343828
2022-10-13,42714852.42145745
2022-10-14,41366764.0593501
2022-10-17,42683661.02299635
2022-10-18,43169255.47814136
2022-10-19,42668276.1152636
2022-10-20,42169596.45570372
2022-10-21,43232826.02361072
2022-10-24,43554875.21689942
2022-10-25,44634848.44872216
2022-10-26,44824139.60882101
2022-10-27,44842599.0330845
2022-10-28,45905390.73046472
2022-10-31,45689087.7925169
2022-11-01,45946919.02088884
2022-11-02,44557366.5822413
2022-11-03,44511909.55115096
2022-11-04,45100710.17569627
2022-11-07,45489301.09952708
2022-11-08,45662848.09018606
2022-11-09,44564689.590476856
2022-11-10,47650163.224406056
2022-11-11,48393686.092596605
2022-11-14,47695528.13109031
2022-11-15,48381417.10980955
2022-11-16,47459916.892502256
2022-11-17,46986961.82988791
2022-11-18,47149621.12602512
2022-11-21,46784403.10898122
2022-11-22,47369612.184017286
2022-11-23,47788099.957237884
2022-11-25,47760507.59231058
2022-11-28,46931913.851837724
2022-11-29,46997887.00471613
2022-11-30,48577494.7510829
2022-12-01,48635916.76583737
2022-12-02,48641610.0706698
2022-12-05,47352512.310662486
2022-12-06,46725419.15481721
2022-12-07,46521086.80933744
2022-12-08,46967283.153540805
2022-12-09,46766592.68358732
2022-12-12,47333337.26035412
2022-12-13,47756525.16467413
2022-12-14,47483640.73026617
2022-12-15,46186292.88911976
2022-12-16,45594386.46445254
2022-12-19,45065399.48607978
2022-12-20,45010898.21065846
2022-12-21,45823095.18858872
2022-12-22,45110800.03401126
2022-12-23,45279080.26157993
2022-12-27,44927668.63313925
2022-12-28,44342020.61478003
2022-12-29,45365997.38650243
2022-12-30,45221298.08954128
2023-01-03,44862723.99386647
2023-01-04,45699117.94078256
2023-01-05,45269636.67845486
2023-01-06,46428737.93950648
2023-01-09,46709307.99095938
2023-01-10,47175553.75949309
2023-01-11,47804278.9588339
2023-01-12,48182288.66220355
2023-01-13,48358840.53221584
2023-01-17,48346147.8338438
2023-01-18,47712228.97434644
2023-01-19,47068551.91287423
2023-01-20,48287040.43750201
2023-01-23,49274914.99650081
2023-01-24,49187961.79743245
2023-01-25,49223240.610666245
2023-01-26,49862520.040099785
2023-01-27,50243098.66763725
2023-01-30,49522307.109283686
2023-01-31,50426285.50903734
2023-02-01,51556020.39783986
2023-02-02,52291112.31876289
2023-02-03,51769911.37020074
2023-02-06,51306052.03286316
2023-02-07,51960798.273501046
2023-02-08,51563775.17015255
2023-02-09,50759433.241487056
2023-02-10,50348518.11778212
2023-02-13,51027607.52603736
2023-02-14,51388495.04576233
2023-02-15,51767164.425218575
2023-02-16,50942142.275354296
2023-02-17,50781194.59532915
2023-02-21,49503438.70301957
2023-02-22,49489902.48089801
2023-02-23,49738117.99294237
2023-02-24,49156442.18212533
2023-02-27,49472773.41591942
2023-02-28,49416613.885411255
2023-03-01,49395603.05699096
2023-03-02,49727446.623235874
2023-03-03,50503196.65723739
2023-03-06,50189442.85328606
2023-03-07,49444385.83572309
2023-03-08,49550043.70502668
2023-03-09,48462150.13578504
2023-03-10,47324981.64678621
2023-03-13,46829701.30549944
2023-03-14,47533695.23105265
2023-03-15,46942312.98537943
2023-03-16,47701903.61380085
2023-03-17,46996122.55106488
2023-03-20,47342812.13625229
2023-03-21,48109958.3877769
2023-03-22,47270399.853023686
2023-03-23,47365529.51805177
2023-03-24,47342921.88184783
2023-03-27,47526256.07390831
2023-03-28,47430168.21150744
2023-03-29,48030587.65243674
2023-03-30,48328399.3864857
2023-03-31,49030095.91126781
2023-04-03,48850905.51697563
2023-04-04,48387800.63220324
2023-04-05,47967523.61611921
2023-04-06,47916208.1797759
2023-04-10,48245533.7059525
2023-04-11,48506971.29321741
2023-04-12,48198938.87413951
2023-04-13,48633942.1844606
2023-04-14,48572652.82385787
2023-04-17,48726630.16527449
2023-04-18,48884916.810324654
2023-04-19,48774079.66463841
2023-04-20,48921017.75449192
2023-04-21,49176834.803238735
2023-04-24,49172724.85608134
2023-04-25,48398418.857182
2023-04-26,48081298.13489142
2023-04-27,48656877.518050976
2023-04-28,49214116.26225743
2023-05-01,49167472.42649792
2023-05-02,48720201.66648142
2023-05-03,48542084.16394934
2023-05-04,48458382.55668855
2023-05-05,49212480.32689762
2023-05-08,49416126.61948232
2023-05-09,49250730.715230174
2023-05-10,49310606.68079347
2023-05-11,49206961.18891429
2023-05-12,49079121.06242899
2023-05-15,49498177.920659125
2023-05-16,49001092.818041205
2023-05-17,49777074.664615415
2023-05-18,50564550.43720444
2023-05-19,50310030.43870782
2023-05-22,50529367.238895975
2023-05-23,49885987.90112497
2023-05-24,49507647.38371161
2023-05-25,50099171.604135424
2023-05-26,50930600.42956671
2023-05-30,51153487.8697267
2023-05-31,50561482.97230385
2023-06-01,51232744.80191739
2023-06-02,52209683.26187019
2023-06-05,51994551.14205574
2023-06-06,52432701.40973028
2023-06-07,52579064.99336575
2023-06-08,53068649.85285546
2023-06-09,53067970.75897552
2023-06-12,53577175.96319877
2023-06-13,54319561.54687709
2023-06-14,54465229.179285325
2023-06-15,55097199.136663154
2023-06-16,54771953.75895253
2023-06-20,54615980.74338591
2023-06-21,54347235.27121905
2023-06-22,54417399.37962941
2023-06-23,53757009.69975867
2023-06-26,53709070.73665269
2023-06-27,54825456.37513679
2023-06-28,55234882.20209592
2023-06-29,55482129.48972975
2023-06-30,56030154.9792794
2023-07-03,56337712.23900073
2023-07-05,56079372.67058063
2023-07-06,55465180.61792322
2023-07-07,55874706.5809015
2023-07-10,56536919.533898495
2023-07-11,56906250.40955719
2023-07-12,57269121.61087395
2023-07-13,57763583.38366135
2023-07-14,57539133.101140976
2023-07-17,58002471.95400422
2023-07-18,58748010.24371226
2023-07-19,59398554.2824737
2023-07-20,58437375.12172109
2023-07-21,58137188.58652357
2023-07-24,58251979.36488554
2023-07-25,58490895.77130238
2023-07-26,58737696.93125966
2023-07-27,58155879.88056902
2023-07-28,58744050.76386316
2023-07-31,58782235.86942089
2023-08-01,58680064.84123049
2023-08-02,57950482.98327912
2023-08-03,58017674.609986566
2023-08-04,57982904.66558845
2023-08-07,58476117.59869691
2023-08-08,58202473.141332805
2023-08-09,57921577.68297788
2023-08-10,57923909.30041029
2023-08-11,57762364.1978344
2023-08-14,57946783.17708502
2023-08-15,57340119.685637705
2023-08-16,56828062.536159575
2023-08-17,56130112.46888119
2023-08-18,56167633.10828556
2023-08-21,56432415.41325214
2023-08-22,56385638.22477952
2023-08-23,57009000.36551244
2023-08-24,56335553.56449688
2023-08-25,56683863.2829164
2023-08-28,57040907.02890854
2023-08-29,57804578.23188442
2023-08-30,57981683.32431128
2023-08-31,58058799.12040021
2023-09-01,58217840.81749925
2023-09-05,57991316.61519231
2023-09-06,57789625.9526251
2023-09-07,57616718.67083966
2023-09-08,57574673.79079496
2023-09-11,57929511.48216363
2023-09-12,57664719.10239919
2023-09-13,57431538.74496477
2023-09-14,57739333.76906207
2023-09-15,57303437.22756896
2023-09-18,57248306.49517366
2023-09-19,57185391.77772743
2023-09-20,56835612.89326488
2023-09-21,56026122.17509745
2023-09-22,55908885.594270736
2023-09-25,56199798.16728521
2023-09-26,55615749.70532772
2023-09-27,55763631.66014952
2023-09-28,56156670.72100475
2023-09-29,56054015.08011609
2023-10-02,55900515.63078478
2023-10-03,55214901.084100224
2023-10-04,55660097.01613724
2023-10-05,55613174.58324643
2023-10-06,56137961.76131507
2023-10-09,56334301.50937908
2023-10-10,56479561.17525838
2023-10-11,56589743.45599159
2023-10-12,56258250.83210731
2023-10-13,55895243.5780906
2023-10-16,56252723.45240069
2023-10-17,56354740.22601306
2023-10-18,55607748.99078799
2023-10-19,55272790.23748581
2023-10-20,54825194.93578256
2023-10-23,54809591.30832133
2023-10-24,55047621.28507765
2023-10-25,54522203.6343025
2023-10-26,54241799.86388339
2023-10-27,54159538.39908548
2023-10-30,54340606.64835644
2023-10-31,54491273.58515756
2023-11-01,54886535.987813
2023-11-02,55462990.70724811
2023-11-03,55823151.652572885
2023-11-06,55747097.03115595
2023-11-07,55873507.30087172
2023-11-08,55909652.048984565
2023-11-09,55785237.59300414
2023-11-10,56299332.77438654
2023-11-13,56372590.60093889
2023-11-14,57041694.67939663
2023-11-15,57104002.07754909
2023-11-16,57029865.783906296
2023-11-17,57213559.86078904
2023-11-20,57452800.23583792
2023-11-21,57449055.482982166
2023-11-22,57488268.15848369
2023-11-24,57577182.541900925
2023-11-27,57563201.80779717
2023-11-28,57557468.09973938
2023-11-29,57730073.98537532
2023-11-30,57797280.22465631
2023-12-01,57942678.64909301
2023-12-04,57686540.46908096
2023-12-05,57605617.17765841
2023-12-06,57400654.35535576
2023-12-07,57667089.38846766
2023-12-08,57856819.02153857
2023-12-11,58077618.41231163
2023-12-12,58181288.30542194
2023-12-13,58609726.51419727
2023-12-14,58902080.65552061
2023-12-15,58981241.20291588
2023-12-18,59131590.70661463
2023-12-19,59382354.32536131
2023-12-20,58841882.747245096
2023-12-21,59225771.35787179
2023-12-22,59213999.48962893
2023-12-26,59422635.04277499
2023-12-27,59522302.24479226
2023-12-28,59439301.74835977
2023-12-29,59269831.12227489
2024-01-02,58842385.48088699
2024-01-03,58473089.130728245
2024-01-04,58487510.09378012
2024-01-05,58494851.92088883
2024-01-08,58961744.56387168
2024-01-09,58868832.48440479
2024-01-10,58947872.98356188
2024-01-11,59042173.25586288
2024-01-12,58989335.06569507
2024-01-16,58942713.63894339
2024-01-17,58771198.01628328
2024-01-18,59053931.18925925
2024-01-19,59433370.30460589
2024-01-22,59648842.22104888
2024-01-23,59591838.73405206
2024-01-24,59895461.72192931
2024-01-25,60273630.30671172
2024-01-26,60176382.35133493
2024-01-29,60449747.5699004
2024-01-30,60357282.725752056
2024-01-31,59926322.58484985
2024-02-01,60439337.54801636
2024-02-02,61041325.81750476
2024-02-05,61034882.93760663
2024-02-06,61189413.97344296
2024-02-07,62442454.55955333
2024-02-08,62690427.9414326
2024-02-09,63122536.639036775
2024-02-12,63000241.73321225
2024-02-13,62514699.52551027
2024-02-14,63313609.25179664
2024-02-15,63731418.91163693
2024-02-16,63303340.52238051
2024-02-20,62950312.46766443
2024-02-21,62897081.95213107
2024-02-22,63825354.84294389
2024-02-23,63699101.89696364
2024-02-26,63755983.17680213
2024-02-27,63796820.79559675
2024-02-28,63687435.27338088
2024-02-29,64119625.389143445
2024-03-01,64517426.26614344
2024-03-04,64780149.37945847
2024-03-05,64480961.969275296
2024-03-06,64779025.11132064
2024-03-07,65235910.569444805
2024-03-08,64707046.81286233
2024-03-11,64544262.72634653
2024-03-12,65018781.72464698
2024-03-13,64944599.58511392
2024-03-14,64820489.398515575
2024-03-15,64565380.628864326
2024-03-18,64682445.23848113
2024-03-19,64835646.306967296
2024-03-20,65124646.78254411
2024-03-21,65351887.57184338
2024-03-22,65281594.162401564
2024-03-25,65271876.805866666
2024-03-26,65302402.98832457
2024-03-27,65452287.35776089
2024-03-28,65413400.7166384
2024-04-01,65362170.73100705
2024-04-02,65163591.962301455
2024-04-03,65410770.112362914
2024-04-04,65054238.820954695
2024-04-05,65377957.12245288
2024-04-08,65390035.62741798
2024-04-09,65315810.48166854
2024-04-10,64990769.8061921
2024-04-11,65121964.10279344
2024-04-12,64689931.59932341
2024-04-15,64293332.30099572
2024-04-16,64235320.78707758
2024-04-17,63986823.56472344
2024-04-18,63818054.79169522
2024-04-19,63147799.75909802
2024-04-22,63664645.85289859
2024-04-23,64988486.29873443
2024-04-24,64806386.47941542
2024-04-25,65134486.87212796
2024-04-26,65146584.14235618
2024-04-29,65792000.73886517
2024-04-30,64470842.16003139
2024-05-01,63944277.60264443
2024-05-02,65220389.57009499
2024-05-03,66082617.9213672
2024-05-06,66826884.97884167
2024-05-07,66700580.86617408
2024-05-08,66747187.42297841
2024-05-09,67332179.26331992
2024-05-10,67450850.29262577
2024-05-13,66972282.169720665
2024-05-14,67612326.25767574
2024-05-15,68686086.99839513
2024-05-16,68114528.69852789
2024-05-17,68168603.95963974
2024-05-20,68535666.72955963
2024-05-21,68492093.91029158
2024-05-22,67933540.76337768
2024-05-23,67191689.81892993
2024-05-24,68001046.1967934
2024-05-28,67784347.1989691
2024-05-29,67159310.6951867
2024-05-30,66976570.13734489
2024-05-31,67137335.07748264
2024-06-03,66612391.91586404
2024-06-04,66409764.12222035
2024-06-05,67621791.40708885
2024-06-06,67257797.94964764
2024-06-07,67164026.49826893
2024-06-10,67497124.47425978
2024-06-11,67270422.64303403
2024-06-12,68081385.84735157
2024-06-13,67938524.8424727
2024-06-14,67552239.55893226
2024-06-17,68364791.57369189
2024-06-18,68665421.06146438
2024-06-20,68505749.25152907
2024-06-21,68519249.0139576
2024-06-24,68386929.21123666
2024-06-25,68640901.38245489
2024-06-26,68551913.37329388
2024-06-27,68714734.66404715
2024-06-28,68734361.01714516
2024-07-01,68576905.47816008
2024-07-02,69326612.91327098
2024-07-03,69678240.96735674
2024-07-05,69733234.4392198
2024-07-08,69690864.09116256
2024-07-09,69587853.8754912
2024-07-10,70163273.00740176
2024-07-11,70143681.39167026
2024-07-12,70857224.3454732
2024-07-15,71711936.69122985
2024-07-16,72796566.66654716
2024-07-17,71182735.54539949
2024-07-18,70552419.36700296
2024-07-19,70283176.75895786
2024-07-22,71083457.36213729
2024-07-23,70882877.5926185
2024-07-24,69170753.2829645
2024-07-25,69492455.55281138
2024-07-26,69926994.78024589
2024-07-29,69942587.33924265
2024-07-30,69602670.09053859
2024-07-31,70788275.54555513
2024-08-01,69555096.03502226
2024-08-02,68529353.51133673
2024-08-05,66974131.24920647
2024-08-06,67998537.87750953
2024-08-07,66891636.47538129
2024-08-08,68747562.6452424
2024-08-09,68911266.69215414
2024-08-12,68775986.763239
2024-08-13,70098713.35246058
2024-08-14,70305026.47356543
2024-08-15,71956533.93754171
2024-08-16,72106776.7887618
2024-08-19,72673188.41142395
2024-08-20,72264795.66355023
2024-08-21,73004901.36289236
2024-08-22,72372047.6493947
2024-08-23,73551123.72001362
2024-08-26,72911379.91624787
2024-08-27,72825018.76106793
2024-08-28,72103022.38794824
2024-08-29,72051432.93405057
2024-08-30,72632846.12819086
2024-09-03,70775432.17902757
2024-09-04,70854323.94616422
2024-09-05,69973788.25786273
2024-09-06,68542025.53008522
2024-09-09,69408605.30648358
2024-09-10,69498883.48998484
2024-09-11,70339195.79244065
2024-09-12,71175935.0412187
2024-09-13,71996392.83072892
2024-09-16,72413037.56227873
2024-09-17,72871549.05074997
2024-09-18,72775237.52435152
2024-09-19,74518913.75174826
2024-09-20,74141038.4228744
2024-09-23,74580545.47607437
2024-09-24,74938212.17275976
2024-09-25,74615065.20885833
2024-09-26,74734437.00984997
2024-09-27,74802325.25939673
2024-09-30,74693807.9720755
2024-10-01,74155004.56498532
2024-10-02,74350498.19267811
2024-10-03,73976046.98999211
2024-10-04,74815966.37673509
2024-10-07,74331536.69406407
2024-10-08,75088174.668444
2024-10-09,75627448.9001507
2024-10-10,75609775.84175192
2024-10-11,76270199.0429302
2024-10-14,76669216.55417903
2024-10-15,76135589.18643105
2024-10-16,76675221.07278857
2024-10-17,76375989.14372702
2024-10-18,76844767.5530732
2024-10-21,76423747.27582493
2024-10-22,76270932.58809544
2024-10-23,75634316.55245197
2024-10-24,76614475.8306853
2024-10-25,76830298.0881342
2024-10-28,77165276.55868126
2024-10-29,77440603.13417612
2024-10-30,77707418.5608719
2024-10-31,77272638.93688135
2024-11-01,77017463.25532432
2024-11-04,77146724.81138323
2024-11-05,78574486.07295224
2024-11-06,81773611.64711468
2024-11-07,82244240.54315566
2024-11-08,82980889.74239273
2024-11-11,84121110.35181572
2024-11-12,83412085.89865164
2024-11-13,83108207.74173303
2024-11-14,82479942.25450857
2024-11-15,81748428.8218251
2024-11-18,82296277.17997971
2024-11-19,82956648.98887701
2024-11-20,83252802.2938939
2024-11-21,84225122.78103074
2024-11-22,84931959.72055127
2024-11-25,85004022.06566359
2024-11-26,85065373.08622938
2024-11-27,84610162.10593376
2024-11-29,85262742.79795519
2024-12-02,85383104.83590701
2024-12-03,85280295.80448367
2024-12-04,86032045.95000632
2024-12-05,85594730.53196125
2024-12-06,86037841.01701735
2024-12-09,85246198.63974598
2024-12-10,84980223.7724011
2024-12-11,86308822.52324656
2024-12-12,85917115.30343783
2024-12-13,85979247.53528878
2024-12-16,86535471.47396499
2024-12-17,86346057.73567538
2024-12-18,83597368.10296647
2024-12-19,83457325.08204098
2024-12-20,83277516.51739877
2024-12-23,83403812.94039679
2024-12-24,84380165.60759754
2024-12-26,84148930.48014255
2024-12-27,83320755.38135713
2024-12-30,83068326.44969131
2024-12-31,82801990.93002069
2025-01-02,82860788.53251112
2025-01-03,83065323.61411305
2025-01-06,83800807.92785402
2025-01-07,82818141.38840903
2025-01-08,83057142.34788409
2025-01-10,81577589.85104783
2025-01-13,81995462.94336867
2025-01-14,82325293.91230595
2025-01-15,84283300.94336997
2025-01-16,85009415.50946629
2025-01-17,85722728.62673476
2025-01-21,86733889.44911262
2025-01-22,87250526.40299168
2025-01-23,87936485.31921789
2025-01-24,87560199.52991234
2025-01-27,85802489.58350629
2025-01-28,86543937.59859034
2025-01-29,86146933.99748243
2025-01-30,86880380.69488358
2025-01-31,86366288.6005688
2025-02-03,85496629.9948763
2025-02-04,85929712.51059987
2025-02-05,86673886.2526372
2025-02-06,87528038.8532672
2025-02-07,87105996.8867295
2025-02-10,87433885.93612978
2025-02-11,86842909.8966018
2025-02-12,86337629.1528865
2025-02-13,87213796.52093053
2025-02-14,87935328.02710709
2025-02-18,88148656.10935768
2025-02-19,87732326.33720247
2025-02-20,85975026.89503779
2025-02-21,83086290.12259857
2025-02-24,82364294.27988416
2025-02-25,81640915.76445979
2025-02-26,82169858.22488475
2025-02-27,80616591.63407934
2025-02-28,81931143.96274638
2025-03-03,80028059.11836043
2025-03-04,78589569.62266722
2025-03-05,79246106.00791559
2025-03-06,76422076.92336209
2025-03-07,76378994.15923896
2025-03-10,74025969.06701055
2025-03-11,74037568.57170801
2025-03-12,74726629.08939841
2025-03-13,73350089.45735784
2025-03-14,75017498.73500113
2025-03-17,75784947.13217977
2025-03-18,74843738.43429768
2025-03-19,75696643.0850861
2025-03-20,75765941.01582685
2025-03-21,75798286.87200107
2025-03-24,76877563.34795634
2025-03-25,77197948.67231601
2025-03-26,76483253.91734459
2025-03-27,76376979.9728147
2025-03-28,75768136.87877509
2025-03-31,76056366.75858684
2025-04-01,76257368.71868874
2025-04-02,76793589.0376702
2025-04-03,74532262.93319176
2025-04-04,73831677.54607806
2025-04-07,74072383.48215453
2025-04-08,73156216.69790056
2025-04-09,78934043.10850343
2025-04-10,76159210.1363466
2025-04-11,75887889.37264326
2025-04-14,76715590.9512048
2025-04-15,77110200.76146509
2025-04-16,75551734.694437
2025-04-17,76165458.43661235
2025-04-21,74033367.57504576
2025-04-22,76381206.60992533
2025-04-23,78201542.84966542
2025-04-24,80800632.19129634
2025-04-25,80853116.24777798
2025-04-28,81190626.4982954
2025-04-29,81687513.20595126
2025-04-30,82253216.89774153
2025-05-01,82530396.26451808
2025-05-02,84441836.99577464
2025-05-05,84022174.56249751
2025-05-06,83288437.69424355
2025-05-07,83998799.09194882
2025-05-08,85255939.70245399
2025-05-09,84996254.30031124
2025-05-12,89039892.63944298
2025-05-13,90372939.68726005
2025-05-14,91016071.53725572
2025-05-15,90938396.91731666
2025-05-16,91884019.4225683
2025-05-19,91615451.35484396
2025-05-20,91072961.92009576
2025-05-21,88976165.00276192
2025-05-22,88999447.29836574
2025-05-23,88525085.41479824
2025-05-27,90683779.56991482
2025-05-28,90232050.5974766
2025-05-29,90182456.61332484
2025-05-30,89808317.56447342
2025-06-02,90003727.89230473
2025-06-03,91019366.87538724
2025-06-04,91034584.48283184
2025-06-05,90375876.4223232
2025-06-06,91352044.97265278
2025-06-09,91475351.33056349
2025-06-10,92149555.60722405
2025-06-11,91974849.16805898
2025-06-12,91733180.42833598
2025-06-13,90308304.09067482
2025-06-16,91390109.67413098
2025-06-17,90524311.15490508
2025-06-18,91076025.09573488
2025-06-20,91302648.82174855
2025-06-23,92591070.8782568
2025-06-24,93890414.07832462
2025-06-25,93377547.7075214
2025-06-26,94129163.1440586
2025-06-27,95126849.88046536
2025-06-30,95665448.96019806
2025-07-01,95568236.71057804
2025-07-02,96646659.78426316
2025-07-03,97358373.32935992
2025-07-07,96298520.93393932
2025-07-08,96440295.3263252
2025-07-09,96949432.68413638
2025-07-10,97487389.44165358
2025-07-11,96893093.29562664
2025-07-14,97233005.16370831
2025-07-15,96241775.52488229
2025-07-16,96853933.00435078
2025-07-17,97788279.77186424
2025-07-18,97580878.64504288
2025-07-21,97277349.51999548
2025-07-22,97610175.844966
2025-07-23,98433015.77199589
2025-07-24,98000255.80421256
2025-07-25,99059995.7645304
2025-07-28,99312441.02108972
2025-07-29,98988240.00090928
2025-07-30,98873462.63112436
2025-07-31,97932865.30880976
2025-08-01,96233336.51214866
2025-08-04,97639924.30766928
2025-08-05,97014656.21453892
2025-08-06,97606745.31764472
2025-08-07,97405359.14339308
2025-08-08,97810692.21000184
2025-08-11,97765036.36254293
2025-08-12,99722439.23325558
2025-08-13,100431409.789541
2025-08-14,99831451.71412058
2025-08-15,99359533.34650303
2025-08-18,99769319.91347404
2025-08-19,99181007.74726076
2025-08-20,98429959.75639012
2025-08-21,98213831.48185831
2025-08-22,100873183.97530012
2025-08-25,100515991.41361187
2025-08-26,101356108.60070813
2025-08-27,101066322.7945815
2025-08-28,101350521.0851489
2025-08-29,100349435.5822307
2025-09-02,99858171.2920392
2025-09-03,99754787.96457414
2025-09-04,101294460.68266314
2025-09-05,101244103.45020324
2025-09-08,101596936.29038347
2025-09-09,101541272.6999354
2025-09-10,101721650.61381295
2025-09-11,102750756.6849342
2025-09-12,102324101.16186468
2025-09-15,103221643.20755118
2025-09-16,103260601.81995273
2025-09-17,103190850.18912056
2025-09-18,103961165.1327146
2025-09-19,104327895.74312384
2025-09-22,104767098.88151424
2025-09-23,104421057.9428165
2025-09-24,103670349.41707478
2025-09-25,102989008.23204322
2025-09-26,103342418.93817411
2025-09-29,103956476.88918664
2025-09-30,103965183.77851649
2025-10-01,104303371.94382748
2025-10-02,104016487.25855324
2025-10-03,103776699.4773945
2025-10-06,104831552.92727531
2025-10-07,104132745.6888929
2025-10-08,105193007.19042258
2025-10-09,104963178.15943408
2025-10-10,101562149.36055665
2025-10-13,102800353.41176796
2025-10-14,103062745.64571096
2025-10-15,103498897.36681628
2025-10-16,102662196.27748564
2025-10-17,102761725.90647772
2025-10-20,104039346.73154604
2025-10-21,104596689.1268369
2025-10-22,102570456.43242338
2025-10-23,103079295.01372752
2025-10-24,103590146.0704215
2025-10-27,104392862.80731156
2025-10-28,104393214.28008272
2025-10-29,104483790.3376474
2025-10-30,103820564.74838267
2025-10-31,105017194.63616095
2025-11-03,104994070.25347131
2025-11-04,103659883.21518368
2025-11-05,103941562.39298984
2025-11-06,102977827.53990635
2025-11-07,103604094.9694709
2025-11-10,104725755.1124343
2025-11-11,104513680.59815532
2025-11-12,104858412.08296604
2025-11-13,102682764.23511197
2025-11-14,102263163.1554131
2025-11-17,101017334.49368031
2025-11-18,100871978.823172
2025-11-19,100902258.99978356
2025-11-20,99349355.28334402
2025-11-21,100289562.16672564
2025-11-24,102070430.95378584
2025-11-25,103699833.12508698
2025-11-26,104700967.5448704
2025-11-28,105529983.44751433
2025-12-01,105357193.2224431
2025-12-02,104955827.03710169
2025-12-03,106295436.12307385
2025-12-04,106817448.94145776
2025-12-05,107287708.18501724
2025-12-08,107491256.21771044
2025-12-09,107879867.65238072
2025-12-10,109876830.66075286
2025-12-11,110400740.97291328
2025-12-12,108737893.18757538
2025-12-15,108478698.75366326
2025-12-16,108523698.47728457
2025-12-17,106835083.57454206
2025-12-18,107674400.73176396
2025-12-19,108103500.60962231
2025-12-22,108520641.04151018
2025-12-23,108463768.0773881
2025-12-24,108818214.14959916
2025-12-25,108818214.14959916
2025-12-26,108754730.2563343
2025-12-29,107887724.26644912
2025-12-30,107300131.48492824
2025-12-31,106297076.08444762
2026-01-02,107086822.36820516
2026-01-05,109176438.43026043
2026-01-06,110450814.36401466
2026-01-07,109227768.72690187
2026-01-08,109044705.77421194
2026-01-09,110347874.60745466
2026-01-12,110619473.94087304
2026-01-13,110799194.3382176
2026-01-14,110430664.2041451
2026-01-15,111526346.64082552
2026-01-16,110983477.24839938
2026-01-20,108950408.48060957
2026-01-21,111076412.22204518
2026-01-22,111762549.76486547
2026-01-23,110911935.64949808
2026-01-26,110997323.17079836
2026-01-27,111338699.01403873
2026-01-28,110346903.28063464
2026-01-29,110457752.54112191
2026-01-30,108892546.53655756
2026-02-02,110770220.80698197
2026-02-03,110882370.41113636
2026-02-04,110407824.65544891
2026-02-05,109694365.4738292
2026-02-06,114171482.52614568
2026-02-09,114964660.49866264
2026-02-10,114079183.4189557
2026-02-11,113961410.58807231
2026-02-12,110982270.0718278
2026-02-13,112177526.75638022
2026-02-17,112651454.37329312
2026-02-18,113420043.3432898
2026-02-19,112890778.9317088
2026-02-20,114210594.63358045
2026-02-23,111908191.97161011
2026-02-24,113384815.59217432
2026-02-25,113635073.36584544
2026-02-26,114258069.23199844
2026-02-27,114376973.31220584
2026-03-02,114783876.97486128
2026-03-03,113624686.12692206
2026-03-04,114014485.84665228
2026-03-05,112702592.44642544
2026-03-06,109783983.3422442
