,portfolio_nav_gross
2007-10-19,9103208.547568789
2007-10-22,9167170.652589569
2007-10-23,9220801.100922605
2007-10-24,9190180.395171896
2007-10-25,9164826.439843087
2007-10-26,9259418.202802239
2007-10-29,9276784.911287071
2007-10-30,9252373.796502778
2007-10-31,9335052.966421949
2007-11-01,9137074.310539367
2007-11-02,9138226.309554504
2007-11-05,9088050.999483434
2007-11-06,9169722.307932895
2007-11-07,8989803.237706287
2007-11-08,9031751.23453682
2007-11-09,8970330.746882502
2007-11-12,8970330.746882502
2007-11-13,8970330.746882502
2007-11-14,8970330.746882502
2007-11-15,8970330.746882502
2007-11-16,8970330.746882502
2007-11-19,8970330.746882502
2007-11-20,8970330.746882502
2007-11-21,8970330.746882502
2007-11-23,8970330.746882502
2007-11-26,8970330.746882502
2007-11-27,8970330.746882502
2007-11-28,8970330.746882502
2007-11-29,8970330.746882502
2007-11-30,8970330.746882502
2007-12-03,8970330.746882502
2007-12-04,8970330.746882502
2007-12-05,8970330.746882502
2007-12-06,8970330.746882502
2007-12-07,8970330.746882502
2007-12-10,8970330.746882502
2007-12-11,8970330.746882502
2007-12-12,8970330.746882502
2007-12-13,8970330.746882502
2007-12-14,8970330.746882502
2007-12-17,8970330.746882502
2007-12-18,8970330.746882502
2007-12-19,8970330.746882502
2007-12-20,8970330.746882502
2007-12-21,8970330.746882502
2007-12-24,8970330.746882502
2007-12-26,8970330.746882502
2007-12-27,8970330.746882502
2007-12-28,8970330.746882502
2007-12-31,8970330.746882502
2008-01-02,8970330.746882502
2008-01-03,8970330.746882502
2008-01-04,8970330.746882502
2008-01-07,8970330.746882502
2008-01-08,8970330.746882502
2008-01-09,8970330.746882502
2008-01-10,8970330.746882502
2008-01-11,8970330.746882502
2008-01-14,8970330.746882502
2008-01-15,8970330.746882502
2008-01-16,8970330.746882502
2008-01-17,8970330.746882502
2008-01-18,8970330.746882502
2008-01-22,8970330.746882502
2008-01-23,8970330.746882502
2008-01-24,8970330.746882502
2008-01-25,8970330.746882502
2008-01-28,8970330.746882502
2008-01-29,8970330.746882502
2008-01-30,8970330.746882502
2008-01-31,8970330.746882502
2008-02-01,8970330.746882502
2008-02-04,8970330.746882502
2008-02-05,8970330.746882502
2008-02-06,8970330.746882502
2008-02-07,8970330.746882502
2008-02-08,8970330.746882502
2008-02-11,8970330.746882502
2008-02-12,8970330.746882502
2008-02-13,8970330.746882502
2008-02-14,8970330.746882502
2008-02-15,8970330.746882502
2008-02-19,8970330.746882502
2008-02-20,8970330.746882502
2008-02-21,8970330.746882502
2008-02-22,8970330.746882502
2008-02-25,8970330.746882502
2008-02-26,8970330.746882502
2008-02-27,8970330.746882502
2008-02-28,8970330.746882502
2008-02-29,8970330.746882502
2008-03-03,8970330.746882502
2008-03-04,8970330.746882502
2008-03-05,8970330.746882502
2008-03-06,8970330.746882502
2008-03-07,8970330.746882502
2008-03-10,8970330.746882502
2008-03-11,8970330.746882502
2008-03-12,8970330.746882502
2008-03-13,8970330.746882502
2008-03-14,8970330.746882502
2008-03-17,8970330.746882502
2008-03-18,8970330.746882502
2008-03-19,8970330.746882502
2008-03-20,8970330.746882502
2008-03-24,8970330.746882502
2008-03-25,8970330.746882502
2008-03-26,8970330.746882502
2008-03-27,8970330.746882502
2008-03-28,8970330.746882502
2008-03-31,8970330.746882502
2008-04-01,8970330.746882502
2008-04-02,8970330.746882502
2008-04-03,8970330.746882502
2008-04-04,8970330.746882502
2008-04-07,8970330.746882502
2008-04-08,8970330.746882502
2008-04-09,8970330.746882502
2008-04-10,8970330.746882502
2008-04-11,8970330.746882502
2008-04-14,8970330.746882502
2008-04-15,8970330.746882502
2008-04-16,8970330.746882502
2008-04-17,8970330.746882502
2008-04-18,8970330.746882502
2008-04-21,8970330.746882502
2008-04-22,8970330.746882502
2008-04-23,8970330.746882502
2008-04-24,8970330.746882502
2008-04-25,8970330.746882502
2008-04-28,8970330.746882502
2008-04-29,8970330.746882502
2008-04-30,8970330.746882502
2008-05-01,8970330.746882502
2008-05-02,8970330.746882502
2008-05-05,8970330.746882502
2008-05-06,8970330.746882502
2008-05-07,8970330.746882502
2008-05-08,8970330.746882502
2008-05-09,8970330.746882502
2008-05-12,8970330.746882502
2008-05-13,8970330.746882502
2008-05-14,8970330.746882502
2008-05-15,8970330.746882502
2008-05-16,8970330.746882502
2008-05-19,8970330.746882502
2008-05-20,8970330.746882502
2008-05-21,8970330.746882502
2008-05-22,8970330.746882502
2008-05-23,8970330.746882502
2008-05-27,8970330.746882502
2008-05-28,8970330.746882502
2008-05-29,8970330.746882502
2008-05-30,8970330.746882502
2008-06-02,8970330.746882502
2008-06-03,8970330.746882502
2008-06-04,8970330.746882502
2008-06-05,8970330.746882502
2008-06-06,8970330.746882502
2008-06-09,8970330.746882502
2008-06-10,8970330.746882502
2008-06-11,8970330.746882502
2008-06-12,8970330.746882502
2008-06-13,8970330.746882502
2008-06-16,8970330.746882502
2008-06-17,8970330.746882502
2008-06-18,8970330.746882502
2008-06-19,8970330.746882502
2008-06-20,8970330.746882502
2008-06-23,8970330.746882502
2008-06-24,8970330.746882502
2008-06-25,8970330.746882502
2008-06-26,8970330.746882502
2008-06-27,8970330.746882502
2008-06-30,8970330.746882502
2008-07-01,8970330.746882502
2008-07-02,8970330.746882502
2008-07-03,8970330.746882502
2008-07-07,8970330.746882502
2008-07-08,8970330.746882502
2008-07-09,8970330.746882502
2008-07-10,8970330.746882502
2008-07-11,8970330.746882502
2008-07-14,8970330.746882502
2008-07-15,8970330.746882502
2008-07-16,8970330.746882502
2008-07-17,8970330.746882502
2008-07-18,8970330.746882502
2008-07-21,8970330.746882502
2008-07-22,8970330.746882502
2008-07-23,8970330.746882502
2008-07-24,8970330.746882502
2008-07-25,8970330.746882502
2008-07-28,8970330.746882502
2008-07-29,8970330.746882502
2008-07-30,8970330.746882502
2008-07-31,8970330.746882502
2008-08-01,8970330.746882502
2008-08-04,8970330.746882502
2008-08-05,8970330.746882502
2008-08-06,8970330.746882502
2008-08-07,8970330.746882502
2008-08-08,8970330.746882502
2008-08-11,8970330.746882502
2008-08-12,8970330.746882502
2008-08-13,8970330.746882502
2008-08-14,8970330.746882502
2008-08-15,8970330.746882502
2008-08-18,8970330.746882502
2008-08-19,8970330.746882502
2008-08-20,8970330.746882502
2008-08-21,8970330.746882502
2008-08-22,8970330.746882502
2008-08-25,8970330.746882502
2008-08-26,8970330.746882502
2008-08-27,8970330.746882502
2008-08-28,8970330.746882502
2008-08-29,8969457.22486016
2008-09-02,8969656.984255705
2008-09-03,8968855.44832865
2008-09-04,8965885.844955483
2008-09-05,8965740.564809011
2008-09-08,8967959.909199797
2008-09-09,8965836.184407145
2008-09-10,8967042.631540548
2008-09-11,8967743.005991697
2008-09-12,8968105.368344173
2008-09-15,8965130.974008407
2008-09-16,8966808.982962316
2008-09-17,8963969.192681767
2008-09-18,8966885.558974802
2008-09-19,8969528.10337799
2008-09-22,8966790.938862665
2008-09-23,8965676.144020207
2008-09-24,8964966.333371464
2008-09-25,8965894.769576132
2008-09-26,8966540.283923801
2008-09-29,8966540.283923801
2008-09-30,8966540.283923801
2008-10-01,8966540.283923801
2008-10-02,8966540.283923801
2008-10-03,8966540.283923801
2008-10-06,8966540.283923801
2008-10-07,8966540.283923801
2008-10-08,8966540.283923801
2008-10-09,8966540.283923801
2008-10-10,8966540.283923801
2008-10-13,8966540.283923801
2008-10-14,8966540.283923801
2008-10-15,8966540.283923801
2008-10-16,8966540.283923801
2008-10-17,8966540.283923801
2008-10-20,8966540.283923801
2008-10-21,8966540.283923801
2008-10-22,8966540.283923801
2008-10-23,8966540.283923801
2008-10-24,8966540.283923801
2008-10-27,8966540.283923801
2008-10-28,8966540.283923801
2008-10-29,8966540.283923801
2008-10-30,8966540.283923801
2008-10-31,8966540.283923801
2008-11-03,8966540.283923801
2008-11-04,8966540.283923801
2008-11-05,8966540.283923801
2008-11-06,8966540.283923801
2008-11-07,8966540.283923801
2008-11-10,8966540.283923801
2008-11-11,8966540.283923801
2008-11-12,8966540.283923801
2008-11-13,8966540.283923801
2008-11-14,8966540.283923801
2008-11-17,8966540.283923801
2008-11-18,8966540.283923801
2008-11-19,8966540.283923801
2008-11-20,8966540.283923801
2008-11-21,8966540.283923801
2008-11-24,8966540.283923801
2008-11-25,8966540.283923801
2008-11-26,8966540.283923801
2008-11-28,8966540.283923801
2008-12-01,8966540.283923801
2008-12-02,8966540.283923801
2008-12-03,8966540.283923801
2008-12-04,8966540.283923801
2008-12-05,8966540.283923801
2008-12-08,8966540.283923801
2008-12-09,8966540.283923801
2008-12-10,8966540.283923801
2008-12-11,8966540.283923801
2008-12-12,8966540.283923801
2008-12-15,8966540.283923801
2008-12-16,8966540.283923801
2008-12-17,8966540.283923801
2008-12-18,8966540.283923801
2008-12-19,8966540.283923801
2008-12-22,8966540.283923801
2008-12-23,8966540.283923801
2008-12-24,8966540.283923801
2008-12-26,8966540.283923801
2008-12-29,8966540.283923801
2008-12-30,8966540.283923801
2008-12-31,8966540.283923801
2009-01-02,8966540.283923801
2009-01-05,8966540.283923801
2009-01-06,8966540.283923801
2009-01-07,8966540.283923801
2009-01-08,8966540.283923801
2009-01-09,8966540.283923801
2009-01-12,8966540.283923801
2009-01-13,8966540.283923801
2009-01-14,8966540.283923801
2009-01-15,8966540.283923801
2009-01-16,8966540.283923801
2009-01-20,8966540.283923801
2009-01-21,8966540.283923801
2009-01-22,8966540.283923801
2009-01-23,8966540.283923801
2009-01-26,8966540.283923801
2009-01-27,8966540.283923801
2009-01-28,8966540.283923801
2009-01-29,8966540.283923801
2009-01-30,8966540.283923801
2009-02-02,8966540.283923801
2009-02-03,8966540.283923801
2009-02-04,8966540.283923801
2009-02-05,8966540.283923801
2009-02-06,8966540.283923801
2009-02-09,8966540.283923801
2009-02-10,8966540.283923801
2009-02-11,8966540.283923801
2009-02-12,8966540.283923801
2009-02-13,8966540.283923801
2009-02-17,8966540.283923801
2009-02-18,8966540.283923801
2009-02-19,8966540.283923801
2009-02-20,8966540.283923801
2009-02-23,8966540.283923801
2009-02-24,8966540.283923801
2009-02-25,8966540.283923801
2009-02-26,8966540.283923801
2009-02-27,8966540.283923801
2009-03-02,8966540.283923801
2009-03-03,8966540.283923801
2009-03-04,8966540.283923801
2009-03-05,8966540.283923801
2009-03-06,8966540.283923801
2009-03-09,8966540.283923801
2009-03-10,8966540.283923801
2009-03-11,8966540.283923801
2009-03-12,8966540.283923801
2009-03-13,8966540.283923801
2009-03-16,8966540.283923801
2009-03-17,8966540.283923801
2009-03-18,8966540.283923801
2009-03-19,8966540.283923801
2009-03-20,8966540.283923801
2009-03-23,8966540.283923801
2009-03-24,8966540.283923801
2009-03-25,8966540.283923801
2009-03-26,8966540.283923801
2009-03-27,8966540.283923801
2009-03-30,8966540.283923801
2009-03-31,8966540.283923801
2009-04-01,8966540.283923801
2009-04-02,8966540.283923801
2009-04-03,9053603.071440458
2009-04-06,8966361.810292393
2009-04-07,8739978.985375384
2009-04-08,8861657.054887878
2009-04-09,9290229.521317378
2009-04-13,9332950.448220083
2009-04-14,9140072.521197034
2009-04-15,9278549.06967766
2009-04-16,9485715.61542061
2009-04-17,9588307.282244371
2009-04-20,9137720.901759017
2009-04-21,9427332.191780875
2009-04-22,9444270.711856445
2009-04-23,9490825.89603042
2009-04-24,9696229.943592105
2009-04-27,9546431.486978253
2009-04-28,9568325.367689557
2009-04-29,9858230.267974196
2009-04-30,9876106.162937718
2009-05-01,9897597.522132425
2009-05-04,10277811.874013344
2009-05-05,10307525.022217454
2009-05-06,10416999.899875363
2009-05-07,10205764.595290968
2009-05-08,10573083.636685386
2009-05-11,10391561.681630997
2009-05-12,10269387.628403364
2009-05-13,9834699.918846102
2009-05-14,9995619.740173656
2009-05-15,9895781.388407098
2009-05-18,10246986.769633472
2009-05-19,10252036.031124564
2009-05-20,10208164.462954475
2009-05-21,10046326.213969553
2009-05-22,10018279.630185068
2009-05-26,10316318.769546885
2009-05-27,10159518.128214274
2009-05-28,10216948.94872537
2009-05-29,10333453.03210775
2009-06-01,10651767.168747533
2009-06-02,10672981.353754813
2009-06-03,10545374.23151997
2009-06-04,10699108.75604675
2009-06-05,10697350.978896387
2009-06-08,10642258.492477797
2009-06-09,10691091.20321715
2009-06-10,10677170.826472206
2009-06-11,10726525.539909212
2009-06-12,10730209.484520437
2009-06-15,10516435.097903945
2009-06-16,10382359.381021256
2009-06-17,10381331.418616088
2009-06-18,10444878.6426568
2009-06-19,10493511.416826354
2009-06-22,10182612.706723133
2009-06-23,10165417.194704132
2009-06-24,10257925.500577006
2009-06-25,10480891.452995457
2009-06-26,10547087.546502315
2009-06-29,10584304.346071513
2009-06-30,10538255.22758284
2009-07-01,10644709.4423194
2009-07-02,10358841.519586138
2009-07-06,10313128.029259514
2009-07-07,10133483.557717785
2009-07-08,10045567.937961034
2009-07-09,10084165.093667291
2009-07-10,10103103.454870349
2009-07-13,10322211.444362845
2009-07-14,10374232.606172496
2009-07-15,10671073.881618273
2009-07-16,10782968.170311019
2009-07-17,10756935.221409492
2009-07-20,10914877.72487013
2009-07-21,10909520.008970423
2009-07-22,10976157.957232757
2009-07-23,11253011.919851905
2009-07-24,11326254.44436116
2009-07-27,11410799.232229525
2009-07-28,11417985.349181987
2009-07-29,11362865.468181651
2009-07-30,11543222.86322114
2009-07-31,11580246.594035976
2009-08-03,11828186.242875317
2009-08-04,11954973.910502926
2009-08-05,11966831.064870678
2009-08-06,11862731.125700409
2009-08-07,12129531.846620232
2009-08-10,12101052.073239204
2009-08-11,11922569.605423136
2009-08-12,12086873.36689901
2009-08-13,12145757.684133101
2009-08-14,12007369.540702159
2009-08-17,11682829.554931317
2009-08-18,11863200.867266685
2009-08-19,11951861.06959866
2009-08-20,12114496.34361112
2009-08-21,12320372.244159693
2009-08-24,12307083.4273178
2009-08-25,12407240.064293666
2009-08-26,12414261.227583183
2009-08-27,12433187.939645715
2009-08-28,12434504.219364803
2009-08-31,12301150.243066795
2009-09-01,12017786.0299112
2009-09-02,11972191.818022342
2009-09-03,12118651.807084851
2009-09-04,12289506.987996578
2009-09-08,12435571.116028177
2009-09-09,12570829.299163641
2009-09-10,12703243.366920043
2009-09-11,12695871.559016889
2009-09-14,12797752.23253503
2009-09-15,12890299.007912936
2009-09-16,13116554.299714023
2009-09-17,13046844.881262055
2009-09-18,13093955.15820002
2009-09-21,13032902.017656377
2009-09-22,13142875.207582984
2009-09-23,13022277.644455688
2009-09-24,12817442.007697541
2009-09-25,12741635.023077335
2009-09-28,12983906.765201125
2009-09-29,12969262.360043647
2009-09-30,12916459.340199817
2009-10-01,12603108.433104435
2009-10-02,12532979.057809578
2009-10-05,12728668.182991272
2009-10-06,12865041.527222604
2009-10-07,12873371.44603533
2009-10-08,13001723.509262089
2009-10-09,13082796.577277375
2009-10-12,13118031.548000535
2009-10-13,13077538.107424915
2009-10-14,13296877.618184075
2009-10-15,13297104.275563559
2009-10-16,13144479.12150601
2009-10-19,13254668.064120637
2009-10-20,13103582.61755327
2009-10-21,13026054.717852522
2009-10-22,13173218.924939774
2009-10-23,12958078.506504284
2009-10-26,12786913.494707247
2009-10-27,12655810.551708348
2009-10-28,12318239.028565468
2009-10-29,12590264.236651622
2009-10-30,12298069.377071302
2009-11-02,12304002.050012179
2009-11-03,12430593.783590855
2009-11-04,12386461.859597867
2009-11-05,12674503.386530798
2009-11-06,12706456.913005384
2009-11-09,12945820.688358951
2009-11-10,12890119.356430715
2009-11-11,12982302.905279497
2009-11-12,12824645.714141985
2009-11-13,12895591.36054103
2009-11-16,13113371.910282668
2009-11-17,13115291.911772395
2009-11-18,13116082.719866673
2009-11-19,12922369.92531511
2009-11-20,12882649.868954115
2009-11-23,13016031.683797132
2009-11-24,12983758.877455847
2009-11-25,13024498.894592937
2009-11-27,12803059.684031859
2009-11-30,12852159.653479926
2009-12-01,13030895.301548839
2009-12-02,13155668.567020562
2009-12-03,13044578.283052715
2009-12-04,13195877.491386078
2009-12-07,13210547.414197933
2009-12-08,13133968.884439504
2009-12-09,13160940.69924351
2009-12-10,13165092.477985565
2009-12-11,13242368.521524455
2009-12-14,13381229.097667636
2009-12-15,13331947.842364661
2009-12-16,13409562.043719886
2009-12-17,13287482.824791677
2009-12-18,13354809.23825852
2009-12-21,13480072.85510301
2009-12-22,13593562.511193842
2009-12-23,13699943.60906941
2009-12-24,13771823.254864272
2009-12-28,13737105.26803146
2009-12-29,13710131.180241996
2009-12-30,13708622.477667565
2009-12-31,13612786.61851455
2010-01-04,13824194.287068516
2010-01-05,13881041.04544954
2010-01-06,13890845.841148278
2010-01-07,13961496.92143565
2010-01-08,14001040.948814934
2010-01-11,14019238.81550026
2010-01-12,13862741.43961465
2010-01-13,13987437.489874044
2010-01-14,14041474.578383984
2010-01-15,13896908.798238225
2010-01-19,14036594.350627195
2010-01-20,13917363.516781582
2010-01-21,13718654.879287092
2010-01-22,13508363.708198842
2010-01-25,13553074.464748908
2010-01-26,13514540.223849598
2010-01-27,13588001.291968038
2010-01-28,13436225.485721555
2010-01-29,13310487.216627702
2010-02-01,13486827.242752256
2010-02-02,13648961.013233997
2010-02-03,13576784.909172865
2010-02-04,13162585.303052956
2010-02-05,13171992.93889749
2010-02-08,13078577.184776697
2010-02-09,13266987.168017719
2010-02-10,13274462.563212369
2010-02-11,13436671.2565254
2010-02-12,13493711.235842861
2010-02-16,13712582.738045787
2010-02-17,13767405.76421928
2010-02-18,13830032.983950349
2010-02-19,13852981.997082615
2010-02-22,13884135.344113186
2010-02-23,13733524.851856267
2010-02-24,13819917.322913116
2010-02-25,13821495.893802278
2010-02-26,13851277.949749181
2010-03-01,14059157.85360176
2010-03-02,14136923.545555118
2010-03-03,14156045.934952449
2010-03-04,14209604.766484916
2010-03-05,14419684.301279493
2010-03-08,14446177.564145425
2010-03-09,14472712.649330776
2010-03-10,14566870.78684486
2010-03-11,14623745.872786008
2010-03-12,14628491.192422071
2010-03-15,14587291.08104001
2010-03-16,14702065.824451387
2010-03-17,14810282.951784573
2010-03-18,14775885.593116494
2010-03-19,14626400.720224826
2010-03-22,14799424.851751342
2010-03-23,14937550.967622459
2010-03-24,14869381.975920772
2010-03-25,14813885.498066552
2010-03-26,14837949.467590049
2010-03-29,14914331.253207175
2010-03-30,14933650.011385808
2010-03-31,14864011.849057527
2010-04-01,14977147.811376214
2010-04-05,15208966.94874106
2010-04-06,15280155.253308887
2010-04-07,15226454.794200517
2010-04-08,15275245.007853655
2010-04-09,15359916.291222842
2010-04-12,15411928.038677622
2010-04-13,15434895.74036066
2010-04-14,15671075.417603806
2010-04-15,15698931.490023004
2010-04-16,15476645.060671734
2010-04-19,15453381.068365024
2010-04-20,15612613.117260354
2010-04-21,15693860.048655335
2010-04-22,15871069.514644057
2010-04-23,16010326.446663754
2010-04-26,15986893.405862663
2010-04-27,15637843.013828795
2010-04-28,15666714.876566045
2010-04-29,15941548.671115158
2010-04-30,15631747.209482392
2010-05-03,15830329.304863919
2010-05-04,15451935.266801512
2010-05-05,15304223.312381921
2010-05-06,14861416.188009625
2010-05-07,14498140.018844137
2010-05-10,15039944.883720063
2010-05-11,15055773.938583167
2010-05-12,15293120.930830825
2010-05-13,15179700.41668924
2010-05-14,14942522.207578897
2010-05-17,14946048.886490487
2010-05-18,14784668.993254563
2010-05-19,14667496.238034949
2010-05-20,14229501.884814976
2010-05-21,14394237.841489209
2010-05-24,14282089.332065715
2010-05-25,14271176.087821918
2010-05-26,14305754.53206805
2010-05-27,14668686.381974304
2010-05-28,14565217.956108509
2010-06-01,14340399.944445198
2010-06-02,14572911.549135651
2010-06-03,14638085.530138485
2010-06-04,14252531.2146622
2010-06-07,14123414.036951888
2010-06-08,14140792.104475027
2010-06-09,14145164.953638654
2010-06-10,14345351.826473033
2010-06-11,14413943.387520416
2010-06-14,14452162.97746977
2010-06-15,14628850.406813856
2010-06-16,14604647.563219113
2010-06-17,14606000.962564357
2010-06-18,14617505.405904185
2010-06-21,14582348.242220366
2010-06-22,14446381.524470514
2010-06-23,14427465.475876233
2010-06-24,14321460.072246736
2010-06-25,14407016.214793524
2010-06-28,14368929.522059318
2010-06-29,14102054.722844636
2010-06-30,14044223.348077586
2010-07-01,13994477.986186655
2010-07-02,13933804.784510477
2010-07-06,13883744.92580136
2010-07-07,14096045.060798617
2010-07-08,14163690.71661156
2010-07-09,14244492.185361153
2010-07-12,14205344.013287777
2010-07-13,14361927.12450922
2010-07-14,14334852.374560412
2010-07-15,14307731.39813752
2010-07-16,14096625.784473015
2010-07-19,14157203.884981757
2010-07-20,14274240.938887702
2010-07-21,14194796.097901577
2010-07-22,14376478.412266023
2010-07-23,14489460.105000278
2010-07-26,14602177.980501533
2010-07-27,14569813.343064558
2010-07-28,14497256.197903933
2010-07-29,14507135.196048904
2010-07-30,14529547.653503299
2010-08-02,14657070.459480911
2010-08-03,14605962.378763935
2010-08-04,14656245.694014082
2010-08-05,14624013.802781595
2010-08-06,14609445.203683631
2010-08-09,14683761.209740365
2010-08-10,14586127.608509075
2010-08-11,14375128.30436487
2010-08-12,14350767.257173706
2010-08-13,14311258.739234203
2010-08-16,14332305.187481865
2010-08-17,14444479.365658175
2010-08-18,14468059.035258858
2010-08-19,14327075.244888803
2010-08-20,14324131.822674122
2010-08-23,14243106.50852087
2010-08-24,14158786.989926154
2010-08-25,14215133.156805443
2010-08-26,14183032.718434526
2010-08-27,14320885.763157997
2010-08-30,14201571.800833914
2010-08-31,14230113.652592897
2010-09-01,14429021.010546144
2010-09-02,14495417.96257677
2010-09-03,14584902.83884757
2010-09-07,14490950.681764655
2010-09-08,14530741.428851582
2010-09-09,14533798.435307767
2010-09-10,14552688.6089579
2010-09-13,14666470.363648258
2010-09-14,14658235.31736907
2010-09-15,14682203.12989851
2010-09-16,14625386.591720974
2010-09-17,14648292.632960942
2010-09-20,14780481.082033813
2010-09-21,14746791.339199627
2010-09-22,14678731.831743313
2010-09-23,14592678.772027902
2010-09-24,14747478.203370672
2010-09-27,14722197.281505825
2010-09-28,14786110.79258458
2010-09-29,14780743.785012888
2010-09-30,14779043.306900056
2010-10-01,14811237.921217792
2010-10-04,14754805.947534386
2010-10-05,14905559.80734062
2010-10-06,14878518.514249403
2010-10-07,14876963.230954917
2010-10-08,14990099.976033894
2010-10-11,14993363.582355598
2010-10-12,15018367.427214868
2010-10-13,15087269.14422415
2010-10-14,15074126.483578274
2010-10-15,14992869.78732573
2010-10-18,15076054.664370192
2010-10-19,14945209.542467512
2010-10-20,15043072.610987585
2010-10-21,15036613.799014555
2010-10-22,15053139.706219811
2010-10-25,15103583.336328756
2010-10-26,15102549.76339856
2010-10-27,15088020.96273293
2010-10-28,15077983.439838564
2010-10-29,15098840.187050758
2010-11-01,15102885.021854127
2010-11-02,15207467.801885797
2010-11-03,15228145.446575802
2010-11-04,15374073.925742494
2010-11-05,15416530.587142097
2010-11-08,15422167.408461815
2010-11-09,15321313.036185898
2010-11-10,15374547.892965466
2010-11-11,15343606.934566407
2010-11-12,15244994.265576132
2010-11-15,15266451.526831122
2010-11-16,15137508.218019322
2010-11-17,15144915.589129424
2010-11-18,15273258.586210977
2010-11-19,15311930.205846481
2010-11-22,15335735.684281128
2010-11-23,15260098.604147945
2010-11-24,15405170.577716025
2010-11-26,15363446.502059508
2010-11-29,15359280.056830844
2010-11-30,15327472.22221747
2010-12-01,15486590.321332071
2010-12-02,15585192.961563492
2010-12-03,15626056.824556878
2010-12-06,15645744.98240744
2010-12-07,15666688.1694493
2010-12-08,15675748.406270178
2010-12-09,15717289.458141673
2010-12-10,15780364.357811887
2010-12-13,15776317.207441874
2010-12-14,15767091.513096929
2010-12-15,15737784.176239602
2010-12-16,15798274.668938706
2010-12-17,15821557.132035762
2010-12-20,15858366.986691663
2010-12-21,15935768.638447238
2010-12-22,15942361.65912136
2010-12-23,15919393.47573042
2010-12-27,15942742.808440348
2010-12-28,15930698.965907069
2010-12-29,15932797.880334197
2010-12-30,15917431.345230542
2010-12-31,15881335.928373393
2011-01-03,15993193.287656592
2011-01-04,15916143.51847977
2011-01-05,15974749.204919789
2011-01-06,15952281.087148268
2011-01-07,15939373.16325616
2011-01-10,15965892.559609983
2011-01-11,15999867.582251538
2011-01-12,16083365.885105956
2011-01-13,16073204.656723347
2011-01-14,16167482.859324893
2011-01-18,16190168.797811164
2011-01-19,16052654.5207156
2011-01-20,15997878.026410371
2011-01-21,16002465.632777993
2011-01-24,16060718.255120032
2011-01-25,16059863.19544041
2011-01-26,16169153.282342924
2011-01-27,16209539.847510638
2011-01-28,16032440.401967006
2011-01-31,16090539.343775833
2011-02-01,16255354.24465738
2011-02-02,16241360.103874365
2011-02-03,16264601.618366212
2011-02-04,16290233.62101367
2011-02-07,16372452.41652938
2011-02-08,16405350.675032739
2011-02-09,16394010.623080399
2011-02-10,16428848.509071477
2011-02-11,16498910.701797679
2011-02-14,16518575.736019554
2011-02-15,16482647.125892326
2011-02-16,16561163.500869794
2011-02-17,16601644.846068166
2011-02-18,16605513.243070215
2011-02-22,16369597.43417961
2011-02-23,16243847.552876249
2011-02-24,16276436.30896053
2011-02-25,16431094.03149402
2011-02-28,16460857.233966446
2011-03-01,16280336.059381075
2011-03-02,16311276.96927565
2011-03-03,16499763.267510192
2011-03-04,16434717.874900967
2011-03-07,16310404.922829743
2011-03-08,16440029.661969744
2011-03-09,16401624.690477608
2011-03-10,16196828.82426897
2011-03-11,16250898.764791774
2011-03-14,16187214.791932477
2011-03-15,16101609.725213546
2011-03-16,15966195.366887303
2011-03-17,16011905.5961561
2011-03-18,16037264.577527598
2011-03-21,16334629.499933437
2011-03-22,16260127.152224606
2011-03-23,16323655.38260182
2011-03-24,16468068.62322167
2011-03-25,16538079.361255765
2011-03-28,16516244.001546146
2011-03-29,16605144.609112028
2011-03-30,16749016.302070241
2011-03-31,16788868.6596339
2011-04-01,16875308.132771224
2011-04-04,16908237.073209845
2011-04-05,16947192.51844164
2011-04-06,16993315.64555892
2011-04-07,16935566.639254373
2011-04-08,16829083.63522099
2011-04-11,16735888.118184904
2011-04-12,16559016.66172363
2011-04-13,16571714.451235497
2011-04-14,16582447.764843602
2011-04-15,16699117.495365344
2011-04-18,16513827.344904216
2011-04-19,16567609.459113048
2011-04-20,16836670.381677732
2011-04-21,16946659.477881696
2011-04-25,16948672.24918784
2011-04-26,17094121.146855254
2011-04-27,17177132.99920229
2011-04-28,17205232.739694495
2011-04-29,17225375.987231653
2011-05-02,17152349.258210238
2011-05-03,17035770.344085954
2011-05-04,16855353.296067912
2011-05-05,16832021.798933234
2011-05-06,16899006.116952244
2011-05-09,17012788.773085367
2011-05-10,17212986.87155026
2011-05-11,16995489.97158072
2011-05-12,17074204.431305427
2011-05-13,16924989.236857984
2011-05-16,16747585.708210334
2011-05-17,16670166.420217752
2011-05-18,16850790.49987826
2011-05-19,16895994.222784497
2011-05-20,16792943.620216824
2011-05-23,16560691.591815732
2011-05-24,16493387.087760806
2011-05-25,16624896.347097917
2011-05-26,16731660.879149126
2011-05-27,16820497.64058206
2011-05-31,17008813.97137713
2011-06-01,16623999.853445932
2011-06-02,16610510.851258049
2011-06-03,16433127.390969286
2011-06-06,16230339.167835325
2011-06-07,16265073.796518493
2011-06-08,16143453.51719852
2011-06-09,16224606.104736693
2011-06-10,16036950.023858372
2011-06-13,16022703.765009187
2011-06-14,16255722.909624081
2011-06-15,16065479.244539477
2011-06-16,16060490.995227844
2011-06-17,16084987.027864898
2011-06-20,16187572.905116461
2011-06-21,16425036.141289474
2011-06-22,16344018.042489327
2011-06-23,16355390.933066113
2011-06-24,16283742.690219253
2011-06-27,16376705.24912942
2011-06-28,16524182.05714909
2011-06-29,16567424.62618881
2011-06-30,16661934.865432665
2011-07-01,16842871.58501858
2011-07-05,16879846.950753346
2011-07-06,16945188.7974185
2011-07-07,17088807.145709246
2011-07-08,17015188.340349175
2011-07-11,16782052.395116024
2011-07-12,16712010.58994983
2011-07-13,16777699.445996914
2011-07-14,16658363.110969897
2011-07-15,16725472.523242291
2011-07-18,16524340.285133783
2011-07-19,16789674.418722104
2011-07-20,16831419.276858047
2011-07-21,16979560.89520283
2011-07-22,16997345.207730923
2011-07-25,16864162.343229227
2011-07-26,16782921.95757351
2011-07-27,16394558.9213579
2011-07-28,16363440.7756294
2011-07-29,16355481.71386557
2011-08-01,16294081.251924323
2011-08-02,15890088.05413942
2011-08-03,15953788.648907848
2011-08-04,15262530.650221195
2011-08-05,15115822.346257571
2011-08-08,14407042.069804886
2011-08-09,14900834.58492231
2011-08-10,14569893.367155148
2011-08-11,14998372.525305802
2011-08-12,15032973.323515039
2011-08-15,15077235.065148275
2011-08-16,15039966.936885646
2011-08-17,15047363.90604111
2011-08-18,14962029.698713614
2011-08-19,14937531.692866372
2011-08-22,14937531.692866372
2011-08-23,14937531.692866372
2011-08-24,14937531.692866372
2011-08-25,14935467.604292205
2011-08-26,14935345.522207862
2011-08-29,14935345.522207862
2011-08-30,14935345.522207862
2011-08-31,14935345.522207862
2011-09-01,14935345.522207862
2011-09-02,14935345.522207862
2011-09-06,14935345.522207862
2011-09-07,14935345.522207862
2011-09-08,14935345.522207862
2011-09-09,14935345.522207862
2011-09-12,14935345.522207862
2011-09-13,14935345.522207862
2011-09-14,14935345.522207862
2011-09-15,14935345.522207862
2011-09-16,14935345.522207862
2011-09-19,14935345.522207862
2011-09-20,14935345.522207862
2011-09-21,14935345.522207862
2011-09-22,14935345.522207862
2011-09-23,14935345.522207862
2011-09-26,14935345.522207862
2011-09-27,14935345.522207862
2011-09-28,14935345.522207862
2011-09-29,14935345.522207862
2011-09-30,14935345.522207862
2011-10-03,14935345.522207862
2011-10-04,14935345.522207862
2011-10-05,14935345.522207862
2011-10-06,14935345.522207862
2011-10-07,14935345.522207862
2011-10-10,14935345.522207862
2011-10-11,14935345.522207862
2011-10-12,14935345.522207862
2011-10-13,14935345.522207862
2011-10-14,14935345.522207862
2011-10-17,14935345.522207862
2011-10-18,14935345.522207862
2011-10-19,14935345.522207862
2011-10-20,14935345.522207862
2011-10-21,14935345.522207862
2011-10-24,14935345.522207862
2011-10-25,14935452.30489573
2011-10-26,14935452.30489573
2011-10-27,14935576.884698244
2011-10-28,14935576.884698244
2011-10-31,14935576.884698244
2011-11-01,14935576.884698244
2011-11-02,14934679.910120146
2011-11-03,14934679.910120146
2011-11-04,14934679.910120146
2011-11-07,14934679.910120146
2011-11-08,14934679.910120146
2011-11-09,14934679.910120146
2011-11-10,14934679.910120146
2011-11-11,14934679.910120146
2011-11-14,14934679.910120146
2011-11-15,14934679.910120146
2011-11-16,14934679.910120146
2011-11-17,14934679.910120146
2011-11-18,14934679.910120146
2011-11-21,14934679.910120146
2011-11-22,14934679.910120146
2011-11-23,14955301.671778182
2011-11-25,14955301.671778182
2011-11-28,14955301.671778182
2011-11-29,14955301.671778182
2011-11-30,14951177.319446573
2011-12-01,14951177.319446573
2011-12-02,14951177.319446573
2011-12-05,14951177.319446573
2011-12-06,14951177.319446573
2011-12-07,14951177.319446573
2011-12-08,14951177.319446573
2011-12-09,14951177.319446573
2011-12-12,14951177.319446573
2011-12-13,14951177.319446573
2011-12-14,14951177.319446573
2011-12-15,14951177.319446573
2011-12-16,14951177.319446573
2011-12-19,14951177.319446573
2011-12-20,14951177.319446573
2011-12-21,14934679.910120146
2011-12-22,14934679.910120146
2011-12-23,14934679.910120146
2011-12-27,14934679.910120146
2011-12-28,14934679.910120146
2011-12-29,14934679.910120146
2011-12-30,14947052.967114968
2012-01-03,14947052.967114968
2012-01-04,14951177.319446573
2012-01-05,14951177.319446573
2012-01-06,14930555.557788542
2012-01-09,14930555.557788542
2012-01-10,14930555.557788542
2012-01-11,14930555.557788542
2012-01-12,14926431.205456933
2012-01-13,14926431.205456933
2012-01-17,14926431.205456933
2012-01-18,14926431.205456933
2012-01-19,14926431.205456933
2012-01-20,14926395.513497049
2012-01-23,14925761.771412399
2012-01-24,14926088.070997398
2012-01-25,14928421.488632744
2012-01-26,14928331.45933451
2012-01-27,14929615.627942672
2012-01-30,14924168.850964256
2012-01-31,14924944.675230227
2012-02-01,14942723.413148798
2012-02-02,14955683.471214483
2012-02-03,14961632.640321815
2012-02-06,14957148.565706206
2012-02-07,14959220.365798224
2012-02-08,14955314.409821337
2012-02-09,14959957.775504496
2012-02-10,14955775.51711964
2012-02-13,14968076.677996622
2012-02-14,14965507.300484797
2012-02-15,14960269.72020075
2012-02-16,14972655.390023114
2012-02-17,14970353.992979975
2012-02-21,14984144.59152279
2012-02-22,14977896.311146818
2012-02-23,14983418.450517153
2012-02-24,14984995.530622346
2012-02-27,14982297.457893472
2012-02-28,14988600.768594854
2012-02-29,14975648.36505044
2012-03-01,14984071.016534597
2012-03-02,14965435.06435799
2012-03-05,14981342.111338353
2012-03-06,14952730.091885788
2012-03-07,14967639.402178586
2012-03-08,14989326.768566247
2012-03-09,15006212.480199805
2012-03-12,15002654.38883388
2012-03-13,15039685.837936988
2012-03-14,15020457.48883707
2012-03-15,15045221.648305539
2012-03-16,15045413.989562768
2012-03-19,15058223.614020707
2012-03-20,15041319.670107093
2012-03-21,15038295.1300465
2012-03-22,15012854.157914747
2012-03-23,15017439.932208518
2012-03-26,15059630.209776608
2012-03-27,15051629.917681698
2012-03-28,15047996.443675846
2012-03-29,15060884.600146146
2012-03-30,15063276.455539735
2012-04-02,15104480.139156377
2012-04-03,15075090.207863953
2012-04-04,15030517.418813366
2012-04-05,15022858.248089904
2012-04-09,15002802.56507345
2012-04-10,14886109.778423324
2012-04-11,14933996.93408488
2012-04-12,15000057.876848888
2012-04-13,14942935.56775445
2012-04-16,14950248.679123245
2012-04-17,15029624.503794745
2012-04-18,14999487.858767968
2012-04-19,14993291.512114752
2012-04-20,15017643.261607321
2012-04-23,14938960.028246474
2012-04-24,14973850.819394864
2012-04-25,15072557.865321085
2012-04-26,15132365.64976043
2012-04-27,15202195.033899853
2012-04-30,15145104.316786187
2012-05-01,15158820.643034922
2012-05-02,15176156.534833282
2012-05-03,15095915.983654926
2012-05-04,15003669.94045111
2012-05-07,15003901.249554392
2012-05-08,14992154.284688788
2012-05-09,14953631.209169278
2012-05-10,14979915.372493017
2012-05-11,15057110.173571412
2012-05-14,14847388.10535482
2012-05-15,14784256.282499913
2012-05-16,14693365.677123504
2012-05-17,14388819.358575618
2012-05-18,14264008.575892206
2012-05-21,14506498.062076455
2012-05-22,14496239.57062493
2012-05-23,14556412.88758023
2012-05-24,14569743.847575808
2012-05-25,14567191.835043607
2012-05-29,14706605.860121006
2012-05-30,14492384.488581317
2012-05-31,14467974.682403993
2012-06-01,14121484.52930735
2012-06-04,14097920.025057139
2012-06-05,14214140.029212125
2012-06-06,14475446.433516337
2012-06-07,14432467.881892823
2012-06-08,14532380.993479747
2012-06-11,14335949.13097908
2012-06-12,14444657.047162496
2012-06-13,14334708.411678167
2012-06-14,14429001.491804691
2012-06-15,14539864.274443403
2012-06-18,14594981.46825718
2012-06-19,14745411.191644335
2012-06-20,14727806.842947403
2012-06-21,14485528.880394187
2012-06-22,14562115.6154311
2012-06-25,14441109.708221324
2012-06-26,14493871.529516144
2012-06-27,14570147.668664142
2012-06-28,14564639.307311252
2012-06-29,14836190.336080465
2012-07-02,14911502.2659542
2012-07-03,15007455.916222401
2012-07-05,14997025.934982663
2012-07-06,14899485.801548433
2012-07-09,14868217.710158909
2012-07-10,14725116.848131219
2012-07-11,14690540.791672138
2012-07-12,14672366.935803771
2012-07-13,14821103.167577095
2012-07-16,14787066.578639567
2012-07-17,14841019.53253131
2012-07-18,14888621.991032941
2012-07-19,14876955.356522793
2012-07-20,14749994.61414615
2012-07-23,14623542.827773236
2012-07-24,14521529.06645476
2012-07-25,14531861.892120784
2012-07-26,14643573.444162432
2012-07-27,14816231.550110618
2012-07-30,14785491.391546827
2012-07-31,14711794.855349869
2012-08-01,14632892.848757232
2012-08-02,14636764.325894035
2012-08-03,14821228.994298752
2012-08-06,14864824.276040476
2012-08-07,14918589.416435119
2012-08-08,14886201.370091101
2012-08-09,14904343.306183338
2012-08-10,14900490.210248794
2012-08-13,14901110.36645986
2012-08-14,14886062.278604217
2012-08-15,14935658.114363736
2012-08-16,15010105.665989054
2012-08-17,15050329.87316384
2012-08-20,15027746.384521218
2012-08-21,15011307.92146113
2012-08-22,15001406.352800231
2012-08-23,14956164.21955299
2012-08-24,15008691.048767125
2012-08-27,15049473.69087966
2012-08-28,15067759.19523934
2012-08-29,15080288.639200987
2012-08-30,15025152.521052351
2012-08-31,15056215.572749732
2012-09-04,15120013.996898392
2012-09-05,15098521.322541274
2012-09-06,15212987.934556738
2012-09-07,15244061.426377386
2012-09-10,15207518.199172443
2012-09-11,15218735.294456484
2012-09-12,15240197.81475086
2012-09-13,15323032.762261767
2012-09-14,15383049.600544678
2012-09-17,15344032.12660122
2012-09-18,15329056.798874205
2012-09-19,15353663.608577097
2012-09-20,15333322.319125209
2012-09-21,15351071.424241463
2012-09-24,15339258.415403
2012-09-25,15257983.43580303
2012-09-26,15220040.925742773
2012-09-27,15291156.146718394
2012-09-28,15270985.067087725
2012-10-01,15299965.850614155
2012-10-02,15302511.298273383
2012-10-03,15330212.654391086
2012-10-04,15394425.900260704
2012-10-05,15402754.698688969
2012-10-08,15375679.418474745
2012-10-09,15299540.109815735
2012-10-10,15278628.220239008
2012-10-11,15304222.393375957
2012-10-12,15277574.702409482
2012-10-15,15337385.542667277
2012-10-16,15400428.156374177
2012-10-17,15443069.292218184
2012-10-18,15422782.61984042
2012-10-19,15345819.30670994
2012-10-22,15333370.722249465
2012-10-23,15235635.298135826
2012-10-24,15189966.73835841
2012-10-25,15240217.096481996
2012-10-26,15218000.13409705
2012-10-31,15318014.101276107
2012-11-01,15535379.273195773
2012-11-02,15391181.109053869
2012-11-05,15464056.472272875
2012-11-06,15577541.939318506
2012-11-07,15270249.090393443
2012-11-08,15119224.057411365
2012-11-09,15142479.048302846
2012-11-12,15131176.252501301
2012-11-13,15096212.234663345
2012-11-14,14843738.63956805
2012-11-15,14795958.45397321
2012-11-16,14915216.251808573
2012-11-19,15180290.595536524
2012-11-20,15217694.448080521
2012-11-21,15277289.496624073
2012-11-23,15418376.322597317
2012-11-26,15379728.245713523
2012-11-27,15381651.629091227
2012-11-28,15474334.44416375
2012-11-29,15570187.833459383
2012-11-30,15562927.310742678
2012-12-03,15555371.06741919
2012-12-04,15583176.240496308
2012-12-05,15584061.845105989
2012-12-06,15629070.601583945
2012-12-07,15645835.02760407
2012-12-10,15740042.796139404
2012-12-11,15789259.965441577
2012-12-12,15766125.198965497
2012-12-13,15715710.552378213
2012-12-14,15708582.551785637
2012-12-17,15871462.764786916
2012-12-18,16032224.225138286
2012-12-19,16022432.264477953
2012-12-20,16088932.188481763
2012-12-21,15997877.531612147
2012-12-24,15992083.738549965
2012-12-26,15931591.160774872
2012-12-27,15944907.471796187
2012-12-28,15802948.852528036
2012-12-31,16099917.17391481
2013-01-02,16448102.245835576
2013-01-03,16415408.171193566
2013-01-04,16499621.306197692
2013-01-07,16446239.836730298
2013-01-08,16413090.345862282
2013-01-09,16512394.058181362
2013-01-10,16579371.096480919
2013-01-11,16595532.628186438
2013-01-14,16619644.796097314
2013-01-15,16649997.305245528
2013-01-16,16624630.627274057
2013-01-17,16751229.020610062
2013-01-18,16797725.445751075
2013-01-22,16891884.550010253
2013-01-23,16849387.40518626
2013-01-24,16933269.099434763
2013-01-25,17052709.150204048
2013-01-28,17058164.888684634
2013-01-29,17056693.478590455
2013-01-30,16969097.44834902
2013-01-31,16993930.841151718
2013-02-01,17135598.352456234
2013-02-04,16980273.756571125
2013-02-05,17120179.238646604
2013-02-06,17150831.463295612
2013-02-07,17083448.183716904
2013-02-08,17191634.077355478
2013-02-11,17171780.40423974
2013-02-12,17250318.55198232
2013-02-13,17297132.457948986
2013-02-14,17331831.667852193
2013-02-15,17306327.142833512
2013-02-19,17379856.62837057
2013-02-20,17139546.751455892
2013-02-21,16990290.65200671
2013-02-22,17143473.813765395
2013-02-25,16947379.717616573
2013-02-26,17036021.89828016
2013-02-27,17210276.778758764
2013-02-28,17210857.27379029
2013-03-01,17280004.482775304
2013-03-04,17351476.146930374
2013-03-05,17584708.756763764
2013-03-06,17575958.418836847
2013-03-07,17595031.338927336
2013-03-08,17694340.21555336
2013-03-11,17758613.65835211
2013-03-12,17723354.34102224
2013-03-13,17768295.013577472
2013-03-14,17850332.616008773
2013-03-15,17807405.845284343
2013-03-18,17745568.237957474
2013-03-19,17706659.03660922
2013-03-20,17820280.46323873
2013-03-21,17712707.174303412
2013-03-22,17738289.00860923
2013-03-25,17734810.640969794
2013-03-26,17790935.367647503
2013-03-27,17813902.006703056
2013-03-28,17929668.118948612
2013-04-01,17806915.820369028
2013-04-02,17801912.389503248
2013-04-03,17598305.344645966
2013-04-04,17661075.493518062
2013-04-05,17623600.109232526
2013-04-08,17734520.217375576
2013-04-09,17725893.667993236
2013-04-10,17915542.819263697
2013-04-11,18052361.4143254
2013-04-12,18024881.668368034
2013-04-15,17636776.85093362
2013-04-16,17831312.255789604
2013-04-17,17640223.532808173
2013-04-18,17575235.605020296
2013-04-19,17720673.456988707
2013-04-22,17765002.50923263
2013-04-23,18010883.509737015
2013-04-24,18100487.562207684
2013-04-25,18265473.009957466
2013-04-26,18193535.99354928
2013-04-29,18312035.07380442
2013-04-30,18404526.31959201
2013-05-01,18166778.747575283
2013-05-02,18375065.171803273
2013-05-03,18584752.10143285
2013-05-06,18703278.8723371
2013-05-07,18827801.54439338
2013-05-08,18892586.345479153
2013-05-09,18822262.225933712
2013-05-10,18960696.079438094
2013-05-13,18947315.988577764
2013-05-14,19146217.269355495
2013-05-15,19219067.863351487
2013-05-16,19146871.981276307
2013-05-17,19340827.80010377
2013-05-20,19349328.276548546
2013-05-21,19393363.08153325
2013-05-22,19172440.47423939
2013-05-23,19174734.82356901
2013-05-24,19161169.222641826
2013-05-28,19334310.117966108
2013-05-29,19214456.400830977
2013-05-30,19321641.20243474
2013-05-31,19164018.730179083
2013-06-03,19211672.824092466
2013-06-04,19113679.52809955
2013-06-05,18911899.666893702
2013-06-06,19066724.842814416
2013-06-07,19216578.311417814
2013-06-10,19280871.0801451
2013-06-11,19087207.045299105
2013-06-12,18971013.314891953
2013-06-13,19225499.723920576
2013-06-14,19127370.73800483
2013-06-17,19176075.393425092
2013-06-18,19320292.959442187
2013-06-19,19183710.89383738
2013-06-20,18798909.825150985
2013-06-21,18808687.05423469
2013-06-24,18625896.715754893
2013-06-25,18802765.06164783
2013-06-26,18922535.026585676
2013-06-27,19114671.019598812
2013-06-28,19078849.197797254
2013-07-01,19241850.204622917
2013-07-02,19211805.11022585
2013-07-03,19214817.561611224
2013-07-05,19392593.663970035
2013-07-08,19434076.00377384
2013-07-09,19561469.149965096
2013-07-10,19574171.472960375
2013-07-11,19762560.990318146
2013-07-12,19783161.81428216
2013-07-15,19864793.740353808
2013-07-16,19784195.731381416
2013-07-17,19833572.22830038
2013-07-18,19937249.63452417
2013-07-19,19930013.45437967
2013-07-22,19970802.491812643
2013-07-23,19959712.040428735
2013-07-24,19877990.407252084
2013-07-25,19983173.292553116
2013-07-26,19948172.426988006
2013-07-29,19934312.35522537
2013-07-30,19992803.834482435
2013-07-31,20008233.46888622
2013-08-01,20232822.91061753
2013-08-02,20232131.35385316
2013-08-05,20236515.636829972
2013-08-06,20104989.809112195
2013-08-07,20012570.846954484
2013-08-08,20191724.24794339
2013-08-09,20185234.41623888
2013-08-12,20215153.168787338
2013-08-13,20235548.526143834
2013-08-14,20177858.589389063
2013-08-15,19957204.605565827
2013-08-16,19907767.48377803
2013-08-19,19906825.368268527
2013-08-20,19907954.08984936
2013-08-21,19909383.915721007
2013-08-22,19910065.33496063
2013-08-23,19910989.360315025
2013-08-26,19910226.064465374
2013-08-27,19906351.216872208
2013-08-28,19907338.980150703
2013-08-29,19908213.408381496
2013-08-30,19906774.738950465
2013-09-03,19909703.46605443
2013-09-04,19909585.837151464
2013-09-05,19909850.45797083
2013-09-06,19911762.97209507
2013-09-09,19912287.111380726
2013-09-10,19913616.01250318
2013-09-11,19913168.69367007
2013-09-12,19913047.2810875
2013-09-13,19914824.00893028
2013-09-16,19916081.17705702
2013-09-17,19917179.68130877
2013-09-18,19917488.173145674
2013-09-19,19917700.334492188
2013-09-20,19919216.923938345
2013-09-23,19918515.384083338
2013-09-24,19918727.33820274
2013-09-25,19918150.09032655
2013-09-26,19919112.402505662
2013-09-27,19923823.90313641
2013-09-30,19919773.356858794
2013-10-01,19928635.32851554
2013-10-02,19926402.267860048
2013-10-03,19922079.093852222
2013-10-04,19932642.097081583
2013-10-07,19920352.93059183
2013-10-08,19906372.66117113
2013-10-09,19899017.875717007
2013-10-10,19923246.099944334
2013-10-11,20070170.813614085
2013-10-14,20162915.410678316
2013-10-15,19994456.132306404
2013-10-16,20188281.309200894
2013-10-17,20337261.72445881
2013-10-18,20467355.23929615
2013-10-21,20474121.92728544
2013-10-22,20609699.717444364
2013-10-23,20567865.89571
2013-10-24,20720642.063790675
2013-10-25,20741588.64124845
2013-10-28,20660006.582444932
2013-10-29,20643674.768741198
2013-10-30,20484033.62373788
2013-10-31,20468700.138392065
2013-11-01,20490235.97242151
2013-11-04,20645634.78022667
2013-11-05,20617518.9421801
2013-11-06,20605495.732038222
2013-11-07,20416073.175670065
2013-11-08,20663217.835368507
2013-11-11,20763708.93292271
2013-11-12,20749409.745640066
2013-11-13,20978520.078914475
2013-11-14,21044736.969719518
2013-11-15,21121055.331489146
2013-11-18,20997478.532084547
2013-11-19,20844892.23175946
2013-11-20,20840000.155802935
2013-11-21,21022586.171472408
2013-11-22,21124683.61369924
2013-11-25,21168384.434439152
2013-11-26,21240197.70765461
2013-11-27,21329640.88314939
2013-11-29,21342632.999363337
2013-12-02,21285106.48144568
2013-12-03,21163484.93687228
2013-12-04,21164319.4038493
2013-12-05,21157745.80610258
2013-12-06,21298460.885577943
2013-12-09,21306833.883099563
2013-12-10,21266639.649726078
2013-12-11,21022990.95810533
2013-12-12,21032098.65469154
2013-12-13,21093615.068722367
2013-12-16,21202570.38474211
2013-12-17,21174764.834698167
2013-12-18,21385506.379901055
2013-12-19,21334473.160656247
2013-12-20,21584027.69147789
2013-12-23,21741046.970799573
2013-12-24,21811980.500696
2013-12-26,21842177.179638874
2013-12-27,21802027.301606126
2013-12-30,21832398.65283234
2013-12-31,21867393.992220573
2014-01-02,21725467.5377732
2014-01-03,21775558.54488377
2014-01-06,21689014.115171917
2014-01-07,21800379.18895244
2014-01-08,21849167.90001338
2014-01-09,21866509.033032782
2014-01-10,21943514.73212912
2014-01-13,21792046.635784395
2014-01-14,22002988.63932097
2014-01-15,22099848.88379944
2014-01-16,22105743.348897096
2014-01-17,22059989.755204607
2014-01-21,22139261.117113326
2014-01-22,22219568.148744073
2014-01-23,22153980.499299206
2014-01-24,21743446.95505094
2014-01-27,21607259.522254087
2014-01-28,21772248.082707748
2014-01-29,21607625.559118822
2014-01-30,21797724.088009488
2014-01-31,21712790.642203853
2014-02-03,21143873.038871743
2014-02-04,21288431.89379514
2014-02-05,21235724.467631053
2014-02-06,21463855.39887777
2014-02-07,21772375.527795747
2014-02-10,21798200.4977751
2014-02-11,22008766.400923047
2014-02-12,22086939.970306605
2014-02-13,22246630.590318494
2014-02-14,22294142.700516608
2014-02-18,22544975.456479546
2014-02-19,22338783.970886987
2014-02-20,22615879.307493355
2014-02-21,22629499.667501852
2014-02-24,22781712.144496113
2014-02-25,22785398.576422755
2014-02-26,22764884.972763725
2014-02-27,22902045.864098668
2014-02-28,22832680.770747583
2014-03-03,22698943.354427747
2014-03-04,23082296.094641633
2014-03-05,23039329.429513417
2014-03-06,23028912.110909924
2014-03-07,23012204.230188675
2014-03-10,22935187.717822187
2014-03-11,22798209.772428922
2014-03-12,22843867.799694393
2014-03-13,22538406.347534727
2014-03-14,22589349.392910827
2014-03-17,22710054.714926846
2014-03-18,22902772.277647845
2014-03-19,22760066.874026623
2014-03-20,22784456.18301179
2014-03-21,22685902.336900383
2014-03-24,22508690.99775305
2014-03-25,22512014.335000243
2014-03-26,22271488.084012695
2014-03-27,22221734.397004772
2014-03-28,22268671.420785718
2014-03-31,22711638.33896979
2014-04-01,22912915.338494968
2014-04-02,23072970.39730513
2014-04-03,22866391.69800662
2014-04-04,22397502.872001335
2014-04-07,22036214.92552183
2014-04-08,22192324.757034183
2014-04-09,22527579.56421814
2014-04-10,22015069.385234624
2014-04-11,21734105.939340364
2014-04-14,21820848.867124077
2014-04-15,21916166.2863286
2014-04-16,22159416.83586067
2014-04-17,22243030.002027582
2014-04-21,22322340.586791985
2014-04-22,22602850.76405539
2014-04-23,22483856.8998483
2014-04-24,22503241.53293217
2014-04-25,22198830.059814066
2014-04-28,22097442.293863174
2014-04-29,22156033.293468144
2014-04-30,22302333.140236292
2014-05-01,22358080.380918887
2014-05-02,22417185.651224356
2014-05-05,22407892.098407157
2014-05-06,22182990.06890176
2014-05-07,22281230.886147574
2014-05-08,22137542.465417985
2014-05-09,22167093.892111897
2014-05-12,22399663.270058315
2014-05-13,22321336.839172326
2014-05-14,22165933.908877872
2014-05-15,22011432.586937025
2014-05-16,22118148.863110196
2014-05-19,22249585.23008352
2014-05-20,22077400.834650997
2014-05-21,22157546.16477148
2014-05-22,22246772.16306291
2014-05-23,22391673.8196129
2014-05-27,22569318.64621298
2014-05-28,22534232.34453813
2014-05-29,22594272.220855817
2014-05-30,22582985.906198885
2014-06-02,22613522.319331523
2014-06-03,22636185.96698243
2014-06-04,22717736.545158368
2014-06-05,22907649.290621717
2014-06-06,23027286.57788524
2014-06-09,23049866.946973797
2014-06-10,23024590.139190704
2014-06-11,22947271.023742028
2014-06-12,22800142.632161357
2014-06-13,22832565.377646245
2014-06-16,22869766.28876706
2014-06-17,22988385.302522484
2014-06-18,23102708.811652698
2014-06-19,23102037.470987253
2014-06-20,23193427.156737253
2014-06-23,23177999.61831603
2014-06-24,23021152.746342484
2014-06-25,23176455.76882185
2014-06-26,23155381.746914558
2014-06-27,23205930.574426655
2014-06-30,23278860.8092953
2014-07-01,23430136.40106827
2014-07-02,23434908.234807473
2014-07-03,23527929.01849933
2014-07-07,23333259.501725156
2014-07-08,23206541.10550837
2014-07-09,23256516.892271154
2014-07-10,23167212.733331632
2014-07-11,23144055.48666301
2014-07-14,23198711.525593825
2014-07-15,23087720.14328271
2014-07-16,23074841.360510115
2014-07-17,22867331.55798954
2014-07-18,23061188.90307889
2014-07-21,23033990.401984885
2014-07-22,23125867.285460114
2014-07-23,23136172.250218064
2014-07-24,23108607.85491175
2014-07-25,23012602.748239987
2014-07-28,22957044.71054793
2014-07-29,22904233.65352686
2014-07-30,22944191.39782344
2014-07-31,22656836.80699237
2014-08-01,22629480.587148108
2014-08-04,22733662.577033438
2014-08-05,22635216.722969845
2014-08-06,22694253.57820959
2014-08-07,22644430.893368073
2014-08-08,22769254.704396326
2014-08-11,22935297.496284753
2014-08-12,22851281.683839474
2014-08-13,23062167.28150467
2014-08-14,23157749.644148614
2014-08-15,23136884.089432534
2014-08-18,23410340.79500257
2014-08-19,23503151.62646906
2014-08-20,23501161.327046108
2014-08-21,23508448.974236343
2014-08-22,23642758.506276365
2014-08-25,23708834.395874806
2014-08-26,23745045.934819367
2014-08-27,23860954.418518335
2014-08-28,23774850.031961914
2014-08-29,23914571.371600967
2014-09-02,24011893.088272557
2014-09-03,23985732.051270954
2014-09-04,23873486.827090338
2014-09-05,24081905.23890335
2014-09-08,24059926.11030225
2014-09-09,23863878.50729933
2014-09-10,23929464.761829536
2014-09-11,24142602.560176495
2014-09-12,24023966.71856316
2014-09-15,24028468.740200575
2014-09-16,24043147.10474803
2014-09-17,24051737.92998376
2014-09-18,24204092.856035925
2014-09-19,24085026.198792573
2014-09-22,23820686.37480589
2014-09-23,23605117.426620338
2014-09-24,23735702.745471574
2014-09-25,23446691.340758003
2014-09-26,23562184.49619461
2014-09-29,23546616.30913776
2014-09-30,23379388.1471849
2014-10-01,23101862.2328672
2014-10-02,23169797.588550225
2014-10-03,23341080.560579173
2014-10-06,23245779.09910188
2014-10-07,22953694.300290454
2014-10-08,23263178.307965003
2014-10-09,22831331.351463195
2014-10-10,22531965.37305495
2014-10-13,22483097.639124066
2014-10-14,22397805.121732783
2014-10-15,22394624.287483852
2014-10-16,22409828.459655445
2014-10-17,22415951.940281626
2014-10-20,22479679.69801994
2014-10-21,22535593.121689692
2014-10-22,22492795.04371117
2014-10-23,22565169.9474818
2014-10-24,22552681.528197747
2014-10-27,22572578.44640592
2014-10-28,22623467.99913279
2014-10-29,22611851.155850213
2014-10-30,22648283.836234026
2014-10-31,22693926.02259528
2014-11-03,22733640.507802755
2014-11-04,22682145.106461637
2014-11-05,22726642.15035147
2014-11-06,22775341.62531695
2014-11-07,22799272.306266766
2014-11-10,22796801.87581516
2014-11-11,22795254.796791866
2014-11-12,22885548.226830874
2014-11-13,22909447.922016766
2014-11-14,22872187.67161439
2014-11-17,22891262.38001143
2014-11-18,23008803.77087572
2014-11-19,23067273.80778151
2014-11-20,23076255.06143613
2014-11-21,22973823.199669387
2014-11-24,23060219.659035258
2014-11-25,23077215.540878702
2014-11-26,23122470.316521425
2014-11-28,23041305.247711856
2014-12-01,22972172.57741246
2014-12-02,22996063.103252593
2014-12-03,22994782.15298647
2014-12-04,22963515.382196773
2014-12-05,23085460.604780868
2014-12-08,22893304.079093054
2014-12-09,22904474.6541307
2014-12-10,22811434.36681808
2014-12-11,22830966.230195656
2014-12-12,22708557.83227454
2014-12-15,22708583.721673504
2014-12-16,22687882.91469455
2014-12-17,22779270.262221772
2014-12-18,22828934.510408007
2014-12-19,22807436.630947467
2014-12-22,22866948.6172741
2014-12-23,22896445.613759015
2014-12-24,22902651.95056357
2014-12-26,22921713.629098713
2014-12-29,22943721.715226036
2014-12-30,22948573.178954504
2014-12-31,22906664.92805115
2015-01-02,22933065.13730647
2015-01-05,22852658.584827464
2015-01-06,22787511.69365927
2015-01-07,22832694.228403818
2015-01-08,22868488.153827928
2015-01-09,22851977.913774364
2015-01-12,22836184.969232764
2015-01-13,22832351.32952106
2015-01-14,22812824.19946236
2015-01-15,22765101.333997693
2015-01-16,22812381.759130582
2015-01-20,22799932.110929757
2015-01-21,22809420.84062305
2015-01-22,22869380.12382962
2015-01-23,22868494.21146246
2015-01-26,22897148.161671825
2015-01-27,22874000.20931413
2015-01-28,22827364.566233125
2015-01-29,22874689.771558255
2015-01-30,22806557.56325308
2015-02-02,22843479.967677318
2015-02-03,22912751.11364371
2015-02-04,22903170.73283269
2015-02-05,22945667.564971283
2015-02-06,22924218.3750561
2015-02-09,22889965.283920996
2015-02-10,22928087.672321558
2015-02-11,22923418.15499228
2015-02-12,22980743.975937463
2015-02-13,23001634.71959961
2015-02-17,23001009.302428354
2015-02-18,23033203.38723226
2015-02-19,23020754.565275423
2015-02-20,23045773.026809327
2015-02-23,23053203.132714696
2015-02-24,23058831.79409515
2015-02-25,23052381.65403832
2015-02-26,23052324.127254985
2015-02-27,23027539.016585518
2015-03-02,23073294.27067062
2015-03-03,23049415.092203133
2015-03-04,23019885.776476838
2015-03-05,23038810.53902182
2015-03-06,22956519.14948035
2015-03-09,22992066.669912234
2015-03-10,22920903.505720586
2015-03-11,22933993.744541753
2015-03-12,23029615.38677681
2015-03-13,22954418.849318523
2015-03-16,23164162.314819753
2015-03-17,23243783.815567646
2015-03-18,23432743.727831226
2015-03-19,23406006.142687496
2015-03-20,23581608.21563067
2015-03-23,23479017.803304438
2015-03-24,23434990.81128093
2015-03-25,23048485.7543163
2015-03-26,22983950.258041345
2015-03-27,23174895.580996647
2015-03-30,23357792.232946496
2015-03-31,23113000.867387578
2015-04-01,23091777.56010351
2015-04-02,23105324.131520364
2015-04-06,23216724.442434605
2015-04-07,23111500.127375837
2015-04-08,23286096.60009591
2015-04-09,23286915.940763004
2015-04-10,23406196.687929284
2015-04-13,23363474.39911474
2015-04-14,23341552.72398241
2015-04-15,23539780.08682005
2015-04-16,23532538.158845212
2015-04-17,23262906.71182817
2015-04-20,23449180.48056049
2015-04-21,23470032.412982263
2015-04-22,23539992.371753447
2015-04-23,23651061.426000733
2015-04-24,23595142.86204367
2015-04-27,23402337.077301577
2015-04-28,23446994.869558915
2015-04-29,23320079.020291544
2015-04-30,22988398.788525652
2015-05-01,23226376.515705258
2015-05-04,23319215.74652029
2015-05-05,23045086.329844207
2015-05-06,22979753.31991572
2015-05-07,23098631.807509087
2015-05-08,23314156.056170028
2015-05-11,23317280.87700193
2015-05-12,23259441.715056233
2015-05-13,23247168.26519841
2015-05-14,23441665.034875367
2015-05-15,23435363.94898098
2015-05-18,23583203.48620477
2015-05-19,23648038.529853012
2015-05-20,23651141.018155716
2015-05-21,23672407.756343316
2015-05-22,23554415.08420362
2015-05-26,23323911.014329903
2015-05-27,23516865.832521014
2015-05-28,23489267.30637329
2015-05-29,23366414.44269402
2015-06-01,23424358.62176933
2015-06-02,23451454.74525865
2015-06-03,23581436.324791133
2015-06-04,23398884.705191795
2015-06-05,23515767.69892498
2015-06-08,23356596.431805912
2015-06-09,23328888.734245438
2015-06-10,23572953.278707433
2015-06-11,23647064.034177195
2015-06-12,23599952.615388345
2015-06-15,23473183.590725772
2015-06-16,23581069.90443303
2015-06-17,23593301.96524555
2015-06-18,23807120.43464999
2015-06-19,23770130.770736374
2015-06-22,23868592.945208345
2015-06-23,23907781.12251508
2015-06-24,23742703.972360056
2015-06-25,23725937.36510121
2015-06-26,23710049.948399693
2015-06-29,23317950.543098096
2015-06-30,23404388.863029312
2015-07-01,23501039.998462003
2015-07-02,23480581.94542763
2015-07-06,23501631.257519975
2015-07-07,23535544.32948664
2015-07-08,23163455.417256065
2015-07-09,23279962.649446983
2015-07-10,23542416.668472834
2015-07-13,23732440.340313036
2015-07-14,23887981.004237495
2015-07-15,23794308.06002071
2015-07-16,23935184.2807488
2015-07-17,23856779.708746433
2015-07-20,23843056.78570714
2015-07-21,23775459.48798829
2015-07-22,23812018.550880626
2015-07-23,23714995.628212254
2015-07-24,23560825.88587772
2015-07-27,23412671.421826825
2015-07-28,23535733.18246622
2015-07-29,23723546.29495289
2015-07-30,23696439.895465627
2015-07-31,23805958.962144766
2015-08-03,23768070.524761748
2015-08-04,23762173.317838643
2015-08-05,23846161.252337206
2015-08-06,23637145.96772201
2015-08-07,23571814.16905259
2015-08-10,23776117.59116732
2015-08-11,23661202.93929391
2015-08-12,23692728.258617543
2015-08-13,23750321.851328835
2015-08-14,23836324.81975362
2015-08-17,23938151.73025605
2015-08-18,23888935.588501826
2015-08-19,23761731.808193974
2015-08-20,23401131.108513024
2015-08-21,22975493.052867424
2015-08-24,22975493.052867424
2015-08-25,22975493.052867424
2015-08-26,22975493.052867424
2015-08-27,22975493.052867424
2015-08-28,22975493.052867424
2015-08-31,22975493.052867424
2015-09-01,22975493.052867424
2015-09-02,22975493.052867424
2015-09-03,22975493.052867424
2015-09-04,22975493.052867424
2015-09-08,22975493.052867424
2015-09-09,22975493.052867424
2015-09-10,22975493.052867424
2015-09-11,22975493.052867424
2015-09-14,22975493.052867424
2015-09-15,22975493.052867424
2015-09-16,22975493.052867424
2015-09-17,22975493.052867424
2015-09-18,22975493.052867424
2015-09-21,22975493.052867424
2015-09-22,22975493.052867424
2015-09-23,22975493.052867424
2015-09-24,22975493.052867424
2015-09-25,22975493.052867424
2015-09-28,22975493.052867424
2015-09-29,22975493.052867424
2015-09-30,22975493.052867424
2015-10-01,22975493.052867424
2015-10-02,22975493.052867424
2015-10-05,22975493.052867424
2015-10-06,22975493.052867424
2015-10-07,22975493.052867424
2015-10-08,22975493.052867424
2015-10-09,22975493.052867424
2015-10-12,22975493.052867424
2015-10-13,22975493.052867424
2015-10-14,22975493.052867424
2015-10-15,22975493.052867424
2015-10-16,22975493.052867424
2015-10-19,22975493.052867424
2015-10-20,22975493.052867424
2015-10-21,22975493.052867424
2015-10-22,22975493.052867424
2015-10-23,22975493.052867424
2015-10-26,22975493.052867424
2015-10-27,22975493.052867424
2015-10-28,22975493.052867424
2015-10-29,22975493.052867424
2015-10-30,22975493.052867424
2015-11-02,22975493.052867424
2015-11-03,22975493.052867424
2015-11-04,22975493.052867424
2015-11-05,22975493.052867424
2015-11-06,22975493.052867424
2015-11-09,22975493.052867424
2015-11-10,22975493.052867424
2015-11-11,22975493.052867424
2015-11-12,22975493.052867424
2015-11-13,22975493.052867424
2015-11-16,22975493.052867424
2015-11-17,22975493.052867424
2015-11-18,22975493.052867424
2015-11-19,22975493.052867424
2015-11-20,22975493.052867424
2015-11-23,22975493.052867424
2015-11-24,22975493.052867424
2015-11-25,22975493.052867424
2015-11-27,22975493.052867424
2015-11-30,22975493.052867424
2015-12-01,22975493.052867424
2015-12-02,22975493.052867424
2015-12-03,22975493.052867424
2015-12-04,22975493.052867424
2015-12-07,22975493.052867424
2015-12-08,22975493.052867424
2015-12-09,22975493.052867424
2015-12-10,22975493.052867424
2015-12-11,22975493.052867424
2015-12-14,22975493.052867424
2015-12-15,22975493.052867424
2015-12-16,22975493.052867424
2015-12-17,22975493.052867424
2015-12-18,22975472.707497984
2015-12-21,22975472.707497984
2015-12-22,22975533.74360631
2015-12-23,22975533.74360631
2015-12-24,22975533.74360631
2015-12-28,22975554.08897575
2015-12-29,22975513.398236867
2015-12-30,22975513.398236867
2015-12-31,22975554.08897575
2016-01-04,22975554.08897575
2016-01-05,22975554.08897575
2016-01-06,22975554.08897575
2016-01-07,22975554.08897575
2016-01-08,22975554.08897575
2016-01-11,22975554.08897575
2016-01-12,22975554.08897575
2016-01-13,22975554.08897575
2016-01-14,22975554.08897575
2016-01-15,22975554.08897575
2016-01-19,22975554.08897575
2016-01-20,22975554.08897575
2016-01-21,22975554.08897575
2016-01-22,22975554.08897575
2016-01-25,22975554.08897575
2016-01-26,22975554.08897575
2016-01-27,22975604.952399354
2016-01-28,22975604.952399354
2016-01-29,22975706.679246567
2016-02-01,22975706.679246567
2016-02-02,22975706.679246567
2016-02-03,22975596.81425158
2016-02-04,22975554.08897575
2016-02-05,22975554.08897575
2016-02-08,22975554.08897575
2016-02-09,22975554.08897575
2016-02-10,22975554.08897575
2016-02-11,22975554.08897575
2016-02-12,22975554.08897575
2016-02-16,22975554.08897575
2016-02-17,22975554.08897575
2016-02-18,22975554.08897575
2016-02-19,22975554.08897575
2016-02-22,22975554.08897575
2016-02-23,22975554.08897575
2016-02-24,22975554.08897575
2016-02-25,22975554.08897575
2016-02-26,22975554.08897575
2016-02-29,22975554.08897575
2016-03-01,22975554.08897575
2016-03-02,22975554.08897575
2016-03-03,22975554.08897575
2016-03-04,22975554.08897575
2016-03-07,22975554.08897575
2016-03-08,22975554.08897575
2016-03-09,22975554.08897575
2016-03-10,22975554.08897575
2016-03-11,22975654.376704525
2016-03-14,22975470.511217307
2016-03-15,22975902.322948325
2016-03-16,22975888.405103434
2016-03-17,22975796.47235982
2016-03-18,22976225.497262415
2016-03-21,22976251.963983852
2016-03-22,22976274.25861127
2016-03-23,22976360.617698025
2016-03-24,22976254.75081228
2016-03-28,22976349.470384315
2016-03-29,22976600.203456543
2016-03-30,22976885.763735488
2016-03-31,22976770.15109887
2016-04-01,22977105.85799226
2016-04-04,22977227.044285733
2016-04-05,22977378.869394664
2016-04-06,22977355.189501654
2016-04-07,22977139.283636145
2016-04-08,22977142.07046457
2016-04-11,22976994.41744966
2016-04-12,22977090.52228729
2016-04-13,22977220.069066044
2016-04-14,22977080.776536416
2016-04-15,22977324.5506862
2016-04-18,22977451.310636524
2016-04-19,22977284.149822626
2016-04-20,22977282.764557034
2016-04-21,22977062.67030026
2016-04-22,22977167.135623172
2016-04-25,22977164.348794747
2016-04-26,22977559.948053457
2016-04-27,22978037.7343049
2016-04-28,22977844.12306681
2016-04-29,22977934.670544825
2016-05-02,22978220.214526527
2016-05-03,22978399.907919727
2016-05-04,22978532.24152691
2016-05-05,22978724.46749941
2016-05-06,22979026.748748917
2016-05-09,22979100.575256374
2016-05-10,22979490.60085823
2016-05-11,22979057.387564376
2016-05-12,22979567.21419411
2016-05-13,22979010.027778357
2016-05-16,22979253.801928136
2016-05-17,22978957.09433548
2016-05-18,22979032.322405774
2016-05-19,22978604.682768773
2016-05-20,22978834.522776417
2016-05-23,22978756.5078777
2016-05-24,22979107.53417882
2016-05-25,22979058.78912721
2016-05-26,22979005.855684336
2016-05-27,22979071.32170651
2016-05-31,22978827.547556728
2016-06-01,22979036.49449979
2016-06-02,22979051.87909649
2016-06-03,22979222.137415413
2016-06-06,22979342.12689072
2016-06-07,22979226.26475798
2016-06-08,22979941.31107641
2016-06-09,22980179.22286051
2016-06-10,22980380.861701127
2016-06-13,22977454.30642918
2016-06-14,22974678.825462304
2016-06-15,22976015.40830678
2016-06-16,22977780.588051062
2016-06-17,22962887.50774735
2016-06-20,22982853.68603678
2016-06-21,22980578.132070657
2016-06-22,22978895.110869367
2016-06-23,23007732.465090234
2016-06-24,23151098.424734946
2016-06-27,22628897.752384704
2016-06-28,23006707.877907433
2016-06-29,23432325.74966306
2016-06-30,23741898.82699128
2016-07-01,23823569.68504945
2016-07-05,23531270.060300507
2016-07-06,23655463.729714736
2016-07-07,23675655.93828512
2016-07-08,24149591.463159014
2016-07-11,24321924.473744005
2016-07-12,24591466.425731182
2016-07-13,24551944.194371425
2016-07-14,24574890.907350857
2016-07-15,24575133.42684767
2016-07-18,24634089.81825282
2016-07-19,24601738.174006034
2016-07-20,24777237.438989025
2016-07-21,24715268.986037515
2016-07-22,24821076.643590484
2016-07-25,24700526.12924133
2016-07-26,24780353.40100645
2016-07-27,24796373.80708629
2016-07-28,24903963.395999935
2016-07-29,24932130.863651004
2016-08-01,24904522.657854244
2016-08-02,24590179.16558135
2016-08-03,24769230.399769295
2016-08-04,24893641.99808877
2016-08-05,25167130.031167693
2016-08-08,25165759.725976747
2016-08-09,25107384.468972128
2016-08-10,24977715.620458405
2016-08-11,25122745.20606288
2016-08-12,25097577.96794186
2016-08-15,25279969.532842476
2016-08-16,25120607.3942254
2016-08-17,25132146.384571776
2016-08-18,25289360.215140566
2016-08-19,25305240.29017801
2016-08-22,25334704.22474668
2016-08-23,25438358.911774
2016-08-24,25244445.541679442
2016-08-25,25217647.43362346
2016-08-26,25171639.68129267
2016-08-29,25334749.54302952
2016-08-30,25391010.641213417
2016-08-31,25314759.36324512
2016-09-01,25343760.346799217
2016-09-02,25480405.20722099
2016-09-06,25537640.743280027
2016-09-07,25657725.2251549
2016-09-08,25617564.009266563
2016-09-09,25013645.582771305
2016-09-12,25311575.86656578
2016-09-13,24965378.636407163
2016-09-14,24986361.388792418
2016-09-15,25224580.838834744
2016-09-16,25165316.31884702
2016-09-19,25300635.847752154
2016-09-20,25345747.130390193
2016-09-21,25610440.55389444
2016-09-22,25844627.662719548
2016-09-23,25761708.277755976
2016-09-26,25586780.43657693
2016-09-27,25710356.34598268
2016-09-28,25810954.56332269
2016-09-29,25518114.48450576
2016-09-30,25703843.555477966
2016-10-03,25594882.78345035
2016-10-04,25501618.97287543
2016-10-05,25649005.020589616
2016-10-06,25569955.479101874
2016-10-07,25424379.58387114
2016-10-10,25557374.000748985
2016-10-11,25210541.6256348
2016-10-12,25208727.17411654
2016-10-13,25065364.775892727
2016-10-14,25055145.34690552
2016-10-17,25010853.10851682
2016-10-18,25183820.8141342
2016-10-19,25235016.28576382
2016-10-20,25184919.487373415
2016-10-21,25175498.947450344
2016-10-24,25075934.17057769
2016-10-25,24988766.8005018
2016-10-26,24907946.5475511
2016-10-27,24759181.02612751
2016-10-28,24756802.37477903
2016-10-31,24803704.863190513
2016-11-01,24623429.286298905
2016-11-02,24396720.128517963
2016-11-03,24296778.749675687
2016-11-04,24396420.961681034
2016-11-07,24895250.914179593
2016-11-08,24875414.744444326
2016-11-09,25411151.616922054
2016-11-10,25684373.5175546
2016-11-11,25756884.102243993
2016-11-14,25969511.654028438
2016-11-15,26172786.228964888
2016-11-16,26138944.18457288
2016-11-17,26275744.620634962
2016-11-18,26310677.909204863
2016-11-21,26440663.625849005
2016-11-22,26648988.763583563
2016-11-23,26865989.961983062
2016-11-25,26915137.74261709
2016-11-28,26760364.11142668
2016-11-29,26778332.332276206
2016-11-30,26680835.60866907
2016-12-01,26622167.39309188
2016-12-02,26603400.676728237
2016-12-05,26845619.8294183
2016-12-06,27042482.678732097
2016-12-07,27383937.72460131
2016-12-08,27680173.709148735
2016-12-09,27693798.30764426
2016-12-12,27436574.660431936
2016-12-13,27482042.068940092
2016-12-14,27234320.475320365
2016-12-15,27356781.175056603
2016-12-16,27267233.09878339
2016-12-19,27424151.970642105
2016-12-20,27582056.777451046
2016-12-21,27557553.342030436
2016-12-22,27398383.68045353
2016-12-23,27517433.802007724
2016-12-27,27609609.302548375
2016-12-28,27424184.52244605
2016-12-29,27489553.09068337
2016-12-30,27365891.749419242
2017-01-03,27533159.51775947
2017-01-04,27880662.50907586
2017-01-05,27807903.02883403
2017-01-06,27799665.954281576
2017-01-09,27627803.897464693
2017-01-10,27782111.750375267
2017-01-11,27897702.36104855
2017-01-12,27846504.929639455
2017-01-13,27987963.515088953
2017-01-17,27789027.130938627
2017-01-18,27969883.205786295
2017-01-19,27832822.226664104
2017-01-20,27880524.354124174
2017-01-23,27777140.702064484
2017-01-24,28064365.632320955
2017-01-25,28291718.289057136
2017-01-26,28158142.27352553
2017-01-27,28169621.89610841
2017-01-30,27991366.85189861
2017-01-31,28081817.923624925
2017-02-01,28129818.612846
2017-02-02,28118142.052425705
2017-02-03,28310524.063094165
2017-02-06,28258846.552661747
2017-02-07,28254814.50368367
2017-02-08,28254299.07360206
2017-02-09,28456026.422542203
2017-02-10,28595154.99334588
2017-02-13,28655130.390410244
2017-02-14,28701112.351399217
2017-02-15,28867858.665395726
2017-02-16,28679057.36638065
2017-02-17,28664326.25992327
2017-02-21,28898963.14787506
2017-02-22,28722628.511782236
2017-02-23,28740394.00040499
2017-02-24,28785187.253723603
2017-02-27,28925816.100405585
2017-02-28,28730656.48379773
2017-03-01,29156971.10773692
2017-03-02,29060937.43986232
2017-03-03,29068239.936613135
2017-03-06,28939977.05783288
2017-03-07,28844742.23050604
2017-03-08,28778118.72959736
2017-03-09,28570610.69787598
2017-03-10,28728547.01447956
2017-03-13,28831670.586720172
2017-03-14,28690282.361813143
2017-03-15,28992467.93214064
2017-03-16,28951230.48622762
2017-03-17,28940482.02785043
2017-03-20,28904529.76802985
2017-03-21,28457429.028338272
2017-03-22,28501042.253603343
2017-03-23,29239434.14849814
2017-03-24,29551483.684670065
2017-03-27,29758892.778301153
2017-03-28,29641398.107878733
2017-03-29,29583569.17236954
2017-03-30,29608790.282946467
2017-03-31,29527169.48303652
2017-04-03,29497902.24502447
2017-04-04,29522247.46348889
2017-04-05,29348251.7039526
2017-04-06,29590043.019704152
2017-04-07,29499224.17514563
2017-04-10,29511276.63238557
2017-04-11,29586537.135944467
2017-04-12,29332168.304054283
2017-04-13,29158882.8392841
2017-04-17,29374478.551655576
2017-04-18,29306900.85460034
2017-04-19,29406884.799726818
2017-04-20,29648645.20239848
2017-04-21,29581307.199369144
2017-04-24,29863868.777565617
2017-04-25,29992802.20183727
2017-04-26,30056082.755217545
2017-04-27,30102017.272934005
2017-04-28,29914254.32946006
2017-05-01,30021585.02052518
2017-05-02,30019859.482862998
2017-05-03,29909781.542622652
2017-05-04,29812152.80593323
2017-05-05,30061447.42925031
2017-05-08,29943361.509782013
2017-05-09,29953342.794791292
2017-05-10,30002097.902388338
2017-05-11,29913044.290802643
2017-05-12,29814877.736972578
2017-05-15,30092714.662969287
2017-05-16,30069406.4859495
2017-05-17,29634085.966590058
2017-05-18,29439654.728859227
2017-05-19,29761296.0542265
2017-05-22,29913705.924992725
2017-05-23,29944873.462505285
2017-05-24,30007032.740768533
2017-05-25,29809602.654811163
2017-05-26,29792675.31446902
2017-05-30,29722587.085533734
2017-05-31,29666631.7118599
2017-06-01,29915815.014574543
2017-06-02,30338198.00592619
2017-06-05,29974204.675704252
2017-06-06,29948205.64348459
2017-06-07,30148412.301610243
2017-06-08,30208949.2635441
2017-06-09,30177029.852133967
2017-06-12,30074390.01167702
2017-06-13,30176209.495977182
2017-06-14,30057688.30835325
2017-06-15,30009276.238656823
2017-06-16,29848254.422852542
2017-06-19,30068162.176319107
2017-06-20,29935246.55742021
2017-06-21,29908886.926857952
2017-06-22,29994181.876563545
2017-06-23,30153637.849129006
2017-06-26,30188799.13193889
2017-06-27,29992194.248984817
2017-06-28,30222160.967244238
2017-06-29,30039240.792424288
2017-06-30,30089516.944281578
2017-07-03,30156914.953634635
2017-07-05,30131136.227461748
2017-07-06,29980573.867388185
2017-07-07,30179503.4777674
2017-07-10,30108934.145792194
2017-07-11,30160450.7991606
2017-07-12,30386647.618515156
2017-07-13,30450367.22036014
2017-07-14,30565285.325561214
2017-07-17,30603706.683063913
2017-07-18,30618147.588048726
2017-07-19,30762063.8382709
2017-07-20,30737523.26591951
2017-07-21,30716925.540684506
2017-07-24,30822264.327988453
2017-07-25,30916005.9788267
2017-07-26,30865038.3973715
2017-07-27,30726848.014319718
2017-07-28,30764682.419016954
2017-07-31,30689384.289258663
2017-08-01,30658494.348806534
2017-08-02,30527125.17620784
2017-08-03,30418988.73884942
2017-08-04,30459040.601981364
2017-08-07,30502682.264136426
2017-08-08,30665664.24220103
2017-08-09,30544398.097229745
2017-08-10,30115415.118443254
2017-08-11,30170433.758909915
2017-08-14,30498065.72157116
2017-08-15,30338407.92414378
2017-08-16,30314278.50331263
2017-08-17,29871373.08926229
2017-08-18,29795025.52602441
2017-08-21,29819871.48140331
2017-08-22,30113373.485824972
2017-08-23,30063731.014415767
2017-08-24,30080404.906996503
2017-08-25,30090606.82308468
2017-08-28,30131812.898918234
2017-08-29,30046466.262918912
2017-08-30,30319271.54660753
2017-08-31,30571704.002564218
2017-09-01,30712120.84807065
2017-09-05,30412090.18761599
2017-09-06,30538240.73052662
2017-09-07,30486689.09613756
2017-09-08,30476200.695532653
2017-09-11,30760507.74839779
2017-09-12,30908684.278438266
2017-09-13,31043639.174414586
2017-09-14,31066492.723009273
2017-09-15,31121996.76486605
2017-09-18,31164419.089664526
2017-09-19,31212869.59586082
2017-09-20,31236920.999793466
2017-09-21,31233284.580597226
2017-09-22,31414559.986479525
2017-09-25,31256244.45882089
2017-09-26,31301813.908070292
2017-09-27,31578608.704759523
2017-09-28,31626101.75693504
2017-09-29,31751920.103148922
2017-10-02,32023787.362504918
2017-10-03,32109855.0137303
2017-10-04,32107436.969232142
2017-10-05,32174559.643429223
2017-10-06,32156981.74875461
2017-10-09,32048010.53710358
2017-10-10,32161737.977162298
2017-10-11,32231766.782742895
2017-10-12,32162497.650045186
2017-10-13,32287102.514532905
2017-10-16,32280340.10812952
2017-10-17,32193645.638015524
2017-10-18,32264012.79253392
2017-10-19,32255238.009856842
2017-10-20,32433767.779837806
2017-10-23,32376501.132767793
2017-10-24,32512559.769726567
2017-10-25,32341665.16954283
2017-10-26,32480896.853015013
2017-10-27,32549446.0736395
2017-10-30,32301133.456086904
2017-10-31,32445999.976221193
2017-11-01,32357830.76150702
2017-11-02,32389634.66728945
2017-11-03,32383856.99010984
2017-11-06,32438630.306964554
2017-11-07,32240666.173439484
2017-11-08,32198462.567193985
2017-11-09,32015798.634858795
2017-11-10,32040632.28340601
2017-11-13,32117535.449125897
2017-11-14,32119077.081901833
2017-11-15,31995989.57653222
2017-11-16,32211316.69857606
2017-11-17,32240947.12822394
2017-11-20,32530650.42686011
2017-11-21,32636899.81815026
2017-11-22,32571441.617895074
2017-11-24,32597352.88049434
2017-11-27,32470089.766234603
2017-11-28,32866201.197689332
2017-11-29,32848126.034598835
2017-11-30,32981256.416726172
2017-12-01,32914251.02694222
2017-12-04,32917977.486661915
2017-12-05,32793425.659017123
2017-12-06,32744208.066961132
2017-12-07,32896614.47962769
2017-12-08,32987579.988872442
2017-12-11,32946189.611039255
2017-12-12,32902857.699813824
2017-12-13,32853594.213728063
2017-12-14,32750375.211909417
2017-12-15,32999360.05221224
2017-12-18,33189654.215904184
2017-12-19,33073438.639446203
2017-12-20,33122691.242707152
2017-12-21,33218136.27965053
2017-12-22,33212935.922160473
2017-12-26,33216762.872743808
2017-12-27,33192209.85434311
2017-12-28,33268595.272960555
2017-12-29,33124342.903249223
2018-01-02,33322811.077663682
2018-01-03,33361243.573042702
2018-01-04,33442143.996681947
2018-01-05,33508478.741823908
2018-01-08,33639301.72740206
2018-01-09,33689970.79814322
2018-01-10,33712503.504591584
2018-01-11,34035573.15977524
2018-01-12,34178728.20323378
2018-01-16,34012930.039484344
2018-01-17,34209241.08993535
2018-01-18,34195874.6205369
2018-01-19,34477561.66146281
2018-01-22,34446339.60679101
2018-01-23,34571155.17198029
2018-01-24,34499408.77867097
2018-01-25,34514626.45265282
2018-01-26,34691588.31476775
2018-01-29,34551575.65978525
2018-01-30,34346220.590142876
2018-01-31,34278028.96404346
2018-02-01,34356436.15260709
2018-02-02,33922400.03625085
2018-02-05,33280620.372026313
2018-02-06,33508306.420900393
2018-02-07,33493110.74428012
2018-02-08,32889255.91433609
2018-02-09,33060805.084476776
2018-02-12,33063061.1872576
2018-02-13,33064042.720256113
2018-02-14,33067655.795064315
2018-02-15,33068080.089053288
2018-02-16,33070450.548380043
2018-02-20,33070143.05096109
2018-02-21,33070154.610231496
2018-02-22,33067731.933868
2018-02-23,33066454.620900877
2018-02-26,33066775.099150885
2018-02-27,33065166.95210108
2018-02-28,33063310.50827111
2018-03-01,33062442.2630651
2018-03-02,33063058.481955163
2018-03-05,33063828.135341603
2018-03-06,33064256.76412465
2018-03-07,33064590.231541872
2018-03-08,33064503.215173192
2018-03-09,33066820.56676393
2018-03-12,33066585.23069431
2018-03-13,33066483.916228767
2018-03-14,33064981.171530765
2018-03-15,33064517.210761167
2018-03-16,33065320.038167752
2018-03-19,33065743.694371086
2018-03-20,33065651.78643763
2018-03-21,33066278.106511407
2018-03-22,33062792.65769026
2018-03-23,33061004.293701038
2018-03-26,33061004.293701038
2018-03-27,33061004.293701038
2018-03-28,33061004.293701038
2018-03-29,33061004.293701038
2018-04-02,33061004.293701038
2018-04-03,33061004.293701038
2018-04-04,33061004.293701038
2018-04-05,33061004.293701038
2018-04-06,33061004.293701038
2018-04-09,33061004.293701038
2018-04-10,33061004.293701038
2018-04-11,33061004.293701038
2018-04-12,33061004.293701038
2018-04-13,33061004.293701038
2018-04-16,33061004.293701038
2018-04-17,33061004.293701038
2018-04-18,33061004.293701038
2018-04-19,33061004.293701038
2018-04-20,33061004.293701038
2018-04-23,33061004.293701038
2018-04-24,33061004.293701038
2018-04-25,33061004.293701038
2018-04-26,33061004.293701038
2018-04-27,33061004.293701038
2018-04-30,33061004.293701038
2018-05-01,33061004.293701038
2018-05-02,33061004.293701038
2018-05-03,33061004.293701038
2018-05-04,33053767.00267761
2018-05-07,33062747.83441808
2018-05-08,33073329.798055258
2018-05-09,33128087.73535075
2018-05-10,33162635.92843442
2018-05-11,33183293.315675054
2018-05-14,33178032.41021591
2018-05-15,33166752.256381687
2018-05-16,33177069.680416904
2018-05-17,33201658.557927802
2018-05-18,33207543.175892964
2018-05-21,33213231.33786364
2018-05-22,33206249.05352154
2018-05-23,33201229.596371736
2018-05-24,33198902.73076694
2018-05-25,33205895.98734483
2018-05-29,33192885.90380535
2018-05-30,33237320.603975073
2018-05-31,33223428.06448349
2018-06-01,33254975.95464499
2018-06-04,33274522.528837655
2018-06-05,33290681.500847287
2018-06-06,33320373.273694653
2018-06-07,33303950.63068989
2018-06-08,33316537.747209642
2018-06-11,33299074.20759045
2018-06-12,33305470.798757136
2018-06-13,33296682.94106335
2018-06-14,33307359.747067995
2018-06-15,33318380.582745813
2018-06-18,33294186.913640913
2018-06-19,33286331.933995325
2018-06-20,33300667.240523063
2018-06-21,33254298.52762631
2018-06-22,33252827.620040905
2018-06-25,33167753.348795883
2018-06-26,33176183.821697157
2018-06-27,33111332.64880755
2018-06-28,33117970.175642155
2018-06-29,33308519.33986785
2018-07-02,33398484.754947763
2018-07-03,33367654.105101258
2018-07-05,33645850.52698543
2018-07-06,33851506.7712212
2018-07-09,34193289.885288544
2018-07-10,34148284.03898096
2018-07-11,33880196.87309522
2018-07-12,34059054.50503623
2018-07-13,34025930.836318664
2018-07-16,33935557.654001884
2018-07-17,34129980.767586306
2018-07-18,34339008.16402282
2018-07-19,34360195.852162614
2018-07-20,34313964.31824582
2018-07-23,34336582.23075327
2018-07-24,34147510.88892112
2018-07-25,34318354.49099055
2018-07-26,34443794.789333396
2018-07-27,34101388.37145912
2018-07-30,33835138.33547707
2018-07-31,34136460.614190035
2018-08-01,34040073.64672389
2018-08-02,34293836.29019461
2018-08-03,34353937.92858468
2018-08-06,34529072.300180376
2018-08-07,34705014.61088817
2018-08-08,34609597.661446154
2018-08-09,34652195.59565958
2018-08-10,34485988.82889313
2018-08-13,34305779.75032233
2018-08-14,34545558.57110651
2018-08-15,34187274.05965695
2018-08-16,34399207.07499945
2018-08-17,34465640.419970304
2018-08-20,34595833.43251407
2018-08-21,34839510.95923678
2018-08-22,34843436.71784437
2018-08-23,34713745.76431766
2018-08-24,34887466.74845654
2018-08-27,35078874.515629806
2018-08-28,35068563.206479646
2018-08-29,35147028.08366318
2018-08-30,35015324.181884184
2018-08-31,35079627.17349733
2018-09-04,35008871.07488384
2018-09-05,34914544.65300458
2018-09-06,34783202.35016345
2018-09-07,34704612.69750072
2018-09-10,34877022.7991377
2018-09-11,34925773.085700616
2018-09-12,34925811.13152939
2018-09-13,35032479.39562812
2018-09-14,35152573.53096087
2018-09-17,34930572.62220627
2018-09-18,35099446.63445814
2018-09-19,35097822.87346609
2018-09-20,35288169.40157217
2018-09-21,35240538.150596924
2018-09-24,35014663.98342397
2018-09-25,35034675.825324036
2018-09-26,34922205.251719825
2018-09-27,34940065.20382265
2018-09-28,34988180.88252371
2018-10-01,34766631.50981602
2018-10-02,34662789.119709074
2018-10-03,34733305.076269425
2018-10-04,34380707.30997467
2018-10-05,34060255.7048938
2018-10-08,34066929.4188187
2018-10-09,34068030.677778006
2018-10-10,34055905.80798512
2018-10-11,34041163.316404015
2018-10-12,34042380.51875704
2018-10-15,34044743.27762923
2018-10-16,34057791.53190913
2018-10-17,34066203.81142566
2018-10-18,34058047.53481952
2018-10-19,34061544.13090848
2018-10-22,34057083.23048739
2018-10-23,34057612.24909776
2018-10-24,34067427.10345929
2018-10-25,34062812.57030419
2018-10-26,34054942.936124146
2018-10-29,34060655.00358654
2018-10-30,34063466.98999844
2018-10-31,34058568.905634075
2018-11-01,34058668.00661283
2018-11-02,34055402.94931678
2018-11-05,34061532.86209476
2018-11-06,34066689.63058062
2018-11-07,34070986.29219508
2018-11-08,34073071.0352272
2018-11-09,34077200.56769849
2018-11-12,34080297.745746866
2018-11-13,34080921.96789821
2018-11-14,34078534.40824923
2018-11-15,34079502.67346773
2018-11-16,34082654.242147975
2018-11-19,34084133.85573853
2018-11-20,34081469.28726375
2018-11-21,34075715.406819925
2018-11-23,34076886.73705058
2018-11-26,34078088.21484428
2018-11-27,34080148.29145308
2018-11-28,34081085.324010506
2018-11-29,34080263.94780951
2018-11-30,34087057.992364
2018-12-03,34089706.79118614
2018-12-04,34088673.01255979
2018-12-06,34093985.31675973
2018-12-07,34094372.69446255
2018-12-10,34094801.19857779
2018-12-11,34096138.35793507
2018-12-12,34092800.33018973
2018-12-13,34097761.471931934
2018-12-14,34096106.3724869
2018-12-17,34096106.3724869
2018-12-18,34096106.3724869
2018-12-19,34096106.3724869
2018-12-20,34096106.3724869
2018-12-21,34349441.805196725
2018-12-24,33665361.89794659
2018-12-26,35182186.75143863
2018-12-27,35390421.5878856
2018-12-28,35465404.79408458
2018-12-31,35784803.56474748
2019-01-02,35923054.20390581
2019-01-03,35244124.41787618
2019-01-04,36472736.36465598
2019-01-07,37011855.81645675
2019-01-08,37505568.5677798
2019-01-09,37941817.830595136
2019-01-10,38150959.726402014
2019-01-11,38252423.7832973
2019-01-14,38009191.541328855
2019-01-15,38317824.68187532
2019-01-16,38530064.63917035
2019-01-17,38914067.18632067
2019-01-18,39415010.17623661
2019-01-22,38793023.64954498
2019-01-23,38675654.89662517
2019-01-24,39026900.54982312
2019-01-25,39563018.817660026
2019-01-28,39352982.36174336
2019-01-29,39376947.15488213
2019-01-30,39870634.45836795
2019-01-31,40076112.34050985
2019-02-01,40245395.58779237
2019-02-04,40486198.13392325
2019-02-05,40661739.2836459
2019-02-06,40605284.8727851
2019-02-07,40265340.248410605
2019-02-08,40257540.340602785
2019-02-11,40462972.23541536
2019-02-12,41007067.98268644
2019-02-13,41144435.931275524
2019-02-14,41188366.12945087
2019-02-15,41704033.05714743
2019-02-19,41875916.86179356
2019-02-20,42087405.15013012
2019-02-21,41987366.11269077
2019-02-22,42392167.39089426
2019-02-25,42388222.85786952
2019-02-26,42273183.95739591
2019-02-27,42374041.84517187
2019-02-28,42241246.151689015
2019-03-01,42485702.302543916
2019-03-04,42167538.56251219
2019-03-05,42051806.75256902
2019-03-06,41586273.01805208
2019-03-07,41213658.86823648
2019-03-08,41081364.424242765
2019-03-11,41666505.22494304
2019-03-12,41726178.76521145
2019-03-13,41952892.929748915
2019-03-14,41845344.37232864
2019-03-15,42044550.76749345
2019-03-18,42335136.90143799
2019-03-19,42167683.08392464
2019-03-20,41887231.50814087
2019-03-21,42445267.75379322
2019-03-22,41256776.35095037
2019-03-25,41346936.99096102
2019-03-26,41645816.11153471
2019-03-27,41539521.155629046
2019-03-28,41879111.74285179
2019-03-29,42103144.88332245
2019-04-01,42692851.45754412
2019-04-02,42613286.11488567
2019-04-03,42868665.23905669
2019-04-04,43043739.833794214
2019-04-05,43343436.49213091
2019-04-08,43352200.468172036
2019-04-09,42980145.16291193
2019-04-10,43347432.542106286
2019-04-11,43451331.332185835
2019-04-12,43669894.78962775
2019-04-15,43527035.26227587
2019-04-16,43689509.41858773
2019-04-17,43391109.938955985
2019-04-18,43442953.87970744
2019-04-22,43334398.52893837
2019-04-23,43805703.04163061
2019-04-24,43857341.774093986
2019-04-25,43476915.3309409
2019-04-26,43809061.01709218
2019-04-29,43860074.23888117
2019-04-30,43816179.95444612
2019-05-01,43472261.055132434
2019-05-02,43455565.20943546
2019-05-03,44023003.74377303
2019-05-06,43860228.3120612
2019-05-07,43103569.219249316
2019-05-08,43037909.667903684
2019-05-09,42953494.45447183
2019-05-10,43072446.2391762
2019-05-13,41973598.2646766
2019-05-14,42381415.79491702
2019-05-15,42546781.280092284
2019-05-16,42822082.248456635
2019-05-17,42406862.19705912
2019-05-20,42184094.94993527
2019-05-21,42587732.64250449
2019-05-22,42369217.76450156
2019-05-23,41807179.27502674
2019-05-24,41945876.57423832
2019-05-28,41675655.194975086
2019-05-29,41413860.68577489
2019-05-30,41617053.20684386
2019-05-31,41090200.90171394
2019-06-03,41178079.892804384
2019-06-04,42019701.39079489
2019-06-05,42145167.45362497
2019-06-06,42287303.923146136
2019-06-07,42547682.65446198
2019-06-10,42678213.060976684
2019-06-11,42535210.93430816
2019-06-12,42501122.11356416
2019-06-13,42796638.56420627
2019-06-14,42653589.30474535
2019-06-17,42723586.1441704
2019-06-18,43144403.43458824
2019-06-19,43248154.66416435
2019-06-20,43565939.02025719
2019-06-21,43369842.18054404
2019-06-24,43138008.290666826
2019-06-25,42881773.05668829
2019-06-26,42811152.32236111
2019-06-27,43283317.47858413
2019-06-28,43705706.99798229
2019-07-01,43935801.82425149
2019-07-02,43960088.94193498
2019-07-03,44234714.36150976
2019-07-05,44180875.67317385
2019-07-08,43871514.80859549
2019-07-09,43885018.19055316
2019-07-10,44041295.17118721
2019-07-11,44038874.49650104
2019-07-12,44198934.45502315
2019-07-15,44048552.12247328
2019-07-16,44135766.23292727
2019-07-17,43908055.73916062
2019-07-18,44051426.168975316
2019-07-19,44016476.010367356
2019-07-22,44174393.902412705
2019-07-23,44521483.76288264
2019-07-24,45153130.426893786
2019-07-25,44730970.54210779
2019-07-26,44848363.219477944
2019-07-29,44666932.263802476
2019-07-30,44826344.06040544
2019-07-31,44588070.33922279
2019-08-01,44407857.58086198
2019-08-02,44147209.78221373
2019-08-05,43037121.24624611
2019-08-06,43543711.05512828
2019-08-07,43618352.08667525
2019-08-08,44390379.236698344
2019-08-09,43990599.74726632
2019-08-12,43416235.92362198
2019-08-13,43896741.07565608
2019-08-14,42723980.7433783
2019-08-15,42690929.04612623
2019-08-16,43441874.33622788
2019-08-19,43825052.132589884
2019-08-20,43472188.62204188
2019-08-21,44371843.447104804
2019-08-22,44468527.18155245
2019-08-23,43377564.09506589
2019-08-26,43732237.268745564
2019-08-27,43455363.75451564
2019-08-28,44144285.885358326
2019-08-29,44720070.02940506
2019-08-30,44843422.41729001
2019-09-03,44347637.45277158
2019-09-04,44900276.11498551
2019-09-05,45582121.97581466
2019-09-06,45586538.270589374
2019-09-09,46272566.50131313
2019-09-10,45791318.32618621
2019-09-11,46091759.25524064
2019-09-12,45897057.81757332
2019-09-13,46225262.910586536
2019-09-16,46529376.844691046
2019-09-17,46684927.72077404
2019-09-18,46364915.49731676
2019-09-19,46536276.316127166
2019-09-20,46292167.20620616
2019-09-23,46322436.69090391
2019-09-24,45965492.67268424
2019-09-25,46236217.19237036
2019-09-26,46029383.01708163
2019-09-27,45652440.80586572
2019-09-30,45940977.66930885
2019-10-01,45229291.743354954
2019-10-02,44457907.249511614
2019-10-03,44549475.47763747
2019-10-04,45002520.97370703
2019-10-07,44823641.678732164
2019-10-08,43962691.8623775
2019-10-09,44350842.16139682
2019-10-10,44404635.52854185
2019-10-11,45101388.73236616
2019-10-14,44806155.9865012
2019-10-15,45297994.55000588
2019-10-16,45281149.884438306
2019-10-17,45721276.83838338
2019-10-18,45688925.64863324
2019-10-21,46059656.64233072
2019-10-22,46009025.1263866
2019-10-23,46396173.59595965
2019-10-24,46515133.22659871
2019-10-25,46622903.89553237
2019-10-28,46873348.171906605
2019-10-29,46818338.45263636
2019-10-30,46994594.800673485
2019-10-31,46600327.31793754
2019-11-01,47120179.19290629
2019-11-04,47382188.5202067
2019-11-05,47419523.86013721
2019-11-06,47294670.17791585
2019-11-07,47492640.141030125
2019-11-08,47675561.16191158
2019-11-11,48946352.7376086
2019-11-12,48886172.8574519
2019-11-13,48829784.31105382
2019-11-14,48878470.956861705
2019-11-15,49441835.231044166
2019-11-18,49749734.92810878
2019-11-19,49389937.61187199
2019-11-20,49114330.93551983
2019-11-21,49531451.06325831
2019-11-22,49704170.93682417
2019-11-25,50214108.48328044
2019-11-26,50409209.258276455
2019-11-27,50628495.3091531
2019-11-29,50297481.66654683
2019-12-02,49873324.851083554
2019-12-03,49771792.57207601
2019-12-04,50006436.671606734
2019-12-05,50050894.63628157
2019-12-06,50611017.97494638
2019-12-09,50199325.74794006
2019-12-10,49992612.76998387
2019-12-11,50380202.77348027
2019-12-12,50868260.53125496
2019-12-13,50661091.66671662
2019-12-16,50828512.84418126
2019-12-17,50762386.90155068
2019-12-18,50664529.41371315
2019-12-19,50757702.7751077
2019-12-20,51007006.10102607
2019-12-23,51081990.153572
2019-12-24,51127061.709196925
2019-12-26,51147535.62883548
2019-12-27,51042219.77530356
2019-12-30,50848625.89450252
2019-12-31,50940937.99387015
2020-01-02,50989693.68260987
2020-01-03,51146775.84300899
2020-01-06,51088124.11139979
2020-01-07,50736761.39939231
2020-01-08,50974699.6368111
2020-01-09,51127629.09997086
2020-01-10,50891939.29647485
2020-01-13,51365846.51290957
2020-01-14,51481163.34571913
2020-01-15,51617298.68830777
2020-01-16,52031446.0494229
2020-01-17,52145211.11061698
2020-01-21,52113686.519972615
2020-01-22,52465471.28865771
2020-01-23,52823138.13026436
2020-01-24,52311655.268903434
2020-01-27,51388442.73440309
2020-01-28,51958575.54289735
2020-01-29,51834289.01362867
2020-01-30,51891645.17794618
2020-01-31,51239551.97465713
2020-02-03,52159292.040495135
2020-02-04,52348743.576712996
2020-02-05,52835371.361466266
2020-02-06,52801283.75224252
2020-02-07,52359063.7773797
2020-02-10,52825220.04546496
2020-02-11,52546986.088210195
2020-02-12,52930838.32794355
2020-02-13,53055234.41473834
2020-02-14,52932133.50967593
2020-02-18,52559529.76078273
2020-02-19,52720499.89046796
2020-02-20,52948926.68431905
2020-02-21,52254008.12298566
2020-02-24,50630443.67760218
2020-02-25,49255664.8832951
2020-02-26,48821277.61970506
2020-02-27,47417435.83671237
2020-02-28,47275788.43311556
2020-03-02,47337877.573621705
2020-03-03,47276738.90850299
2020-03-04,47334891.52034075
2020-03-05,47327341.9499533
2020-03-06,47297891.5711605
2020-03-09,47286718.45777596
2020-03-10,47292866.874426246
2020-03-11,47284265.781170614
2020-03-12,47275675.30851147
2020-03-13,47286057.78976385
2020-03-16,47286057.78976385
2020-03-17,47286057.78976385
2020-03-18,47286057.78976385
2020-03-19,47286057.78976385
2020-03-20,47460201.93415307
2020-03-23,46102253.858581655
2020-03-24,51461116.17168375
2020-03-25,53735692.85701496
2020-03-26,57119828.23167468
2020-03-27,54773727.683256544
2020-03-30,55154103.678888224
2020-03-31,54514608.03133652
2020-04-01,50989282.01191808
2020-04-02,51373881.460998684
2020-04-03,49848902.26893492
2020-04-06,54475240.900353916
2020-04-07,55734649.25789827
2020-04-08,58883808.48955604
2020-04-09,60472786.6895493
2020-04-13,58797200.5238338
2020-04-14,60171924.29943941
2020-04-15,57885014.12491665
2020-04-16,57628332.71079751
2020-04-17,60336876.22175773
2020-04-20,58757302.246205956
2020-04-21,56627159.892137125
2020-04-22,57856697.66047063
2020-04-23,58579556.12766834
2020-04-24,59430596.64010254
2020-04-27,61858015.99164421
2020-04-28,63052983.951444976
2020-04-29,66046515.24955451
2020-04-30,64146320.29293657
2020-05-01,61648508.58528014
2020-05-04,62003820.12240766
2020-05-05,62423040.87626469
2020-05-06,62060967.588359654
2020-05-07,63046810.37335495
2020-05-08,65309546.928120136
2020-05-11,64979020.34300306
2020-05-12,63149054.18227647
2020-05-13,60484079.5896803
2020-05-14,61841660.66661194
2020-05-15,62408295.31721491
2020-05-18,66321537.292014584
2020-05-19,65798926.869538255
2020-05-20,67029090.03047949
2020-05-21,67374182.40479845
2020-05-22,67502872.50102319
2020-05-26,70175225.9781559
2020-05-27,72293400.37183475
2020-05-28,70680371.86101907
2020-05-29,70581978.81670187
2020-06-01,71658829.14490888
2020-06-02,72509980.61913767
2020-06-03,74681931.03332216
2020-06-04,75022074.5810538
2020-06-05,77815709.24771796
2020-06-08,79174766.84038027
2020-06-09,77243343.10019125
2020-06-10,75943198.56248587
2020-06-11,70234515.51965791
2020-06-12,72006577.4067327
2020-06-15,73704818.4705755
2020-06-16,74747394.01341441
2020-06-17,74309419.81464164
2020-06-18,74311981.12572207
2020-06-19,74275775.6921813
2020-06-22,74532621.76171552
2020-06-23,74921516.23417741
2020-06-24,72345589.66483702
2020-06-25,73191793.85943446
2020-06-26,71003342.59821025
2020-06-29,72838867.0651345
2020-06-30,73618567.29744174
2020-07-01,73218762.09751421
2020-07-02,73520558.66227782
2020-07-06,74620525.3061137
2020-07-07,73030958.9655217
2020-07-08,73772916.32389255
2020-07-09,72477788.80891652
2020-07-10,73835224.6511716
2020-07-13,72751684.05412021
2020-07-14,74086933.26998958
2020-07-15,76088411.79138088
2020-07-16,75551864.33022399
2020-07-17,75586521.36883253
2020-07-20,76246868.89939032
2020-07-21,76417334.41078047
2020-07-22,77060786.62289427
2020-07-23,76942005.20279942
2020-07-24,76253078.2026976
2020-07-27,77303330.99629194
2020-07-28,76446371.10276175
2020-07-29,78244006.3163612
2020-07-30,78004944.83102077
2020-07-31,77492006.3310031
2020-08-03,79688039.8583323
2020-08-04,80126119.95853093
2020-08-05,81799112.3711755
2020-08-06,82232297.78394875
2020-08-07,82882747.88758811
2020-08-10,83507373.76989374
2020-08-11,83730930.97357836
2020-08-12,87613116.85132119
2020-08-13,88149627.34974395
2020-08-14,88686338.68086797
2020-08-17,88334484.30678773
2020-08-18,87922122.2795625
2020-08-19,88117511.28543739
2020-08-20,87692915.19449762
2020-08-21,86584148.01057716
2020-08-24,87087407.45980425
2020-08-25,87381889.51367472
2020-08-26,87466260.87501341
2020-08-27,87408476.79970157
2020-08-28,88151798.74967177
2020-08-31,87623501.17273821
2020-09-01,88640408.81348963
2020-09-02,89605704.70792703
2020-09-03,86898472.850286
2020-09-04,86526419.68607143
2020-09-08,85310514.28965028
2020-09-09,86475242.46558125
2020-09-10,85606439.45509458
2020-09-11,85520139.65471746
2020-09-14,86908357.34178913
2020-09-15,87011925.33710217
2020-09-16,87232812.60220535
2020-09-17,86820929.46419878
2020-09-18,86141639.6895346
2020-09-21,84275434.64645453
2020-09-22,84845920.77012078
2020-09-23,83385150.24037118
2020-09-24,83409711.17502551
2020-09-25,84233795.35847934
2020-09-28,85532737.03249057
2020-09-29,85021197.70450056
2020-09-30,85247424.09719157
2020-10-01,86165582.89472021
2020-10-02,86297753.97195217
2020-10-05,87649107.79638869
2020-10-06,87211755.39132221
2020-10-07,88456297.65317044
2020-10-08,89338415.98273866
2020-10-09,89676018.23263605
2020-10-12,90054765.98404385
2020-10-13,89576886.71022011
2020-10-14,89258426.8682226
2020-10-15,89683952.07662944
2020-10-16,89633746.1972304
2020-10-19,89013551.27426542
2020-10-20,89497594.86152108
2020-10-21,88951907.08433492
2020-10-22,89650372.63061056
2020-10-23,90085068.57355237
2020-10-26,88550799.91697027
2020-10-27,87739411.82428357
2020-10-28,85861586.03806248
2020-10-29,86527982.93998423
2020-10-30,85364430.72640263
2020-11-02,87283609.03252646
2020-11-03,89839441.56458108
2020-11-04,90972516.75143807
2020-11-05,93283665.1680955
2020-11-06,92725513.47834666
2020-11-09,94773851.54520662
2020-11-10,96475409.37314366
2020-11-11,96690170.59987646
2020-11-12,96621301.95975144
2020-11-13,100404736.4516428
2020-11-16,101765155.69567358
2020-11-17,102164820.48465766
2020-11-18,101283319.7427503
2020-11-19,101312466.84273702
2020-11-20,101496948.77613726
2020-11-23,103205866.37685758
2020-11-24,105237841.53213741
2020-11-25,105000968.93186606
2020-11-27,105715828.66566719
2020-11-30,104234891.61069584
2020-12-01,105952626.4464988
2020-12-02,106461022.8025624
2020-12-03,108167954.4565941
2020-12-04,110356928.1068378
2020-12-07,111160947.60370918
2020-12-08,111950520.73907766
2020-12-09,111092673.86189196
2020-12-10,111250062.43406221
2020-12-11,111923832.3638324
2020-12-14,111775776.68058574
2020-12-15,114868521.44298993
2020-12-16,115277531.76890458
2020-12-17,117100456.04219064
2020-12-18,117728797.67971642
2020-12-21,117574113.9447883
2020-12-22,117367970.10576755
2020-12-23,117145632.082999
2020-12-24,117341781.12978147
2020-12-28,116598714.55093785
2020-12-29,115855932.03070006
2020-12-30,117407928.80641608
2020-12-31,116667602.05764493
2021-01-04,114575934.9051542
2021-01-05,116455194.24629429
2021-01-06,118521269.09279178
2021-01-07,121725039.14165762
2021-01-08,122343373.52142143
2021-01-11,123897354.23122695
2021-01-12,125205494.4435722
2021-01-13,124808810.39569053
2021-01-14,125801181.31875719
2021-01-15,122871005.11044656
2021-01-19,123668021.11003354
2021-01-20,125517007.66971457
2021-01-21,125431991.05018106
2021-01-22,125568213.90644437
2021-01-25,125649120.53238286
2021-01-26,125554768.52593946
2021-01-27,122271273.65148015
2021-01-28,123473637.03655052
2021-01-29,121714662.58062543
2021-02-01,123843875.07912132
2021-02-02,125541087.00297798
2021-02-03,125557856.73520564
2021-02-04,127544815.92781149
2021-02-05,128915831.33305232
2021-02-08,131308587.96803513
2021-02-09,132232630.7706149
2021-02-10,130457752.74971211
2021-02-11,131396333.49295507
2021-02-12,132550642.00069582
2021-02-16,132619084.87214532
2021-02-17,131117675.78765708
2021-02-18,129890202.77459185
2021-02-19,131724739.53464873
2021-02-22,131671871.29491983
2021-02-23,131934053.71433046
2021-02-24,133660020.97684295
2021-02-25,130937702.88519524
2021-02-26,130902989.99576694
2021-03-01,135460474.82480332
2021-03-02,135191424.16678792
2021-03-03,132708548.98155299
2021-03-04,130796020.40152656
2021-03-05,132624554.4282998
2021-03-08,131707599.64166781
2021-03-09,135954131.44708127
2021-03-10,137731241.06955385
2021-03-11,145058687.6833772
2021-03-12,145910390.37448725
2021-03-15,147230752.8627535
2021-03-16,145255952.60877416
2021-03-17,146580529.68017727
2021-03-18,139367639.9519399
2021-03-19,140527658.28764403
2021-03-22,139753143.9052215
2021-03-23,135095394.24242935
2021-03-24,132432505.59736845
2021-03-25,135798985.2276569
2021-03-26,137703119.66599482
2021-03-29,133941272.49954699
2021-03-30,135676148.83967623
2021-03-31,136916619.14794838
2021-04-01,140176049.77393037
2021-04-05,140733299.45384243
2021-04-06,141636043.05764294
2021-04-07,139690426.10124618
2021-04-08,142161591.79955694
2021-04-09,142734402.25488186
2021-04-12,142983098.31611615
2021-04-13,142782158.093196
2021-04-14,142769102.97843227
2021-04-15,143367586.9154489
2021-04-16,144361285.7314596
2021-04-19,142473050.57258925
2021-04-20,139613763.48001724
2021-04-21,144020457.4097321
2021-04-22,143578017.05108014
2021-04-23,146571902.4391107
2021-04-26,148556349.25790718
2021-04-27,148332046.08552432
2021-04-28,148706960.8418856
2021-04-29,148074164.9996075
2021-04-30,146117673.1251012
2021-05-03,146974782.3486904
2021-05-04,144155585.5628177
2021-05-05,143859127.92408618
2021-05-06,141212268.07567894
2021-05-07,144963079.588565
2021-05-10,145435055.08116716
2021-05-11,146038831.54730612
2021-05-12,143149111.33151552
2021-05-13,146022295.64254928
2021-05-14,149606560.64087898
2021-05-17,150424689.42935106
2021-05-18,148743618.3326632
2021-05-19,148362945.69992438
2021-05-20,149807461.7880193
2021-05-21,150087291.4205633
2021-05-24,151237587.32445705
2021-05-25,152353594.42760056
2021-05-26,155178060.81757435
2021-05-27,155752027.31195793
2021-05-28,156354377.55645514
2021-06-01,157833982.23113036
2021-06-02,157440303.98706672
2021-06-03,156856568.06287593
2021-06-04,160232329.9468759
2021-06-07,162794938.4110292
2021-06-08,164033347.51752898
2021-06-09,162014697.65612534
2021-06-10,159819212.32386908
2021-06-11,162557257.28775698
2021-06-14,160916846.00535294
2021-06-15,161191169.90125746
2021-06-16,161477447.93803552
2021-06-17,158299884.93702126
2021-06-18,155160782.42484325
2021-06-21,159441554.03923392
2021-06-22,158397462.7142582
2021-06-23,160186408.09235454
2021-06-24,160167817.74280155
2021-06-25,159758771.48542166
2021-06-28,158980018.8151145
2021-06-29,157908413.41214257
2021-06-30,157699747.61091012
2021-07-01,160268528.69905773
2021-07-02,157843692.5317464
2021-07-06,156987923.72647446
2021-07-07,156127273.00456917
2021-07-08,155673672.41543123
2021-07-09,157982565.05991113
2021-07-12,161856956.87667337
2021-07-13,160100856.43820325
2021-07-14,156450393.8558209
2021-07-15,156006193.26567706
2021-07-16,154687334.33983457
2021-07-19,153459824.4193231
2021-07-20,158513569.2864512
2021-07-21,161524866.01605546
2021-07-22,164514460.97511062
2021-07-23,166860312.57687292
2021-07-26,163867923.738814
2021-07-27,157901412.47509044
2021-07-28,159610022.0636057
2021-07-29,163299148.19549945
2021-07-30,163373769.3282908
2021-08-02,163616221.74914134
2021-08-03,160658954.10868448
2021-08-04,157916769.3810498
2021-08-05,160180187.47994304
2021-08-06,159468713.05417737
2021-08-09,157825789.77270448
2021-08-10,160428622.17541996
2021-08-11,161719323.03599155
2021-08-12,159740490.15076122
2021-08-13,155525298.35024813
2021-08-16,154494202.99449265
2021-08-17,152630035.85460398
2021-08-18,152246403.8678644
2021-08-19,150594851.46057898
2021-08-20,150381898.24494836
2021-08-23,151889412.03666487
2021-08-24,152861132.68524423
2021-08-25,155459310.35012954
2021-08-26,154530944.22279668
2021-08-27,158111795.08235487
2021-08-30,156500876.13058928
2021-08-31,156812258.43148977
2021-09-01,157523679.71539858
2021-09-02,158361116.8713333
2021-09-03,157640194.02718452
2021-09-07,157072882.1698518
2021-09-08,156076880.7370988
2021-09-09,158262994.57546407
2021-09-10,159055517.99585497
2021-09-13,158913184.67565522
2021-09-14,157145676.593939
2021-09-15,159262241.8044647
2021-09-16,160007976.63430074
2021-09-17,160367196.0364543
2021-09-20,155754069.47496933
2021-09-21,157388081.37756687
2021-09-22,158945685.6350837
2021-09-23,160012092.67469224
2021-09-24,159526450.223959
2021-09-27,160109676.99470964
2021-09-28,155423626.9324681
2021-09-29,154206609.616347
2021-09-30,152832219.45933455
2021-10-01,153487446.78372407
2021-10-04,153048585.72099042
2021-10-05,155059869.82581094
2021-10-06,153643139.58617547
2021-10-07,156294161.80305105
2021-10-08,155864317.64580524
2021-10-11,154134110.44013536
2021-10-12,153971471.90116155
2021-10-13,154705903.812412
2021-10-14,156633105.42641458
2021-10-15,156869322.42802572
2021-10-18,158381981.4314793
2021-10-19,158812424.73762155
2021-10-20,162136168.8779482
2021-10-21,163428546.5028689
2021-10-22,163589097.65542504
2021-10-25,164699803.4658316
2021-10-26,162845338.85437918
2021-10-27,159711254.979747
2021-10-28,162942636.68388543
2021-10-29,163192712.6778282
2021-11-01,167022306.32943106
2021-11-02,173226895.95421812
2021-11-03,171498718.02562395
2021-11-04,170170683.94553697
2021-11-05,170565860.39930132
2021-11-08,168669716.90753293
2021-11-09,168748260.48780948
2021-11-10,166968856.74606597
2021-11-11,166504738.24605843
2021-11-12,167537822.1454922
2021-11-15,168731944.4674971
2021-11-16,170789591.8915521
2021-11-17,168855829.37664697
2021-11-18,168494350.65442106
2021-11-19,167785077.31445453
2021-11-22,168009940.3198184
2021-11-23,166032743.81062758
2021-11-24,167074809.24439746
2021-11-26,162575845.8437651
2021-11-29,162577233.12455717
2021-11-30,162573796.083461
2021-12-01,162569085.91819218
2021-12-02,162573808.2969319
2021-12-03,162569103.26277205
2021-12-06,162572385.7884268
2021-12-07,162578416.19581294
2021-12-08,162578577.76716366
2021-12-09,162574867.3902574
2021-12-10,162572907.65018684
2021-12-13,162567853.56332117
2021-12-14,162568159.1196089
2021-12-15,162570543.48256496
2021-12-16,162568705.76329005
2021-12-17,162568689.3413514
2021-12-20,162563910.11264324
2021-12-21,162572311.9508988
2021-12-22,162571290.98160177
2021-12-23,162571676.72542244
2021-12-27,162576273.6886172
2021-12-28,162575180.8589451
2021-12-29,162574211.2008936
2021-12-30,162574009.00778192
2021-12-31,162574201.9564154
2022-01-03,162576781.504973
2022-01-04,162579077.68007427
2022-01-05,162576829.23641512
2022-01-06,162580212.75625324
2022-01-07,162576610.89580712
2022-01-10,162575580.11709824
2022-01-11,162581087.68159112
2022-01-12,162581501.53402075
2022-01-13,162579073.58512348
2022-01-14,162917391.63175943
2022-01-18,162665871.88595918
2022-01-19,162286884.43275526
2022-01-20,162060514.5577164
2022-01-21,161345020.7311755
2022-01-24,161551303.85368162
2022-01-25,161040566.79507014
2022-01-26,161094253.6012051
2022-01-27,160635317.0269691
2022-01-28,160705520.68993044
2022-01-31,161482665.3650335
2022-02-01,161690439.38481486
2022-02-02,161783108.61663336
2022-02-03,161332016.87411222
2022-02-04,161637516.18598846
2022-02-07,162002504.85506433
2022-02-08,162122391.87575126
2022-02-09,163018828.36394554
2022-02-10,162271447.38960785
2022-02-11,161620862.79991966
2022-02-14,162361629.0056002
2022-02-15,161152248.4598459
2022-02-16,161373880.39082226
2022-02-17,160648818.673871
2022-02-18,160360945.99739233
2022-02-22,159759429.62662262
2022-02-23,159622447.1899721
2022-02-24,160706233.36468676
2022-02-25,161508387.78450707
2022-02-28,161670919.4971583
2022-03-01,161419332.84029076
2022-03-02,161988136.5322114
2022-03-03,161534008.4431214
2022-03-04,161070053.14472625
2022-03-07,160271856.72838128
2022-03-08,161021138.1638455
2022-03-09,162235120.2175109
2022-03-10,162624161.8936717
2022-03-11,162994120.49779835
2022-03-14,163286910.08895847
2022-03-15,164392347.42352873
2022-03-16,167336379.88189322
2022-03-17,168322357.73625806
2022-03-18,167472489.40355858
2022-03-21,166801541.86902606
2022-03-22,167275662.0563331
2022-03-23,166550734.03468633
2022-03-24,166623611.5892331
2022-03-25,166275260.12914607
2022-03-28,166069488.75919193
2022-03-29,166737050.2260904
2022-03-30,165919734.91660494
2022-03-31,166272522.69371206
2022-04-01,166113357.19612002
2022-04-04,167450087.21636823
2022-04-05,167010147.85335293
2022-04-06,165238153.26930484
2022-04-07,165555999.24070528
2022-04-08,165147296.48149666
2022-04-11,165817106.06623006
2022-04-12,165887460.21493626
2022-04-13,166599952.17543432
2022-04-14,166353153.16609755
2022-04-18,166409553.80495593
2022-04-19,167533083.70319176
2022-04-20,169516744.72670007
2022-04-21,168873229.13211775
2022-04-22,168204319.4627002
2022-04-25,168204319.4627002
2022-04-26,168204319.4627002
2022-04-27,168204319.4627002
2022-04-28,168204319.4627002
2022-04-29,168204319.4627002
2022-05-02,168204319.4627002
2022-05-03,168204319.4627002
2022-05-04,168204319.4627002
2022-05-05,168204319.4627002
2022-05-06,168204319.4627002
2022-05-09,168204319.4627002
2022-05-10,168204319.4627002
2022-05-11,168204319.4627002
2022-05-12,168204319.4627002
2022-05-13,168204319.4627002
2022-05-16,168204319.4627002
2022-05-17,168204319.4627002
2022-05-18,168204319.4627002
2022-05-19,168204319.4627002
2022-05-20,168204319.4627002
2022-05-23,168204319.4627002
2022-05-24,168204319.4627002
2022-05-25,168204319.4627002
2022-05-26,168204319.4627002
2022-05-27,168204319.4627002
2022-05-31,168204319.4627002
2022-06-01,168204319.4627002
2022-06-02,168204319.4627002
2022-06-03,168204319.4627002
2022-06-06,168204319.4627002
2022-06-07,168204319.4627002
2022-06-08,168204319.4627002
2022-06-09,168204319.4627002
2022-06-10,168204319.4627002
2022-06-13,168204319.4627002
2022-06-14,168204319.4627002
2022-06-15,168204319.4627002
2022-06-16,168204319.4627002
2022-06-17,168204319.4627002
2022-06-21,168204319.4627002
2022-06-22,168204319.4627002
2022-06-23,168204319.4627002
2022-06-24,168204319.4627002
2022-06-27,168204319.4627002
2022-06-28,168204319.4627002
2022-06-29,168204319.4627002
2022-06-30,168204319.4627002
2022-07-01,168204319.4627002
2022-07-05,168204319.4627002
2022-07-06,168204319.4627002
2022-07-07,168204319.4627002
2022-07-08,168204319.4627002
2022-07-11,168204319.4627002
2022-07-12,168204319.4627002
2022-07-13,168204319.4627002
2022-07-14,168204319.4627002
2022-07-15,168204319.4627002
2022-07-18,168204319.4627002
2022-07-19,168204319.4627002
2022-07-20,168204319.4627002
2022-07-21,168204319.4627002
2022-07-22,168204319.4627002
2022-07-25,168204319.4627002
2022-07-26,168204319.4627002
2022-07-27,168204319.4627002
2022-07-28,168204319.4627002
2022-07-29,168204319.4627002
2022-08-01,168204319.4627002
2022-08-02,168204319.4627002
2022-08-03,168204319.4627002
2022-08-04,168204319.4627002
2022-08-05,168204319.4627002
2022-08-08,168204319.4627002
2022-08-09,168204319.4627002
2022-08-10,168204319.4627002
2022-08-11,168204319.4627002
2022-08-12,168204319.4627002
2022-08-15,168204319.4627002
2022-08-16,168204319.4627002
2022-08-17,168204319.4627002
2022-08-18,168204319.4627002
2022-08-19,168204319.4627002
2022-08-22,168204319.4627002
2022-08-23,168204319.4627002
2022-08-24,168204319.4627002
2022-08-25,168204319.4627002
2022-08-26,168204319.4627002
2022-08-29,168204319.4627002
2022-08-30,168204319.4627002
2022-08-31,168204319.4627002
2022-09-01,168204319.4627002
2022-09-02,168204319.4627002
2022-09-06,168204319.4627002
2022-09-07,168204319.4627002
2022-09-08,168204319.4627002
2022-09-09,168204319.4627002
2022-09-12,168204319.4627002
2022-09-13,168204319.4627002
2022-09-14,168204319.4627002
2022-09-15,168204319.4627002
2022-09-16,168204319.4627002
2022-09-19,168204319.4627002
2022-09-20,168204319.4627002
2022-09-21,168204319.4627002
2022-09-22,168204319.4627002
2022-09-23,168204319.4627002
2022-09-26,168204319.4627002
2022-09-27,168204319.4627002
2022-09-28,168204319.4627002
2022-09-29,168204319.4627002
2022-09-30,165808611.88600427
2022-10-03,170269960.73970544
2022-10-04,176673409.8390262
2022-10-05,176058234.87072814
2022-10-06,176917740.7087109
2022-10-07,170280025.79385036
2022-10-10,171277333.43670118
2022-10-11,170454816.3996926
2022-10-12,169866123.58004734
2022-10-13,172705279.15804803
2022-10-14,165601623.1768336
2022-10-17,172013703.1290762
2022-10-18,174440474.32753077
2022-10-19,170455851.8168057
2022-10-20,168678650.0989823
2022-10-21,173073948.26226193
2022-10-24,177490226.04587007
2022-10-25,183177513.06679827
2022-10-26,184588405.0657012
2022-10-27,186442747.09011668
2022-10-28,190390870.3396261
2022-10-31,190119420.39709482
2022-11-01,189675557.0217103
2022-11-02,182707411.5093887
2022-11-03,183487480.72851348
2022-11-04,184436513.43064857
2022-11-07,185490802.1708295
2022-11-08,185701830.0085442
2022-11-09,181151006.97349197
2022-11-10,192886940.7101804
2022-11-11,195361541.16377705
2022-11-14,194283677.9511837
2022-11-15,196965081.4827361
2022-11-16,192899485.15085867
2022-11-17,190413288.237423
2022-11-18,190309196.1260505
2022-11-21,190003382.51997998
2022-11-22,192761575.27120206
2022-11-23,194431324.18735847
2022-11-25,195313651.48890582
2022-11-28,191549734.14504877
2022-11-29,192446524.73641595
2022-11-30,197849989.40817663
2022-12-01,197462654.1042528
2022-12-02,198030741.74494213
2022-12-05,191314706.9918938
2022-12-06,188458332.9108646
2022-12-07,187551114.45605722
2022-12-08,188191753.55286294
2022-12-09,183636723.0277595
2022-12-12,187465910.48077267
2022-12-13,188072238.07765555
2022-12-14,188014367.32220826
2022-12-15,182377660.56763193
2022-12-16,180457505.84550294
2022-12-19,176031827.10084558
2022-12-20,175958025.2044197
2022-12-21,178423655.9455041
2022-12-22,174038003.43103522
2022-12-23,176015189.12193125
2022-12-27,174032891.41820386
2022-12-28,172685666.59239718
2022-12-29,177677915.03361365
2022-12-30,176947586.1845139
2023-01-03,176397187.25079638
2023-01-04,179464094.781234
2023-01-05,179302153.3645494
2023-01-06,183926782.06135124
2023-01-09,184391283.05455154
2023-01-10,189106294.61100984
2023-01-11,193174641.06961203
2023-01-12,196933176.52971366
2023-01-13,199048706.81333953
2023-01-17,199168428.18972716
2023-01-18,197407366.39055407
2023-01-19,193738971.13601747
2023-01-20,198481155.00340432
2023-01-23,202448071.70319286
2023-01-24,202285414.06781897
2023-01-25,203618689.18648162
2023-01-26,206009169.5740824
2023-01-27,207603587.32756567
2023-01-30,204387862.52948654
2023-01-31,209168598.35956874
2023-02-01,215339932.7330841
2023-02-02,219505282.71340224
2023-02-03,216996630.00504696
2023-02-06,214661622.0048889
2023-02-07,217685354.37216285
2023-02-08,215015362.33593756
2023-02-09,212332062.8577537
2023-02-10,210381117.6513425
2023-02-13,214616022.13068733
2023-02-14,217599171.88141856
2023-02-15,220670378.07932162
2023-02-16,218479567.79642808
2023-02-17,217983611.98095992
2023-02-21,209609673.94764423
2023-02-22,210512266.10449725
2023-02-23,210920640.98626402
2023-02-24,207745608.9881332
2023-02-27,208769240.42197165
2023-02-28,202290651.6856058
2023-03-01,201394974.28150836
2023-03-02,202271175.49838045
2023-03-03,206692409.110085
2023-03-06,204137346.6555602
2023-03-07,202402213.1306375
2023-03-08,202986053.36444503
2023-03-09,196414455.09216353
2023-03-10,190646895.55595025
2023-03-13,189111345.59514627
2023-03-14,191319960.277228
2023-03-15,189211833.7603163
2023-03-16,191130580.719005
2023-03-17,186799957.66206837
2023-03-20,187463339.82356787
2023-03-21,191265758.94683924
2023-03-22,186582855.39318427
2023-03-23,187257991.46230656
2023-03-24,187246990.72133335
2023-03-27,188849013.39052323
2023-03-28,188875144.01502463
2023-03-29,191685347.08422562
2023-03-30,193148271.17675045
2023-03-31,196805036.58573186
2023-04-03,196042270.49034435
2023-04-04,192248518.32925126
2023-04-05,189281315.84447047
2023-04-06,189581623.90712726
2023-04-10,193424007.4457431
2023-04-11,194770702.88734484
2023-04-12,194030680.72560966
2023-04-13,196018392.61912262
2023-04-14,195769520.54044288
2023-04-17,196155660.5529459
2023-04-18,196357774.5520536
2023-04-19,196890940.81065825
2023-04-20,196918545.89748663
2023-04-21,197592271.7079247
2023-04-24,197804802.62002516
2023-04-25,193705636.19368184
2023-04-26,192876612.56938222
2023-04-27,195436674.64599636
2023-04-28,196974392.95422176
2023-05-01,196830784.7165735
2023-05-02,193476430.7484537
2023-05-03,194541190.94949082
2023-05-04,192476498.27078536
2023-05-05,196150004.79745466
2023-05-08,195966416.84857574
2023-05-09,198513415.66430154
2023-05-10,199368397.9624968
2023-05-11,198921914.32900906
2023-05-12,197466036.94165742
2023-05-15,199629900.5792737
2023-05-16,196844301.86702022
2023-05-17,200649734.09610277
2023-05-18,201834160.13623133
2023-05-19,200150505.99701357
2023-05-22,202546690.93722448
2023-05-23,200027392.06039238
2023-05-24,197943407.7262883
2023-05-25,197961775.93841285
2023-05-26,200034506.50984278
2023-05-30,199422559.24213755
2023-05-31,197806207.29520932
2023-06-01,200412964.25040555
2023-06-02,206910532.83012414
2023-06-05,204337769.46430445
2023-06-06,210454405.35496423
2023-06-07,213904294.02012265
2023-06-08,215976988.02166983
2023-06-09,215823690.8311346
2023-06-12,218095651.1334594
2023-06-13,219962963.56085226
2023-06-14,219749497.69230944
2023-06-15,222179385.11397314
2023-06-16,221031872.97369865
2023-06-20,222982419.9315964
2023-06-21,224648749.04346016
2023-06-22,223829212.21186727
2023-06-23,221058090.6821724
2023-06-26,221115610.87351647
2023-06-27,226124309.47905532
2023-06-28,228008053.1889725
2023-06-29,230479760.37132615
2023-06-30,231063790.9282829
2023-07-03,231249523.31620115
2023-07-05,229813920.28987527
2023-07-06,227149100.02273563
2023-07-07,229771991.4592708
2023-07-10,233903681.4902662
2023-07-11,234917267.43494558
2023-07-12,237066410.81256777
2023-07-13,238220282.50579375
2023-07-14,236502706.07098714
2023-07-17,238772593.91380355
2023-07-18,239589131.5841019
2023-07-19,240055462.23907447
2023-07-20,236677031.54089725
2023-07-21,234518730.10629192
2023-07-24,234243927.6048914
2023-07-25,234079883.54990536
2023-07-26,234754692.08002707
2023-07-27,232537188.9146646
2023-07-28,236438128.17817783
2023-07-31,238694110.81370953
2023-08-01,240137485.30394498
2023-08-02,235282481.77757636
2023-08-03,235975904.46342185
2023-08-04,236367161.1839478
2023-08-07,237309342.23257086
2023-08-08,236033229.179386
2023-08-09,230432435.3451424
2023-08-10,234136819.59927195
2023-08-11,235709696.32937926
2023-08-14,236867709.0986922
2023-08-15,234110657.310408
2023-08-16,231432948.9554791
2023-08-17,228833383.0532825
2023-08-18,230020102.87498993
2023-08-21,229651437.474521
2023-08-22,230354748.51153535
2023-08-23,233570314.01680478
2023-08-24,229968506.34430158
2023-08-25,229126803.68776888
2023-08-28,230878411.01120195
2023-08-29,232928411.20678848
2023-08-30,233546374.92218307
2023-08-31,232546391.3952453
2023-09-01,233061588.35154098
2023-09-05,227444702.55425286
2023-09-06,225306043.2045704
2023-09-07,224345969.59240252
2023-09-08,223803759.21940523
2023-09-11,223694366.17272916
2023-09-12,222929351.38497636
2023-09-13,221383872.46420014
2023-09-14,223881763.4749218
2023-09-15,223098831.73436493
2023-09-18,221437924.94807526
2023-09-19,221046067.79114366
2023-09-20,219502598.20989504
2023-09-21,215973151.13171545
2023-09-22,215079776.51347384
2023-09-25,216429487.1903451
2023-09-26,213784572.17282352
2023-09-27,215809824.65509292
2023-09-28,217764349.62890315
2023-09-29,216644431.19873258
2023-10-02,215986987.39103377
2023-10-03,212148873.83888808
2023-10-04,212782282.7575551
2023-10-05,212270886.40454715
2023-10-06,213907117.75050834
2023-10-09,214653845.16834167
2023-10-10,215708891.55209288
2023-10-11,209786449.5889918
2023-10-12,206258807.55564237
2023-10-13,204959061.99567208
2023-10-16,206036689.7310324
2023-10-17,206369655.67852032
2023-10-18,204538965.04516533
2023-10-19,203277511.35843322
2023-10-20,202369631.86859548
2023-10-23,202070486.2037351
2023-10-24,202675503.63632938
2023-10-25,201208784.0574796
2023-10-26,201042132.82840937
2023-10-27,200750323.62493774
2023-10-30,201223541.5181287
2023-10-31,201663992.16511592
2023-11-01,202400698.7338117
2023-11-02,203526621.44267666
2023-11-03,204632617.0321012
2023-11-06,204411809.11840624
2023-11-07,204419373.64977852
2023-11-08,204301644.14805564
2023-11-09,203842272.97002378
2023-11-10,204842029.5845482
2023-11-13,204970388.32847795
2023-11-14,206808107.49535397
2023-11-15,206793932.38764766
2023-11-16,206451748.54040205
2023-11-17,206972897.53875726
2023-11-20,207396630.2065956
2023-11-21,207171064.12804195
2023-11-22,207426962.55575892
2023-11-24,207711566.93767104
2023-11-27,207815214.31517646
2023-11-28,207531271.43650895
2023-11-29,207798436.88248312
2023-11-30,208099888.10767585
2023-12-01,208898743.95087954
2023-12-04,208820676.5869285
2023-12-05,208438383.1806494
2023-12-06,208131855.47000292
2023-12-07,208615559.2067054
2023-12-08,209034461.10701782
2023-12-11,209500062.6724088
2023-12-12,209619439.03834054
2023-12-13,210891704.6938567
2023-12-14,211876597.8647943
2023-12-15,211711795.96181974
2023-12-18,211824271.65274888
2023-12-19,212659884.47222218
2023-12-20,211647386.00022945
2023-12-21,212467940.67714947
2023-12-22,212666844.9001213
2023-12-26,213135775.73634994
2023-12-27,213347977.74629518
2023-12-28,213175992.8427095
2023-12-29,212731640.21332633
2024-01-02,211670917.20633158
2024-01-03,210505343.9462376
2024-01-04,210496519.6217667
2024-01-05,210495430.76919317
2024-01-08,211383714.1057943
2024-01-09,211053642.7934902
2024-01-10,211303879.87529853
2024-01-11,211349833.54404497
2024-01-12,211327021.41777256
2024-01-16,211145853.19030738
2024-01-17,210871627.10409364
2024-01-18,211487051.12130433
2024-01-19,212158738.9099516
2024-01-22,212874365.11212713
2024-01-23,212651276.95330253
2024-01-24,212655607.497213
2024-01-25,213255821.34614915
2024-01-26,213271477.10895655
2024-01-29,213985265.3311177
2024-01-30,213720095.04279745
2024-01-31,212562694.5663301
2024-02-01,213491388.5272483
2024-02-02,214092523.09267724
2024-02-05,213632636.42169884
2024-02-06,213812114.6683522
2024-02-07,215098347.26145718
2024-02-08,215583089.77114934
2024-02-09,216491481.2256699
2024-02-12,216769234.23305225
2024-02-13,215345630.58417562
2024-02-14,216739128.8442827
2024-02-15,217549868.93866125
2024-02-16,217051291.68741572
2024-02-20,216362476.06921178
2024-02-21,216401310.97363162
2024-02-22,217409259.51314482
2024-02-23,217448366.73807856
2024-02-26,217598031.34108448
2024-02-27,217959290.38730752
2024-02-28,217795371.74378228
2024-02-29,218510986.81758085
2024-03-01,219406938.49460542
2024-03-04,219448912.73454103
2024-03-05,218868378.10801575
2024-03-06,219270681.69395456
2024-03-07,220034569.20999107
2024-03-08,219335564.50353372
2024-03-11,219217890.82253975
2024-03-12,219726910.8608324
2024-03-13,219839132.3518451
2024-03-14,219197298.32727987
2024-03-15,219062882.7969963
2024-03-18,219000968.19775522
2024-03-19,219600647.0196636
2024-03-20,220703771.84130338
2024-03-21,221445877.8647174
2024-03-22,220965635.7208422
2024-03-25,220847985.5109088
2024-03-26,220806328.1341676
2024-03-27,221547397.9016406
2024-03-28,221635013.56365398
2024-04-01,221124222.57440275
2024-04-02,220200143.71430776
2024-04-03,220761639.47218233
2024-04-04,219854856.02812254
2024-04-05,220492495.41526923
2024-04-08,220598245.34299996
2024-04-09,220628156.93094647
2024-04-10,219151942.8163631
2024-04-11,219463103.14691767
2024-04-12,218349232.8689653
2024-04-15,217481150.08996728
2024-04-16,217218187.28369078
2024-04-17,216678635.01472482
2024-04-18,216472397.9551485
2024-04-19,215592936.91254812
2024-04-22,217666019.9574224
2024-04-23,221735037.4550996
2024-04-24,222525857.63811707
2024-04-25,219691115.03315768
2024-04-26,221298223.67640668
2024-04-29,223052380.8267296
2024-04-30,216718559.7184514
2024-05-01,217842758.84970325
2024-05-02,209964491.52245858
2024-05-03,212144207.9573161
2024-05-06,215572938.65240586
2024-05-07,215312691.22554266
2024-05-08,214798386.75410825
2024-05-09,217698052.56909248
2024-05-10,218226052.1316605
2024-05-13,218833051.6413063
2024-05-14,221582230.75664374
2024-05-15,222208235.84990096
2024-05-16,220769498.58574378
2024-05-17,219765100.12857658
2024-05-20,220537821.24322864
2024-05-21,219505173.34884855
2024-05-22,217689880.06007674
2024-05-23,214687978.35467166
2024-05-24,217079636.38636482
2024-05-28,216441909.5649385
2024-05-29,213913471.23694086
2024-05-30,215016009.92671615
2024-05-31,216684897.17652664
2024-06-03,215162176.87153998
2024-06-04,212963179.51526207
2024-06-05,216710848.82927895
2024-06-06,215094939.41549122
2024-06-07,214323833.6327976
2024-06-10,214462357.9605531
2024-06-11,213125443.66356072
2024-06-12,217866722.86540836
2024-06-13,215945250.0494933
2024-06-14,213523350.06879637
2024-06-17,215356986.61361727
2024-06-18,215616358.92095202
2024-06-20,216555752.5669778
2024-06-21,216836109.78320396
2024-06-24,216956845.91195726
2024-06-25,216647843.6935652
2024-06-26,216127722.77852184
2024-06-27,216464898.6265413
2024-06-28,217116460.29258943
2024-07-01,215182765.16510487
2024-07-02,217057015.98605755
2024-07-03,218200999.7778595
2024-07-05,217633851.81864318
2024-07-08,218003440.00478023
2024-07-09,217831781.89395824
2024-07-10,218829966.95831326
2024-07-11,221610011.6341726
2024-07-12,223898610.17876816
2024-07-15,226094958.87333673
2024-07-16,230695452.22192556
2024-07-17,227549061.31911325
2024-07-18,224850252.08683503
2024-07-19,222330424.09412882
2024-07-22,225391944.36877957
2024-07-23,225694561.17166218
2024-07-24,220276802.256497
2024-07-25,222076812.0087606
2024-07-26,224722950.32456213
2024-07-29,223411389.41273654
2024-07-30,222155785.0026657
2024-07-31,225245510.88983798
2024-08-01,218493853.9089786
2024-08-02,214370103.0424974
2024-08-05,209555305.24791905
2024-08-06,210433648.05114296
2024-08-07,207478607.07656094
2024-08-08,222710098.0245315
2024-08-09,221015876.5772094
2024-08-12,219236417.51441643
2024-08-13,223624335.4129176
2024-08-14,223140402.68369937
2024-08-15,226928437.15866995
2024-08-16,225522498.6149918
2024-08-19,226632572.84388927
2024-08-20,225496936.2844791
2024-08-21,228386162.4060952
2024-08-22,226866210.11623287
2024-08-23,232658960.07066122
2024-08-26,232351837.14998978
2024-08-27,230911851.66298902
2024-08-28,228480203.54956084
2024-08-29,228797775.50698122
2024-08-30,229876889.53069365
2024-09-03,222697014.31557462
2024-09-04,223201781.3704862
2024-09-05,221363793.11957732
2024-09-06,216733817.1467223
2024-09-09,219175147.24617532
2024-09-10,217775179.07275203
2024-09-11,219927190.32325998
2024-09-12,222519426.4359754
2024-09-13,228747024.38570535
2024-09-16,230642120.1583319
2024-09-17,232579907.93488702
2024-09-18,231872775.93641576
2024-09-19,237782650.02579364
2024-09-20,234547671.6972932
2024-09-23,234831917.12340012
2024-09-24,236061426.72532785
2024-09-25,233020507.10844743
2024-09-26,235746724.40111595
2024-09-27,237174805.3270886
2024-09-30,236761781.3868157
2024-10-01,234140312.95719948
2024-10-02,234341874.74658558
2024-10-03,232015476.37908682
2024-10-04,235585040.27939492
2024-10-07,233390195.12823048
2024-10-08,235334191.61330903
2024-10-09,236526537.15368178
2024-10-10,234678656.76433817
2024-10-11,236737592.30648485
2024-10-14,236712446.12325215
2024-10-15,235057342.1433138
2024-10-16,238096760.40426216
2024-10-17,237203003.63442904
2024-10-18,237677746.81645554
2024-10-21,234094458.16608354
2024-10-22,232889027.17604378
2024-10-23,230987632.38028818
2024-10-24,233379620.31249818
2024-10-25,232850926.99635464
2024-10-28,236078342.74027792
2024-10-29,236524348.2361967
2024-10-30,235536951.69881323
2024-10-31,232223016.4436115
2024-11-01,234360539.36556166
2024-11-04,234682206.4847966
2024-11-05,238744156.19704682
2024-11-06,249242540.49692464
2024-11-07,250182998.59209016
2024-11-08,251625709.1100949
2024-11-11,256304888.5656754
2024-11-12,254563330.3212982
2024-11-13,255145062.60390645
2024-11-14,253788473.841107
2024-11-15,250243092.8378498
2024-11-18,249465538.8344744
2024-11-19,249680658.7090229
2024-11-20,250399617.3489109
2024-11-21,254725017.13186458
2024-11-22,258265289.60600492
2024-11-25,262172719.6714623
2024-11-26,258788697.07248205
2024-11-27,258341131.55414632
2024-11-29,259125640.30960783
2024-12-02,260884628.50403935
2024-12-03,259309919.4578414
2024-12-04,259771318.07319993
2024-12-05,257067960.6086936
2024-12-06,258480427.2681452
2024-12-09,256225565.98491016
2024-12-10,255826766.16336933
2024-12-11,257281696.18416822
2024-12-12,254906450.80373624
2024-12-13,253320903.52940232
2024-12-16,253598388.14271525
2024-12-17,251511312.56791514
2024-12-18,242352767.6441973
2024-12-19,241182956.8641522
2024-12-20,241806100.9042392
2024-12-23,241009971.96788377
2024-12-24,242947240.9072276
2024-12-26,243007028.1377764
2024-12-27,240553324.05849254
2024-12-30,239112155.52439177
2024-12-31,239374701.1529292
2025-01-02,238482973.4488001
2025-01-03,239721408.63085178
2025-01-06,241945774.4012526
2025-01-07,240521124.61037192
2025-01-08,240508396.6035249
2025-01-10,236515999.20164803
2025-01-13,236995190.36010802
2025-01-14,239511255.90383294
2025-01-15,244696792.68647876
2025-01-16,247700093.37115037
2025-01-17,249197300.83114246
2025-01-21,252623088.1438199
2025-01-22,253828238.83644384
2025-01-23,253325092.71551272
2025-01-24,252332086.5547251
2025-01-27,248981336.68217403
2025-01-28,251466372.70410272
2025-01-29,250097361.2985389
2025-01-30,252948735.7823175
2025-01-31,249807464.19629455
2025-02-03,245557878.32765648
2025-02-04,247902384.17124155
2025-02-05,250368175.75496602
2025-02-06,251785595.81252956
2025-02-07,248465420.9003934
2025-02-10,249419242.3184924
2025-02-11,248778151.19795635
2025-02-12,245795008.9175373
2025-02-13,248843813.74716395
2025-02-14,250254400.1288192
2025-02-18,252768077.02317172
2025-02-19,251003093.72928265
2025-02-20,248230555.76468632
2025-02-21,240679955.32344282
2025-02-24,239409598.14215535
2025-02-25,237610312.8656146
2025-02-26,233357384.84333217
2025-02-27,228860146.4862403
2025-02-28,231675975.0493537
2025-03-03,227443615.29793185
2025-03-04,224789608.24264938
2025-03-05,226829547.4332907
2025-03-06,222571217.98401302
2025-03-07,223112421.2562301
2025-03-10,218558699.34636217
2025-03-11,218170628.31355724
2025-03-12,218827028.67433593
2025-03-13,215942832.17654917
2025-03-14,219823850.6529911
2025-03-17,221350051.7041484
2025-03-18,219698269.7960861
2025-03-19,221853941.54215586
2025-03-20,221472307.47945714
2025-03-21,221051718.1307512
2025-03-24,223193223.53434178
2025-03-25,223388904.0333315
2025-03-26,222252166.5923919
2025-03-27,221815656.62737548
2025-03-28,220073784.11456075
2025-03-31,220385840.90629733
2025-04-01,220782064.3951728
2025-04-02,221971728.1211324
2025-04-03,217244698.11611262
2025-04-04,218403039.7485758
2025-04-07,217418705.28939483
2025-04-08,211460746.0130775
2025-04-09,229975100.58179602
2025-04-10,221906970.10497677
2025-04-11,220606899.72422814
2025-04-14,223282190.10978177
2025-04-15,222692031.97661835
2025-04-16,219921431.47306392
2025-04-17,224295739.76700824
2025-04-21,219100302.22761527
2025-04-22,225187864.05144936
2025-04-23,228653352.57614067
2025-04-24,236750518.5657499
2025-04-25,237334867.03843132
2025-04-28,237748248.60986018
2025-04-29,239046488.89800104
2025-04-30,240052941.33577973
2025-05-01,240950724.04975247
2025-05-02,246731274.204898
2025-05-05,244679898.49461576
2025-05-06,247575812.66988015
2025-05-07,250826883.65293035
2025-05-08,256027927.98409572
2025-05-09,255595666.16284785
2025-05-12,265932132.7465552
2025-05-13,269297014.4263262
2025-05-14,267771239.871743
2025-05-15,267757281.5804065
2025-05-16,270775687.22103745
2025-05-19,270879560.7699301
2025-05-20,270085117.82827765
2025-05-21,262254431.46205798
2025-05-22,264239369.48674002
2025-05-23,262746603.86221856
2025-05-27,270210115.0771894
2025-05-28,267190914.81987852
2025-05-29,268741454.61724323
2025-05-30,267744704.9576979
2025-06-02,266620576.17056227
2025-06-03,270370961.1997552
2025-06-04,268625917.6554911
2025-06-05,269303039.5052209
2025-06-06,273504326.0005728
2025-06-09,275865276.9127427
2025-06-10,277726618.02718097
2025-06-11,277030680.096658
2025-06-12,275543743.4417142
2025-06-13,269850751.06143445
2025-06-16,275454993.48530936
2025-06-17,272016508.1066731
2025-06-18,273403147.71144646
2025-06-20,274707525.5212871
2025-06-23,280534625.4323145
2025-06-24,290231870.73101544
2025-06-25,288795260.4787096
2025-06-26,292359796.1349009
2025-06-27,292853374.29311556
2025-06-30,291444699.58079296
2025-07-01,295499662.39764905
2025-07-02,301022684.13662744
2025-07-03,304028528.9930759
2025-07-07,300122448.027426
2025-07-08,300830344.7422615
2025-07-09,301751976.0398516
2025-07-10,306294230.82520264
2025-07-11,302353682.9391087
2025-07-14,303953411.75795996
2025-07-15,299693022.8761147
2025-07-16,300925684.48597586
2025-07-17,304195745.17057616
2025-07-18,301518216.83724195
2025-07-21,300491930.2515352
2025-07-22,305594861.69884276
2025-07-23,311353631.34969884
2025-07-24,309479108.6188778
2025-07-25,311404868.6337235
2025-07-28,310825411.3685771
2025-07-29,308557787.5761242
2025-07-30,298663703.0644238
2025-07-31,295725331.54610735
2025-08-01,289359975.2884177
2025-08-04,294477662.587363
2025-08-05,294129167.16461855
2025-08-06,296244332.4833409
2025-08-07,296486256.42698663
2025-08-08,295996727.477063
2025-08-11,296794674.4999796
2025-08-12,305113689.2609622
2025-08-13,309487434.8012144
2025-08-14,306836045.2752714
2025-08-15,304950683.15346813
2025-08-18,305873167.1224032
2025-08-19,305111048.7009328
2025-08-20,302690470.19755244
2025-08-21,302244974.9913066
2025-08-22,311150112.2471481
2025-08-25,310188175.43793315
2025-08-26,311207655.07244945
2025-08-27,310718523.2493547
2025-08-28,311350281.62514454
2025-08-29,308982863.374712
2025-09-02,306491256.24369586
2025-09-03,305563534.909698
2025-09-04,309651601.4083071
2025-09-05,310084973.7766784
2025-09-08,313540636.3848062
2025-09-09,311223034.2403503
2025-09-10,309836935.76327145
2025-09-11,313571960.5822743
2025-09-12,310711359.16668355
2025-09-15,312039390.2149609
2025-09-16,310538429.4250685
2025-09-17,310461795.95991385
2025-09-18,314396810.3639366
2025-09-19,312795103.1110308
2025-09-22,313145818.8824117
2025-09-23,313131444.4322465
2025-09-24,310217021.5536793
2025-09-25,308422691.1924079
2025-09-26,309792830.3344484
2025-09-29,310777129.97624207
2025-09-30,310902915.3331472
2025-10-01,311668342.63353854
2025-10-02,313029339.2210732
2025-10-03,312115734.4207822
2025-10-06,313032874.50196314
2025-10-07,310557585.35434633
2025-10-08,313254369.68527967
2025-10-09,311086092.97394717
2025-10-10,303954926.5408192
2025-10-13,307892877.2253616
2025-10-14,309769197.23886675
2025-10-15,311668833.47655153
2025-10-16,309399510.73440164
2025-10-17,309068757.1481213
2025-10-20,312160311.0270402
2025-10-21,313881929.7660334
2025-10-22,310516863.1332216
2025-10-23,312768154.7707648
2025-10-24,313978038.3769135
2025-10-27,315307006.4008455
2025-10-28,315176477.1933437
2025-10-29,312971226.398801
2025-10-30,310407264.96549445
2025-10-31,311246207.9132743
2025-11-03,311834659.84340745
2025-11-04,309125578.1954711
2025-11-05,311541697.2024081
2025-11-06,309335155.2298978
2025-11-07,313552743.5678334
2025-11-10,315804082.1893317
2025-11-11,315591885.8047939
2025-11-12,316943170.76577383
2025-11-13,313640923.70474756
2025-11-14,312049128.18239594
2025-11-17,309034411.9651944
2025-11-18,309839195.0276959
2025-11-19,311518369.9955016
2025-11-20,307189565.8051601
2025-11-21,313838393.08405995
2025-11-24,317794312.81922907
2025-11-25,326024089.8105505
2025-11-26,326840078.7966672
2025-11-28,328227080.24941087
2025-12-01,325604487.5083881
2025-12-02,327213790.5163245
2025-12-03,331956006.1083522
2025-12-04,332857088.44588214
2025-12-05,333706807.1711816
2025-12-08,332051481.43228865
2025-12-09,332927802.33115894
2025-12-10,339415758.7580873
2025-12-11,341005618.4009579
2025-12-12,336370594.5319707
2025-12-15,334204710.08014107
2025-12-16,334861302.8397767
2025-12-17,330916983.0149638
2025-12-18,332807904.4448125
2025-12-19,334831442.5536467
2025-12-22,336341574.45359313
2025-12-23,338070886.91933376
2025-12-24,337404824.02303636
2025-12-26,337685278.27804077
2025-12-29,335867217.8861783
2025-12-30,333543506.72172534
2025-12-31,328769725.58375067
2026-01-02,332423565.1229845
2026-01-05,337785708.2111662
2026-01-06,341660414.7180014
2026-01-07,338158078.40420425
2026-01-08,339278038.8282153
2026-01-09,342752181.2031032
2026-01-12,343043256.14404905
2026-01-13,342250652.8125324
2026-01-14,341074864.6831283
2026-01-15,345481245.54178613
2026-01-16,345326970.73841065
2026-01-20,339517131.71968496
2026-01-21,346332114.00826544
2026-01-22,346953266.14706063
2026-01-23,342918343.5251578
2026-01-26,341975638.240014
2026-01-27,341796861.2099708
2026-01-28,340284828.0343729
2026-01-29,341114619.0524416
2026-01-30,335895791.4898483
2026-02-02,340235974.49887186
2026-02-03,339924360.3022638
2026-02-04,339769515.6379109
2026-02-05,336603002.96555305
2026-02-06,346049392.2328672
2026-02-09,347108090.9977362
2026-02-10,346812161.3467326
2026-02-11,349274520.52995366
2026-02-12,343149680.54354125
2026-02-13,345912857.07633424
2026-02-17,346175689.37218404
2026-02-18,345434573.6457825
2026-02-19,336013154.5379202
2026-02-20,338789362.36879414
2026-02-23,330706012.3760223
2026-02-24,336293377.0583896
2026-02-25,333671691.1537641
2026-02-26,334208320.0604661
2026-02-27,330281654.74477226
2026-03-02,331794292.6065375
2026-03-03,328309893.52876014
2026-03-04,330182468.08107126
2026-03-05,325379777.1817233
2026-03-06,317032679.7610867
